Name,ID,Has Item,Mod,Class,Display Name
minecraft:air,0,false,null,net.minecraft.block.BlockAir,null
minecraft:stone,1,true,minecraft,net.minecraft.block.BlockStone,石头
minecraft:grass,2,true,minecraft,net.minecraft.block.BlockGrass,草方块
minecraft:dirt,3,true,minecraft,net.minecraft.block.BlockDirt,泥土
minecraft:cobblestone,4,true,minecraft,net.minecraft.block.Block,圆石
minecraft:planks,5,true,minecraft,net.minecraft.block.BlockWood,橡木木板
minecraft:sapling,6,true,minecraft,net.minecraft.block.BlockSapling,橡树树苗
minecraft:bedrock,7,true,minecraft,net.minecraft.block.Block,基岩
minecraft:flowing_water,8,true,minecraft,cofh.asmhooks.block.BlockTickingWater,水
minecraft:water,9,true,minecraft,cofh.asmhooks.block.BlockWater,水
minecraft:flowing_lava,10,true,minecraft,net.minecraft.block.BlockDynamicLiquid,岩浆
minecraft:lava,11,true,minecraft,net.minecraft.block.BlockStaticLiquid,岩浆
minecraft:sand,12,true,minecraft,net.minecraft.block.BlockSand,沙子
minecraft:gravel,13,true,minecraft,net.minecraft.block.BlockGravel,沙砾
minecraft:gold_ore,14,true,minecraft,net.minecraft.block.BlockOre,金矿石
minecraft:iron_ore,15,true,minecraft,net.minecraft.block.BlockOre,铁矿石
minecraft:coal_ore,16,true,minecraft,net.minecraft.block.BlockOre,煤矿石
minecraft:log,17,true,minecraft,net.minecraft.block.BlockOldLog,橡木
minecraft:leaves,18,true,minecraft,net.minecraft.block.BlockOldLeaf,橡树树叶
minecraft:sponge,19,true,minecraft,net.minecraft.block.BlockSponge,海绵
minecraft:glass,20,true,minecraft,net.minecraft.block.BlockGlass,玻璃
minecraft:lapis_ore,21,true,minecraft,net.minecraft.block.BlockOre,青金石矿石
minecraft:lapis_block,22,true,minecraft,net.minecraft.block.BlockCompressed,青金石块
minecraft:dispenser,23,true,minecraft,net.minecraft.block.BlockDispenser,发射器
minecraft:sandstone,24,true,minecraft,net.minecraft.block.BlockSandStone,沙石
minecraft:noteblock,25,true,minecraft,net.minecraft.block.BlockNote,音符盒
minecraft:bed,26,false,null,net.minecraft.block.BlockBed,null
minecraft:golden_rail,27,true,minecraft,net.minecraft.block.BlockRailPowered,推进轨道
minecraft:detector_rail,28,true,minecraft,net.minecraft.block.BlockRailDetector,感应轨道
minecraft:sticky_piston,29,true,minecraft,net.minecraft.block.BlockPistonBase,粘性活塞
minecraft:web,30,true,minecraft,net.minecraft.block.BlockWeb,蜘蛛网
minecraft:tallgrass,31,true,minecraft,net.minecraft.block.BlockTallGrass,灌木
minecraft:deadbush,32,true,minecraft,net.minecraft.block.BlockDeadBush,枯死的灌木
minecraft:piston,33,true,minecraft,net.minecraft.block.BlockPistonBase,活塞
minecraft:piston_head,34,false,null,net.minecraft.block.BlockPistonExtension,null
minecraft:wool,35,true,minecraft,net.minecraft.block.BlockColored,羊毛
minecraft:piston_extension,36,false,null,net.minecraft.block.BlockPistonMoving,null
minecraft:yellow_flower,37,true,minecraft,net.minecraft.block.BlockFlower,蒲公英
minecraft:red_flower,38,true,minecraft,net.minecraft.block.BlockFlower,罂粟
minecraft:brown_mushroom,39,true,minecraft,net.minecraft.block.BlockMushroom,蘑菇
minecraft:red_mushroom,40,true,minecraft,net.minecraft.block.BlockMushroom,蘑菇
minecraft:gold_block,41,true,minecraft,net.minecraft.block.BlockCompressed,金块
minecraft:iron_block,42,true,minecraft,net.minecraft.block.BlockCompressed,铁块
minecraft:double_stone_slab,43,true,minecraft,net.minecraft.block.BlockStoneSlab,石台阶
minecraft:stone_slab,44,true,minecraft,net.minecraft.block.BlockStoneSlab,石台阶
minecraft:brick_block,45,true,minecraft,net.minecraft.block.Block,砖块
minecraft:tnt,46,true,minecraft,net.minecraft.block.BlockTNT,TNT
minecraft:bookshelf,47,true,minecraft,net.minecraft.block.BlockBookshelf,书架
minecraft:mossy_cobblestone,48,true,minecraft,mrtjp.projectred.exploration.BlockMossyCobblestone,苔石
minecraft:obsidian,49,true,minecraft,net.minecraft.block.BlockObsidian,黑曜石
minecraft:torch,50,true,minecraft,net.minecraft.block.BlockTorch,火把
minecraft:fire,51,true,minecraft,net.minecraft.block.BlockFire,火
minecraft:mob_spawner,52,true,minecraft,net.minecraft.block.BlockMobSpawner,刷怪箱
minecraft:oak_stairs,53,true,minecraft,net.minecraft.block.BlockStairs,橡木楼梯
minecraft:chest,54,true,minecraft,net.minecraft.block.BlockChest,箱子
minecraft:redstone_wire,55,false,null,net.minecraft.block.BlockRedstoneWire,null
minecraft:diamond_ore,56,true,minecraft,net.minecraft.block.BlockOre,钻石矿石
minecraft:diamond_block,57,true,minecraft,net.minecraft.block.BlockCompressed,钻石块
minecraft:crafting_table,58,true,minecraft,net.minecraft.block.BlockWorkbench,工作台
minecraft:wheat,59,false,null,net.minecraft.block.BlockCrops,null
minecraft:farmland,60,true,minecraft,net.minecraft.block.BlockFarmland,耕地
minecraft:furnace,61,true,minecraft,net.minecraft.block.BlockFurnace,熔炉
minecraft:lit_furnace,62,true,minecraft,net.minecraft.block.BlockFurnace,熔炉
minecraft:standing_sign,63,false,null,net.minecraft.block.BlockSign,null
minecraft:wooden_door,64,false,null,net.minecraft.block.BlockDoor,null
minecraft:ladder,65,true,minecraft,net.minecraft.block.BlockLadder,梯子
minecraft:rail,66,true,minecraft,net.minecraft.block.BlockRail,轨道
minecraft:stone_stairs,67,true,minecraft,net.minecraft.block.BlockStairs,石楼梯
minecraft:wall_sign,68,false,null,net.minecraft.block.BlockSign,null
minecraft:lever,69,true,minecraft,net.minecraft.block.BlockLever,拉杆
minecraft:stone_pressure_plate,70,true,minecraft,net.minecraft.block.BlockPressurePlate,压力板
minecraft:iron_door,71,false,null,net.minecraft.block.BlockDoor,null
minecraft:wooden_pressure_plate,72,true,minecraft,net.minecraft.block.BlockPressurePlate,压力板
minecraft:redstone_ore,73,true,minecraft,net.minecraft.block.BlockRedstoneOre,红石矿石
minecraft:lit_redstone_ore,74,false,null,net.minecraft.block.BlockRedstoneOre,null
minecraft:unlit_redstone_torch,75,false,null,net.minecraft.block.BlockRedstoneTorch,null
minecraft:redstone_torch,76,true,minecraft,net.minecraft.block.BlockRedstoneTorch,红石火把
minecraft:stone_button,77,true,minecraft,net.minecraft.block.BlockButtonStone,按钮
minecraft:snow_layer,78,true,minecraft,net.minecraft.block.BlockSnow,雪
minecraft:ice,79,true,minecraft,net.minecraft.block.BlockIce,冰
minecraft:snow,80,true,minecraft,net.minecraft.block.BlockSnowBlock,雪
minecraft:cactus,81,true,minecraft,net.minecraft.block.BlockCactus,仙人掌
minecraft:clay,82,true,minecraft,net.minecraft.block.BlockClay,粘土块
minecraft:reeds,83,false,null,net.minecraft.block.BlockReed,null
minecraft:jukebox,84,true,minecraft,net.minecraft.block.BlockJukebox,唱片机
minecraft:fence,85,true,minecraft,net.minecraft.block.BlockFence,栅栏
minecraft:pumpkin,86,true,minecraft,net.minecraft.block.BlockPumpkin,南瓜
minecraft:netherrack,87,true,minecraft,net.minecraft.block.BlockNetherrack,地狱岩
minecraft:soul_sand,88,true,minecraft,net.minecraft.block.BlockSoulSand,灵魂沙
minecraft:glowstone,89,true,minecraft,net.minecraft.block.BlockGlowstone,萤石
minecraft:portal,90,true,minecraft,net.minecraft.block.BlockPortal,传送门
minecraft:lit_pumpkin,91,true,minecraft,net.minecraft.block.BlockPumpkin,南瓜灯
minecraft:cake,92,false,null,net.minecraft.block.BlockCake,null
minecraft:unpowered_repeater,93,false,null,net.minecraft.block.BlockRedstoneRepeater,null
minecraft:powered_repeater,94,false,null,net.minecraft.block.BlockRedstoneRepeater,null
minecraft:stained_glass,95,true,minecraft,net.minecraft.block.BlockStainedGlass,白色染色玻璃
minecraft:trapdoor,96,true,minecraft,net.minecraft.block.BlockTrapDoor,活板门
minecraft:monster_egg,97,true,minecraft,net.minecraft.block.BlockSilverfish,石头怪物蛋
minecraft:stonebrick,98,true,minecraft,net.minecraft.block.BlockStoneBrick,石砖
minecraft:brown_mushroom_block,99,true,minecraft,net.minecraft.block.BlockHugeMushroom,蘑菇
minecraft:red_mushroom_block,100,true,minecraft,net.minecraft.block.BlockHugeMushroom,蘑菇
minecraft:iron_bars,101,true,minecraft,net.minecraft.block.BlockPane,铁栏杆
minecraft:glass_pane,102,true,minecraft,net.minecraft.block.BlockPane,玻璃板
minecraft:melon_block,103,true,minecraft,net.minecraft.block.BlockMelon,西瓜
minecraft:pumpkin_stem,104,false,null,net.minecraft.block.BlockStem,null
minecraft:melon_stem,105,false,null,net.minecraft.block.BlockStem,null
minecraft:vine,106,true,minecraft,net.minecraft.block.BlockVine,藤蔓
minecraft:fence_gate,107,true,minecraft,net.minecraft.block.BlockFenceGate,橡木栅栏门
minecraft:brick_stairs,108,true,minecraft,net.minecraft.block.BlockStairs,砖楼梯
minecraft:stone_brick_stairs,109,true,minecraft,net.minecraft.block.BlockStairs,石砖楼梯
minecraft:mycelium,110,true,minecraft,net.minecraft.block.BlockMycelium,菌丝
minecraft:waterlily,111,true,minecraft,net.minecraft.block.BlockLilyPad,睡莲
minecraft:nether_brick,112,true,minecraft,net.minecraft.block.Block,地狱砖块
minecraft:nether_brick_fence,113,true,minecraft,net.minecraft.block.BlockFence,地狱砖栅栏
minecraft:nether_brick_stairs,114,true,minecraft,net.minecraft.block.BlockStairs,地狱砖楼梯
minecraft:nether_wart,115,false,null,net.minecraft.block.BlockNetherWart,null
minecraft:enchanting_table,116,true,minecraft,net.minecraft.block.BlockEnchantmentTable,附魔台
minecraft:brewing_stand,117,false,null,net.minecraft.block.BlockBrewingStand,null
minecraft:cauldron,118,false,null,net.minecraft.block.BlockCauldron,null
minecraft:end_portal,119,true,minecraft,net.minecraft.block.BlockEndPortal,"未命名方块,请报告给作者."
minecraft:end_portal_frame,120,true,minecraft,net.minecraft.block.BlockEndPortalFrame,末地传送门
minecraft:end_stone,121,true,minecraft,net.minecraft.block.Block,末地石
minecraft:dragon_egg,122,true,minecraft,net.minecraft.block.BlockDragonEgg,龙蛋
minecraft:redstone_lamp,123,true,minecraft,net.minecraft.block.BlockRedstoneLight,红石灯
minecraft:lit_redstone_lamp,124,false,null,net.minecraft.block.BlockRedstoneLight,null
minecraft:double_wooden_slab,125,true,minecraft,net.minecraft.block.BlockWoodSlab,橡木台阶
minecraft:wooden_slab,126,true,minecraft,net.minecraft.block.BlockWoodSlab,橡木台阶
minecraft:cocoa,127,true,minecraft,net.minecraft.block.BlockCocoa,可可果
minecraft:sandstone_stairs,128,true,minecraft,net.minecraft.block.BlockStairs,沙石楼梯
minecraft:emerald_ore,129,true,minecraft,net.minecraft.block.BlockOre,绿宝石矿石
minecraft:ender_chest,130,true,minecraft,net.minecraft.block.BlockEnderChest,私人末影箱子
minecraft:tripwire_hook,131,true,minecraft,net.minecraft.block.BlockTripWireHook,绊线钩
minecraft:tripwire,132,false,null,net.minecraft.block.BlockTripWire,null
minecraft:emerald_block,133,true,minecraft,net.minecraft.block.BlockCompressed,绿宝石块
minecraft:spruce_stairs,134,true,minecraft,net.minecraft.block.BlockStairs,云杉木楼梯
minecraft:birch_stairs,135,true,minecraft,net.minecraft.block.BlockStairs,桦木楼梯
minecraft:jungle_stairs,136,true,minecraft,net.minecraft.block.BlockStairs,丛林木楼梯
minecraft:command_block,137,true,minecraft,net.minecraft.block.BlockCommandBlock,命令方块
minecraft:beacon,138,true,minecraft,net.minecraft.block.BlockBeacon,信标
minecraft:cobblestone_wall,139,true,minecraft,net.minecraft.block.BlockWall,圆石墙
minecraft:flower_pot,140,false,null,net.minecraft.block.BlockFlowerPot,null
minecraft:carrots,141,true,minecraft,net.minecraft.block.BlockCarrot,胡萝卜
minecraft:potatoes,142,true,minecraft,net.minecraft.block.BlockPotato,马铃薯
minecraft:wooden_button,143,true,minecraft,net.minecraft.block.BlockButtonWood,按钮
minecraft:skull,144,false,null,net.minecraft.block.BlockSkull,null
minecraft:anvil,145,true,minecraft,net.minecraft.block.BlockAnvil,铁砧
minecraft:trapped_chest,146,true,minecraft,net.minecraft.block.BlockChest,陷阱箱
minecraft:light_weighted_pressure_plate,147,true,minecraft,net.minecraft.block.BlockPressurePlateWeighted,测重压力板 (轻质)
minecraft:heavy_weighted_pressure_plate,148,true,minecraft,net.minecraft.block.BlockPressurePlateWeighted,测重压力板 (重质)
minecraft:unpowered_comparator,149,false,null,net.minecraft.block.BlockRedstoneComparator,null
minecraft:powered_comparator,150,false,null,net.minecraft.block.BlockRedstoneComparator,null
minecraft:daylight_detector,151,true,minecraft,net.minecraft.block.BlockDaylightDetector,阳光传感器
minecraft:redstone_block,152,true,minecraft,net.minecraft.block.BlockCompressedPowered,红石块
minecraft:quartz_ore,153,true,minecraft,net.minecraft.block.BlockOre,下界石英矿石
minecraft:hopper,154,true,minecraft,net.minecraft.block.BlockHopper,漏斗
minecraft:quartz_block,155,true,minecraft,net.minecraft.block.BlockQuartz,石英块
minecraft:quartz_stairs,156,true,minecraft,net.minecraft.block.BlockStairs,石英楼梯
minecraft:activator_rail,157,true,minecraft,net.minecraft.block.BlockRailPowered,激活轨道
minecraft:dropper,158,true,minecraft,net.minecraft.block.BlockDropper,投掷器
minecraft:stained_hardened_clay,159,true,minecraft,net.minecraft.block.BlockColored,白色染色粘土
minecraft:stained_glass_pane,160,true,minecraft,net.minecraft.block.BlockStainedGlassPane,白色染色玻璃板
minecraft:leaves2,161,true,minecraft,net.minecraft.block.BlockNewLeaf,金合欢树叶
minecraft:log2,162,true,minecraft,net.minecraft.block.BlockNewLog,金合欢木
minecraft:acacia_stairs,163,true,minecraft,net.minecraft.block.BlockStairs,金合欢木楼梯
minecraft:dark_oak_stairs,164,true,minecraft,net.minecraft.block.BlockStairs,深色橡木楼梯
appliedenergistics2:tile.OreQuartz,165,true,appliedenergistics2,appeng.block.solids.OreQuartz,赛特斯石英矿石
appliedenergistics2:tile.OreQuartzCharged,166,true,appliedenergistics2,appeng.block.solids.OreQuartzCharged,充能赛特斯石英矿石
appliedenergistics2:tile.BlockMatrixFrame,167,true,appliedenergistics2,appeng.block.spatial.BlockMatrixFrame,矩阵框架
appliedenergistics2:tile.BlockQuartz,168,true,appliedenergistics2,appeng.block.solids.BlockQuartz,赛特斯石英块
appliedenergistics2:tile.BlockQuartzPillar,169,true,appliedenergistics2,appeng.block.solids.BlockQuartzPillar,赛特斯竖纹石英块
minecraft:hay_block,170,true,minecraft,net.minecraft.block.BlockHay,干草块
minecraft:carpet,171,true,minecraft,net.minecraft.block.BlockCarpet,地毯
minecraft:hardened_clay,172,true,minecraft,net.minecraft.block.BlockHardenedClay,硬化粘土
minecraft:coal_block,173,true,minecraft,net.minecraft.block.Block,煤炭块
minecraft:packed_ice,174,true,minecraft,net.minecraft.block.BlockPackedIce,浮冰
minecraft:double_plant,175,true,minecraft,net.minecraft.block.BlockDoublePlant,向日葵
appliedenergistics2:tile.BlockQuartzChiseled,176,true,appliedenergistics2,appeng.block.solids.BlockQuartzChiseled,錾制赛特斯石英块
appliedenergistics2:tile.BlockQuartzGlass,177,true,appliedenergistics2,appeng.block.solids.BlockQuartzGlass,石英玻璃
appliedenergistics2:tile.BlockQuartzLamp,178,true,appliedenergistics2,appeng.block.solids.BlockQuartzLamp,聚能石英玻璃
appliedenergistics2:tile.BlockQuartzTorch,179,true,appliedenergistics2,appeng.block.misc.BlockQuartzTorch,充能石英火把
appliedenergistics2:tile.BlockFluix,180,true,appliedenergistics2,appeng.block.solids.BlockFluix,福鲁伊克斯块
appliedenergistics2:tile.BlockSkyStone,181,true,appliedenergistics2,appeng.block.solids.BlockSkyStone,陨石
appliedenergistics2:tile.BlockSkyChest,182,true,appliedenergistics2,appeng.block.storage.BlockSkyChest,陨石箱子
appliedenergistics2:tile.BlockSkyCompass,183,true,appliedenergistics2,appeng.block.misc.BlockSkyCompass,陨石罗盘
appliedenergistics2:tile.BlockGrinder,184,true,appliedenergistics2,appeng.block.grindstone.BlockGrinder,石英磨具
appliedenergistics2:tile.BlockCrank,185,true,appliedenergistics2,appeng.block.grindstone.BlockCrank,木质曲柄
appliedenergistics2:tile.BlockInscriber,186,true,appliedenergistics2,appeng.block.misc.BlockInscriber,压印器
appliedenergistics2:tile.BlockAdvancedInscriber,187,true,appliedenergistics2,appeng.block.misc.BlockAdvancedInscriber,高级压印器
appliedenergistics2:tile.BlockWireless,188,true,appliedenergistics2,appeng.block.networking.BlockWireless,ME无线访问点
appliedenergistics2:tile.BlockCharger,189,true,appliedenergistics2,appeng.block.misc.BlockCharger,充能器
appliedenergistics2:tile.BlockTinyTNT,190,true,appliedenergistics2,appeng.block.misc.BlockTinyTNT,迷你TNT
appliedenergistics2:tile.BlockSecurity,191,true,appliedenergistics2,appeng.block.misc.BlockSecurity,ME安全终端
appliedenergistics2:tile.BlockStorageReshuffle,192,true,appliedenergistics2,appeng.block.misc.BlockStorageReshuffle,ME存储整理器
appliedenergistics2:tile.BlockQuantumRing,193,true,appliedenergistics2,appeng.block.qnb.BlockQuantumRing,ME量子环
appliedenergistics2:tile.BlockQuantumLinkChamber,194,true,appliedenergistics2,appeng.block.qnb.BlockQuantumLinkChamber,ME量子链接仓
appliedenergistics2:tile.BlockSpatialPylon,195,true,appliedenergistics2,appeng.block.spatial.BlockSpatialPylon,空间塔
appliedenergistics2:tile.BlockSpatialIOPort,196,true,appliedenergistics2,appeng.block.spatial.BlockSpatialIOPort,空间IO端口
appliedenergistics2:tile.BlockSpatialLinkChamber,197,true,appliedenergistics2,appeng.block.spatial.BlockSpatialLinkChamber,空间链接仓
appliedenergistics2:tile.BlockSpatialNetworkRelay,198,true,appliedenergistics2,appeng.block.spatial.BlockSpatialNetworkRelay,空间网络中继器
appliedenergistics2:tile.BlockCableBus,199,true,appliedenergistics2,appeng.block.networking.BlockCableBus,AE线缆/总线
appliedenergistics2:tile.BlockController,200,true,appliedenergistics2,appeng.block.networking.BlockController,ME控制器
appliedenergistics2:tile.BlockCreativeEnergyController,201,true,appliedenergistics2,appeng.block.networking.BlockCreativeEnergyController,ME自供能控制器
appliedenergistics2:tile.BlockDrive,202,true,appliedenergistics2,appeng.block.storage.BlockDrive,ME驱动器
appliedenergistics2:tile.BlockChest,203,true,appliedenergistics2,appeng.block.storage.BlockChest,ME箱子
appliedenergistics2:tile.BlockInterface,204,true,appliedenergistics2,appeng.block.misc.BlockInterface,ME接口
appliedenergistics2:tile.BlockCellWorkbench,205,true,appliedenergistics2,appeng.block.misc.BlockCellWorkbench,元件工作台
appliedenergistics2:tile.BlockIOPort,206,true,appliedenergistics2,appeng.block.storage.BlockIOPort,ME-IO端口
appliedenergistics2:tile.BlockCondenser,207,true,appliedenergistics2,appeng.block.misc.BlockCondenser,物质聚合器
appliedenergistics2:tile.BlockEnergyAcceptor,208,true,appliedenergistics2,appeng.block.networking.BlockEnergyAcceptor,能源接收器
appliedenergistics2:tile.BlockVibrationChamber,209,true,appliedenergistics2,appeng.block.misc.BlockVibrationChamber,谐振仓
appliedenergistics2:tile.BlockQuartzGrowthAccelerator,210,true,appliedenergistics2,appeng.block.misc.BlockQuartzGrowthAccelerator,晶体催生器
appliedenergistics2:tile.BlockEnergyCell,211,true,appliedenergistics2,appeng.block.networking.BlockEnergyCell,能源元件
appliedenergistics2:tile.BlockDenseEnergyCell,212,true,appliedenergistics2,appeng.block.networking.BlockDenseEnergyCell,致密能源元件
appliedenergistics2:tile.BlockCreativeEnergyCell,213,true,appliedenergistics2,appeng.block.networking.BlockCreativeEnergyCell,创造能源元件
appliedenergistics2:tile.BlockCraftingUnit,214,true,appliedenergistics2,appeng.block.crafting.BlockCraftingUnit,合成单元
appliedenergistics2:tile.BlockAdvancedCraftingUnit,215,true,appliedenergistics2,appeng.block.crafting.BlockAdvancedCraftingUnit,64核并行处理单元
appliedenergistics2:tile.BlockCraftingStorage,216,true,appliedenergistics2,appeng.block.crafting.BlockCraftingStorage,1k合成存储器
appliedenergistics2:tile.BlockAdvancedCraftingStorage,217,true,appliedenergistics2,appeng.block.crafting.BlockAdvancedCraftingStorage,256k合成存储器
appliedenergistics2:tile.BlockSingularityCraftingStorage,218,true,appliedenergistics2,appeng.block.crafting.BlockSingularityCraftingStorage,奇点合成存储器
appliedenergistics2:tile.BlockCraftingMonitor,219,true,appliedenergistics2,appeng.block.crafting.BlockCraftingMonitor,合成监控器
appliedenergistics2:tile.BlockMolecularAssembler,220,true,appliedenergistics2,appeng.block.crafting.BlockMolecularAssembler,分子装配室
appliedenergistics2:tile.BlockLightDetector,221,true,appliedenergistics2,appeng.block.misc.BlockLightDetector,光亮探测器
appliedenergistics2:tile.BlockPaint,222,true,appliedenergistics2,appeng.block.misc.BlockPaint,染色
appliedenergistics2:tile.BlockPatternOptimizationMatrix,223,true,appliedenergistics2,appeng.block.misc.BlockPatternOptimizationMatrix,样板优化矩阵
appliedenergistics2:tile.SkyStoneStairBlock,224,true,appliedenergistics2,appeng.block.stair.SkyStoneStairBlock,陨石楼梯
appliedenergistics2:tile.SkyStoneBlockStairBlock,225,true,appliedenergistics2,appeng.block.stair.SkyStoneBlockStairBlock,陨石块楼梯
appliedenergistics2:tile.SkyStoneBrickStairBlock,226,true,appliedenergistics2,appeng.block.stair.SkyStoneBrickStairBlock,陨石石砖楼梯
appliedenergistics2:tile.SkyStoneSmallBrickStairBlock,227,true,appliedenergistics2,appeng.block.stair.SkyStoneSmallBrickStairBlock,陨石砖块楼梯
appliedenergistics2:tile.FluixStairBlock,228,true,appliedenergistics2,appeng.block.stair.FluixStairBlock,福鲁伊克斯楼梯
appliedenergistics2:tile.QuartzStairBlock,229,true,appliedenergistics2,appeng.block.stair.QuartzStairBlock,赛特斯石英楼梯
appliedenergistics2:tile.ChiseledQuartzStairBlock,230,true,appliedenergistics2,appeng.block.stair.ChiseledQuartzStairBlock,錾制赛特斯石英楼梯
appliedenergistics2:tile.QuartzPillarStairBlock,231,true,appliedenergistics2,appeng.block.stair.QuartzPillarStairBlock,竖纹赛特斯石英楼梯
appliedenergistics2:tile.SkyStoneSlabBlock,232,true,appliedenergistics2,appeng.block.AEBaseSlabBlock,陨石台阶
appliedenergistics2:tile.SkyStoneSlabBlock.double,233,true,appliedenergistics2,appeng.block.AEBaseSlabBlock,陨石台阶
appliedenergistics2:tile.SkyStoneBlockSlabBlock,234,true,appliedenergistics2,appeng.block.AEBaseSlabBlock,陨石块台阶
appliedenergistics2:tile.SkyStoneBlockSlabBlock.double,235,true,appliedenergistics2,appeng.block.AEBaseSlabBlock,陨石块台阶
appliedenergistics2:tile.SkyStoneBrickSlabBlock,236,true,appliedenergistics2,appeng.block.AEBaseSlabBlock,陨石石砖台阶
appliedenergistics2:tile.SkyStoneBrickSlabBlock.double,237,true,appliedenergistics2,appeng.block.AEBaseSlabBlock,陨石石砖台阶
appliedenergistics2:tile.SkyStoneSmallBrickSlabBlock,238,true,appliedenergistics2,appeng.block.AEBaseSlabBlock,陨石砖块台阶
appliedenergistics2:tile.SkyStoneSmallBrickSlabBlock.double,239,true,appliedenergistics2,appeng.block.AEBaseSlabBlock,陨石砖块台阶
appliedenergistics2:tile.FluixSlabBlock,240,true,appliedenergistics2,appeng.block.AEBaseSlabBlock,福鲁伊克斯台阶
appliedenergistics2:tile.FluixSlabBlock.double,241,true,appliedenergistics2,appeng.block.AEBaseSlabBlock,福鲁伊克斯台阶
appliedenergistics2:tile.QuartzSlabBlock,242,true,appliedenergistics2,appeng.block.AEBaseSlabBlock,赛特斯石英台阶
appliedenergistics2:tile.QuartzSlabBlock.double,243,true,appliedenergistics2,appeng.block.AEBaseSlabBlock,赛特斯石英台阶
appliedenergistics2:tile.ChiseledQuartzSlabBlock,244,true,appliedenergistics2,appeng.block.AEBaseSlabBlock,錾制赛特斯石英台阶
appliedenergistics2:tile.ChiseledQuartzSlabBlock.double,245,true,appliedenergistics2,appeng.block.AEBaseSlabBlock,錾制赛特斯石英台阶
appliedenergistics2:tile.QuartzPillarSlabBlock,246,true,appliedenergistics2,appeng.block.AEBaseSlabBlock,竖纹赛特斯石英台阶
appliedenergistics2:tile.QuartzPillarSlabBlock.double,247,true,appliedenergistics2,appeng.block.AEBaseSlabBlock,竖纹赛特斯石英台阶
appliedenergistics2:tile.BlockSuperMEReplenisher,248,true,appliedenergistics2,appeng.block.misc.BlockSuperMEReplenisher,超级ME补充器
appliedenergistics2:tile.BlockWirelessConnector,249,true,appliedenergistics2,appeng.block.networking.BlockWirelessConnector,无线接入器
appliedenergistics2:tile.BlockWirelessHub,250,true,appliedenergistics2,appeng.block.networking.BlockWirelessHub,无线集线器
appliedenergistics2:tile.BlockCrystalGrowthChamber,251,true,appliedenergistics2,appeng.block.misc.BlockCrystalGrowthChamber,晶体催生仓
ae2fc:certus_quartz_tank,252,true,ae2fc,com.glodblock.github.common.block.BlockCertusQuartzTank,赛特斯石英水槽
ae2fc:fluid_auto_filler,253,true,ae2fc,com.glodblock.github.common.block.BlockFluidAutoFiller,ME流体自动装填器
ae2fc:level_maintainer,254,true,ae2fc,com.glodblock.github.common.block.BlockLevelMaintainer,ME请求器
ae2fc:fluid_pattern_encoder,255,true,ae2fc,com.glodblock.github.common.block.BlockFluidPatternEncoder,流体样板编码台
ae2fc:fluid_packet_decoder,409,true,ae2fc,com.glodblock.github.common.block.BlockFluidPacketDecoder,ME流体封包解码器
ae2fc:fluid_interface,410,true,ae2fc,com.glodblock.github.common.block.BlockFluidInterface,ME二合一接口
ae2fc:ingredient_buffer,411,true,ae2fc,com.glodblock.github.common.block.BlockIngredientBuffer,原材料缓存仓
ae2fc:fluid_buffer,412,true,ae2fc,com.glodblock.github.common.block.BlockFluidBuffer,ME流体缓存器
ae2fc:large_ingredient_buffer,413,true,ae2fc,com.glodblock.github.common.block.BlockLargeIngredientBuffer,大型原材料缓存仓
ae2fc:walrus,414,true,ae2fc,com.glodblock.github.common.block.BlockWalrus,海象
ae2fc:super_stock_replenisher,415,true,ae2fc,com.glodblock.github.common.block.BlockSuperStockReplenisher,超级库存补充器
ae2stuff:Encoder,416,true,ae2stuff,net.bdew.ae2stuff.machines.encoder.BlockEncoder$,样板编码台
ae2stuff:Grower,423,true,ae2stuff,net.bdew.ae2stuff.machines.grower.BlockGrower$,晶体催生仓
ae2stuff:Inscriber,424,true,ae2stuff,net.bdew.ae2stuff.machines.inscriber.BlockInscriber$,高级压印器
ae2stuff:Wireless,425,true,ae2stuff,net.bdew.ae2stuff.machines.wireless.BlockWireless$,无线接入器
Botania:flower,426,true,Botania,vazkii.botania.common.block.BlockModFlower,白色神秘花
Botania:altar,427,true,Botania,vazkii.botania.common.block.BlockAltar,花药台
Botania:livingrock,428,true,Botania,vazkii.botania.common.block.BlockLivingrock,活石
Botania:livingwood,429,true,Botania,vazkii.botania.common.block.BlockLivingwood,活木
Botania:specialFlower,430,true,Botania,vazkii.botania.common.block.BlockSpecialFlower,植物魔法花
Botania:spreader,431,true,Botania,vazkii.botania.common.block.mana.BlockSpreader,魔力发射器
Botania:pool,432,true,Botania,vazkii.botania.common.block.mana.BlockPool,魔力池
Botania:runeAltar,433,true,Botania,vazkii.botania.common.block.mana.BlockRuneAltar,符文祭坛
Botania:unstableBlock,434,true,Botania,vazkii.botania.common.block.decor.BlockUnstable,白色不稳定立方
Botania:pylon,435,true,Botania,vazkii.botania.common.block.BlockPylon,魔法水晶
Botania:pistonRelay,436,true,Botania,vazkii.botania.common.block.BlockPistonRelay,力量传递器
Botania:distributor,437,true,Botania,vazkii.botania.common.block.mana.BlockDistributor,魔力分配器
Botania:manaBeacon,438,true,Botania,vazkii.botania.common.block.decor.BlockManaBeacon,白色不稳定信标
Botania:manaVoid,439,true,Botania,vazkii.botania.common.block.mana.BlockManaVoid,魔力销毁器
Botania:manaDetector,440,true,Botania,vazkii.botania.common.block.mana.BlockManaDetector,魔力检测器
Botania:enchanter,441,true,Botania,vazkii.botania.common.block.mana.BlockEnchanter,魔力附魔台
Botania:turntable,442,true,Botania,vazkii.botania.common.block.mana.BlockTurntable,发射器旋转台
Botania:tinyPlanetBlock,443,true,Botania,vazkii.botania.common.block.BlockTinyPlanet,魔力环绕器
Botania:alchemyCatalyst,444,true,Botania,vazkii.botania.common.block.mana.BlockAlchemyCatalyst,炼金催化器
Botania:openCrate,445,true,Botania,vazkii.botania.common.block.BlockOpenCrate,花格箱
Botania:forestEye,446,true,Botania,vazkii.botania.common.block.BlockForestEye,远古之眼
Botania:storage,447,true,Botania,vazkii.botania.common.block.BlockStorage,魔力钢块
Botania:forestDrum,448,true,Botania,vazkii.botania.common.block.mana.BlockForestDrum,狂野之鼓
Botania:shinyFlower,449,true,Botania,vazkii.botania.common.block.decor.BlockShinyFlower,白色荧光花
Botania:platform,450,true,Botania,vazkii.botania.common.block.BlockPlatform,奥秘平台
Botania:alfheimPortal,451,true,Botania,vazkii.botania.common.block.BlockAlfPortal,精灵门核心
Botania:dreamwood,452,true,Botania,vazkii.botania.common.block.BlockDreamwood,梦之木
Botania:conjurationCatalyst,453,true,Botania,vazkii.botania.common.block.mana.BlockConjurationCatalyst,炼造催化器
Botania:bifrost,454,true,Botania,vazkii.botania.common.block.BlockBifrost,临时彩虹桥方块
Botania:solidVine,455,true,Botania,vazkii.botania.common.block.BlockSolidVines,tile.botania:solidVine.name
Botania:buriedPetals,456,true,Botania,vazkii.botania.common.block.decor.BlockBuriedPetals,埋藏白色花瓣
Botania:prismarine,457,true,Botania,vazkii.botania.common.block.decor.BlockPrismarine,海晶石
Botania:seaLamp,458,true,Botania,vazkii.botania.common.block.decor.BlockSeaLamp,海晶灯
Botania:miniIsland,459,true,Botania,vazkii.botania.common.block.decor.BlockFloatingFlower,白色浮空花
Botania:tinyPotato,460,true,Botania,vazkii.botania.common.block.decor.BlockTinyPotato,小土豆
Botania:spawnerClaw,461,true,Botania,vazkii.botania.common.block.mana.BlockSpawnerClaw,生命灌注器
Botania:reedBlock,462,true,Botania,vazkii.botania.common.block.decor.BlockReeds,甘蔗块
Botania:thatch,463,true,Botania,vazkii.botania.common.block.decor.BlockThatch,茅草块
Botania:customBrick,464,true,Botania,vazkii.botania.common.block.decor.BlockCustomBrick,炼狱砖块
Botania:enderEyeBlock,465,true,Botania,vazkii.botania.common.block.BlockEnderEye,末影监视者
Botania:starfield,466,true,Botania,vazkii.botania.common.block.decor.BlockStarfield,星空制造器
Botania:rfGenerator,467,true,Botania,vazkii.botania.common.block.mana.BlockRFGenerator,魔力转换器
Botania:elfGlass,468,true,Botania,vazkii.botania.common.block.decor.BlockElfGlass,精灵玻璃
Botania:brewery,469,true,Botania,vazkii.botania.common.block.mana.BlockBrewery,植物酿造台
Botania:manaGlass,470,true,Botania,vazkii.botania.common.block.decor.BlockManaGlass,魔力玻璃
Botania:terraPlate,471,true,Botania,vazkii.botania.common.block.mana.BlockTerraPlate,泰拉凝聚板
Botania:redStringContainer,472,true,Botania,vazkii.botania.common.block.string.BlockRedStringContainer,红线容器
Botania:redStringDispenser,473,true,Botania,vazkii.botania.common.block.string.BlockRedStringDispenser,红线发射器
Botania:redStringFertilizer,474,true,Botania,vazkii.botania.common.block.string.BlockRedStringFertilizer,红线施肥器
Botania:redStringComparator,475,true,Botania,vazkii.botania.common.block.string.BlockRedStringComparator,红线比较器
Botania:redStringRelay,476,true,Botania,vazkii.botania.common.block.string.BlockRedStringRelay,红线继电器
Botania:floatingSpecialFlower,477,true,Botania,vazkii.botania.common.block.BlockFloatingSpecialFlower,浮空植物魔法花
Botania:manaFlame,478,true,Botania,vazkii.botania.common.block.decor.BlockManaFlame,魔力闪光
Botania:prism,479,true,Botania,vazkii.botania.common.block.mana.BlockPrism,魔力棱镜
Botania:dirtPath,480,true,Botania,vazkii.botania.common.block.decor.BlockDirtPath,沙土
Botania:enchantedSoil,481,true,Botania,vazkii.botania.common.block.BlockEnchantedSoil,蕴魔土
Botania:petalBlock,482,true,Botania,vazkii.botania.common.block.decor.BlockPetalBlock,白色花瓣块
Botania:corporeaIndex,483,true,Botania,vazkii.botania.common.block.corporea.BlockCorporeaIndex,多媒体索引
Botania:corporeaFunnel,484,true,Botania,vazkii.botania.common.block.corporea.BlockCorporeaFunnel,多媒体漏斗
Botania:endStoneBrick,485,true,Botania,vazkii.botania.common.block.decor.BlockEndStoneBrick,末地石砖
Botania:mushroom,486,true,Botania,vazkii.botania.common.block.decor.BlockModMushroom,白色微光蘑菇
Botania:pump,487,true,Botania,vazkii.botania.common.block.mana.BlockPump,魔力泵
Botania:doubleFlower1,488,true,Botania,vazkii.botania.common.block.BlockModDoubleFlower,白色高神秘花
Botania:doubleFlower2,489,true,Botania,vazkii.botania.common.block.BlockModDoubleFlower,淡灰色高神秘花
Botania:fakeAir,490,true,Botania,vazkii.botania.common.block.BlockFakeAir,tile.botania:fakeAir.name
Botania:blazeBlock,491,true,Botania,vazkii.botania.common.block.decor.BlockBlaze,烈焰灯
Botania:corporeaInterceptor,492,true,Botania,vazkii.botania.common.block.corporea.BlockCorporeaInterceptor,多媒体拦截器
Botania:corporeaCrystalCube,493,true,Botania,vazkii.botania.common.block.corporea.BlockCorporeaCrystalCube,多媒体水晶魔方
Botania:incensePlate,494,true,Botania,vazkii.botania.common.block.BlockIncensePlate,香盘
Botania:hourglass,495,true,Botania,vazkii.botania.common.block.BlockHourglass,悬浮沙漏
Botania:ghostRail,496,true,Botania,vazkii.botania.common.block.BlockGhostRail,幻影轨道
Botania:sparkChanger,497,true,Botania,vazkii.botania.common.block.BlockSparkChanger,火花工匠台
Botania:root,498,true,Botania,vazkii.botania.common.block.BlockRoot,活根
Botania:felPumpkin,499,true,Botania,vazkii.botania.common.block.BlockFelPumpkin,恶魔头南瓜
Botania:cocoon,500,true,Botania,vazkii.botania.common.block.BlockCocoon,随想之茧
Botania:lightRelay,501,true,Botania,vazkii.botania.common.block.BlockLightRelay,微光
Botania:lightLauncher,502,true,Botania,vazkii.botania.common.block.BlockLightLauncher,微光发射器
Botania:manaBomb,503,true,Botania,vazkii.botania.common.block.BlockManaBomb,魔力风暴
Botania:cacophoniumBlock,504,true,Botania,vazkii.botania.common.block.BlockCacophonium,不和谐之音方块
Botania:bellows,505,true,Botania,vazkii.botania.common.block.mana.BlockBellows,魔源风箱
Botania:bifrostPerm,506,true,Botania,vazkii.botania.common.block.BlockBifrostPerm,彩虹桥方块
Botania:cellBlock,507,true,Botania,vazkii.botania.common.block.BlockCell,细胞方块
Botania:redStringInterceptor,508,true,Botania,vazkii.botania.common.block.string.BlockRedStringInterceptor,红线拦截器
Botania:gaiaHeadBlock,509,true,Botania,vazkii.botania.common.block.BlockGaiaHead,盖亚守护者的头
Botania:corporeaRetainer,510,true,Botania,vazkii.botania.common.block.corporea.BlockCorporeaRetainer,多媒体固定器
Botania:teruTeruBozu,511,true,Botania,vazkii.botania.common.block.BlockTeruTeruBozu,晴天娃娃
Botania:shimmerrock,512,true,Botania,vazkii.botania.common.block.decor.BlockShimmerrock,微光石
Botania:shimmerwoodPlanks,513,true,Botania,vazkii.botania.common.block.decor.BlockShimmerwoodPlanks,微光木板
Botania:avatar,514,true,Botania,vazkii.botania.common.block.BlockAvatar,活木枝化身
Botania:altGrass,515,true,Botania,vazkii.botania.common.block.BlockAltGrass,干草地
Botania:livingwood0Stairs,516,true,Botania,vazkii.botania.common.block.decor.stairs.living.BlockLivingwoodStairs,活木楼梯
Botania:livingwood0Wall,517,true,Botania,vazkii.botania.common.block.decor.walls.living.BlockLivingwoodWall,活木墙
Botania:livingwood1Stairs,518,true,Botania,vazkii.botania.common.block.decor.stairs.living.BlockLivingwoodPlankStairs,活木板楼梯
Botania:livingrock0Stairs,519,true,Botania,vazkii.botania.common.block.decor.stairs.living.BlockLivingrockStairs,活石楼梯
Botania:livingrock0Wall,520,true,Botania,vazkii.botania.common.block.decor.walls.living.BlockLivingrockWall,活石墙
Botania:livingrock1Stairs,521,true,Botania,vazkii.botania.common.block.decor.stairs.living.BlockLivingrockBrickStairs,活石砖楼梯
Botania:dreamwood0Stairs,522,true,Botania,vazkii.botania.common.block.decor.stairs.living.BlockDreamwoodStairs,梦之木楼梯
Botania:dreamwood0Wall,523,true,Botania,vazkii.botania.common.block.decor.walls.living.BlockDreamwoodWall,梦之木墙
Botania:dreamwood1Stairs,524,true,Botania,vazkii.botania.common.block.decor.stairs.living.BlockDreamwoodPlankStairs,梦之木楼梯
Botania:prismarine0Stairs,525,true,Botania,vazkii.botania.common.block.decor.stairs.prismarine.BlockPrismarineStairs,海晶石楼梯
Botania:prismarine0Wall,526,true,Botania,vazkii.botania.common.block.decor.walls.BlockPrismarineWall,海晶石墙
Botania:prismarine1Stairs,527,true,Botania,vazkii.botania.common.block.decor.stairs.prismarine.BlockPrismarineBrickStairs,海晶石砖楼梯
Botania:prismarine2Stairs,528,true,Botania,vazkii.botania.common.block.decor.stairs.prismarine.BlockDarkPrismarineStairs,深色海晶石楼梯
Botania:reedBlock0Stairs,529,true,Botania,vazkii.botania.common.block.decor.stairs.BlockReedStairs,甘蔗楼梯
Botania:reedBlock0Wall,530,true,Botania,vazkii.botania.common.block.decor.walls.BlockReedWall,甘蔗围墙
Botania:thatch0Stairs,531,true,Botania,vazkii.botania.common.block.decor.stairs.BlockThatchStairs,茅草楼梯
Botania:customBrick0Stairs,532,true,Botania,vazkii.botania.common.block.decor.stairs.bricks.BlockCustomBrickStairs,炼狱砖楼梯
Botania:customBrick1Stairs,533,true,Botania,vazkii.botania.common.block.decor.stairs.bricks.BlockSoulBrickStairs,灵魂砖楼梯
Botania:customBrick2Stairs,534,true,Botania,vazkii.botania.common.block.decor.stairs.bricks.BlockSnowBrickStairs,霜冻砖楼梯
Botania:customBrick3Stairs,535,true,Botania,vazkii.botania.common.block.decor.stairs.bricks.BlockTileStairs,瓦块楼梯
Botania:biomeStoneA,536,true,Botania,vazkii.botania.common.block.decor.biomestone.BlockBiomeStoneA,变质森林石头
Botania:biomeStoneB,537,true,Botania,vazkii.botania.common.block.decor.biomestone.BlockBiomeStoneB,变质森林石砖
Botania:stone,538,true,Botania,vazkii.botania.common.block.decor.Block18Stone,安山岩
Botania:pavement,539,true,Botania,vazkii.botania.common.block.decor.BlockPavement,白色葡萄牙路面
Botania:quartzTypeDark,540,true,Botania,vazkii.botania.common.block.decor.quartz.BlockSpecialQuartz,烟熏石英块
Botania:quartzStairsDark,541,true,Botania,vazkii.botania.common.block.decor.quartz.BlockSpecialQuartzStairs,烟熏石英楼梯
Botania:quartzTypeMana,542,true,Botania,vazkii.botania.common.block.decor.quartz.BlockSpecialQuartz,魔力石英块
Botania:quartzStairsMana,543,true,Botania,vazkii.botania.common.block.decor.quartz.BlockSpecialQuartzStairs,魔力石英楼梯
Botania:quartzTypeBlaze,544,true,Botania,vazkii.botania.common.block.decor.quartz.BlockSpecialQuartz,烈焰石英块
Botania:quartzStairsBlaze,545,true,Botania,vazkii.botania.common.block.decor.quartz.BlockSpecialQuartzStairs,烈焰石英楼梯
Botania:quartzTypeLavender,546,true,Botania,vazkii.botania.common.block.decor.quartz.BlockSpecialQuartz,熏香石英块
Botania:quartzStairsLavender,547,true,Botania,vazkii.botania.common.block.decor.quartz.BlockSpecialQuartzStairs,熏香石英楼梯
Botania:quartzTypeRed,548,true,Botania,vazkii.botania.common.block.decor.quartz.BlockSpecialQuartz,红色石英块
Botania:quartzStairsRed,549,true,Botania,vazkii.botania.common.block.decor.quartz.BlockSpecialQuartzStairs,红色石英楼梯
Botania:quartzTypeElf,550,true,Botania,vazkii.botania.common.block.decor.quartz.BlockSpecialQuartz,精灵石英块
Botania:quartzStairsElf,551,true,Botania,vazkii.botania.common.block.decor.quartz.BlockSpecialQuartzStairs,精灵石英楼梯
Botania:quartzTypeSunny,552,true,Botania,vazkii.botania.common.block.decor.quartz.BlockSpecialQuartz,金黄石英块
Botania:quartzStairsSunny,553,true,Botania,vazkii.botania.common.block.decor.quartz.BlockSpecialQuartzStairs,金黄石英楼梯
Botania:biomeStoneA0Stairs,554,true,Botania,vazkii.botania.common.block.decor.stairs.BlockBiomeStoneStairs,变质森林石头楼梯
Botania:biomeStoneA1Stairs,555,true,Botania,vazkii.botania.common.block.decor.stairs.BlockBiomeStoneStairs,变质平原石头楼梯
Botania:biomeStoneA2Stairs,556,true,Botania,vazkii.botania.common.block.decor.stairs.BlockBiomeStoneStairs,变质高山石头楼梯
Botania:biomeStoneA3Stairs,557,true,Botania,vazkii.botania.common.block.decor.stairs.BlockBiomeStoneStairs,变质菌丝石头楼梯
Botania:biomeStoneA4Stairs,558,true,Botania,vazkii.botania.common.block.decor.stairs.BlockBiomeStoneStairs,变质沼泽石头楼梯
Botania:biomeStoneA5Stairs,559,true,Botania,vazkii.botania.common.block.decor.stairs.BlockBiomeStoneStairs,变质沙漠石头楼梯
Botania:biomeStoneA6Stairs,560,true,Botania,vazkii.botania.common.block.decor.stairs.BlockBiomeStoneStairs,变质雪原石头楼梯
Botania:biomeStoneA7Stairs,561,true,Botania,vazkii.botania.common.block.decor.stairs.BlockBiomeStoneStairs,变质高原石头楼梯
Botania:biomeStoneA8Stairs,562,true,Botania,vazkii.botania.common.block.decor.stairs.BlockBiomeStoneStairs,变质森林圆石楼梯
Botania:biomeStoneA9Stairs,563,true,Botania,vazkii.botania.common.block.decor.stairs.BlockBiomeStoneStairs,变质平原圆石楼梯
Botania:biomeStoneA10Stairs,564,true,Botania,vazkii.botania.common.block.decor.stairs.BlockBiomeStoneStairs,变质高山圆石楼梯
Botania:biomeStoneA11Stairs,565,true,Botania,vazkii.botania.common.block.decor.stairs.BlockBiomeStoneStairs,变质菌丝圆石楼梯
Botania:biomeStoneA12Stairs,566,true,Botania,vazkii.botania.common.block.decor.stairs.BlockBiomeStoneStairs,变质沼泽圆石楼梯
Botania:biomeStoneA13Stairs,567,true,Botania,vazkii.botania.common.block.decor.stairs.BlockBiomeStoneStairs,变质沙漠圆石楼梯
Botania:biomeStoneA14Stairs,568,true,Botania,vazkii.botania.common.block.decor.stairs.BlockBiomeStoneStairs,变质雪原圆石楼梯
Botania:biomeStoneA15Stairs,569,true,Botania,vazkii.botania.common.block.decor.stairs.BlockBiomeStoneStairs,变质高原圆石楼梯
Botania:biomeStoneB0Stairs,570,true,Botania,vazkii.botania.common.block.decor.stairs.BlockBiomeStoneStairs,变质森林石砖楼梯
Botania:biomeStoneB1Stairs,571,true,Botania,vazkii.botania.common.block.decor.stairs.BlockBiomeStoneStairs,变质平原石砖楼梯
Botania:biomeStoneB2Stairs,572,true,Botania,vazkii.botania.common.block.decor.stairs.BlockBiomeStoneStairs,变质高山石砖楼梯
Botania:biomeStoneB3Stairs,573,true,Botania,vazkii.botania.common.block.decor.stairs.BlockBiomeStoneStairs,变质菌丝石砖楼梯
Botania:biomeStoneB4Stairs,574,true,Botania,vazkii.botania.common.block.decor.stairs.BlockBiomeStoneStairs,变质沼泽石砖楼梯
Botania:biomeStoneB5Stairs,575,true,Botania,vazkii.botania.common.block.decor.stairs.BlockBiomeStoneStairs,变质沙漠石砖楼梯
Botania:biomeStoneB6Stairs,576,true,Botania,vazkii.botania.common.block.decor.stairs.BlockBiomeStoneStairs,变质雪原石砖楼梯
Botania:biomeStoneB7Stairs,577,true,Botania,vazkii.botania.common.block.decor.stairs.BlockBiomeStoneStairs,变质高原石砖楼梯
Botania:biomeStoneA0Wall,578,true,Botania,vazkii.botania.common.block.decor.walls.BlockBiomeStoneWall,变质森林石墙
Botania:stone0Stairs,579,true,Botania,vazkii.botania.common.block.decor.stairs.Block18StoneStairs,安山岩楼梯
Botania:stone1Stairs,580,true,Botania,vazkii.botania.common.block.decor.stairs.Block18StoneStairs,玄武岩楼梯
Botania:stone2Stairs,581,true,Botania,vazkii.botania.common.block.decor.stairs.Block18StoneStairs,闪长岩楼梯
Botania:stone3Stairs,582,true,Botania,vazkii.botania.common.block.decor.stairs.Block18StoneStairs,花岗岩楼梯
Botania:stone8Stairs,583,true,Botania,vazkii.botania.common.block.decor.stairs.Block18StoneStairs,安山岩砖楼梯
Botania:stone9Stairs,584,true,Botania,vazkii.botania.common.block.decor.stairs.Block18StoneStairs,玄武岩砖楼梯
Botania:stone10Stairs,585,true,Botania,vazkii.botania.common.block.decor.stairs.Block18StoneStairs,闪长岩砖楼梯
Botania:stone11Stairs,586,true,Botania,vazkii.botania.common.block.decor.stairs.Block18StoneStairs,花岗岩砖楼梯
Botania:stone0Wall,587,true,Botania,vazkii.botania.common.block.decor.walls.Block18StoneWall,安山岩石墙
Botania:pavement0Stairs,588,true,Botania,vazkii.botania.common.block.decor.stairs.BlockPavementStairs,白色葡萄牙楼梯
Botania:pavement1Stairs,589,true,Botania,vazkii.botania.common.block.decor.stairs.BlockPavementStairs,黑色葡萄牙楼梯
Botania:pavement2Stairs,590,true,Botania,vazkii.botania.common.block.decor.stairs.BlockPavementStairs,蓝色葡萄牙楼梯
Botania:pavement3Stairs,591,true,Botania,vazkii.botania.common.block.decor.stairs.BlockPavementStairs,红色葡萄牙楼梯
Botania:pavement4Stairs,592,true,Botania,vazkii.botania.common.block.decor.stairs.BlockPavementStairs,黄色葡萄牙楼梯
Botania:pavement5Stairs,593,true,Botania,vazkii.botania.common.block.decor.stairs.BlockPavementStairs,绿色葡萄牙楼梯
Botania:endStoneBrick0Stairs,594,true,Botania,vazkii.botania.common.block.decor.stairs.BlockEndStoneStairs,末地石砖楼梯
Botania:endStoneBrick2Stairs,595,true,Botania,vazkii.botania.common.block.decor.stairs.BlockEnderBrickStairs,末影石砖楼梯
Botania:shimmerrock0Stairs,596,true,Botania,vazkii.botania.common.block.decor.stairs.living.BlockShimmerrockStairs,微光石楼梯
Botania:shimmerwoodPlanks0Stairs,597,true,Botania,vazkii.botania.common.block.decor.stairs.living.BlockShimmerwoodPlankStairs,微光木板楼梯
Botania:manaGlassPane,598,true,Botania,vazkii.botania.common.block.decor.panes.BlockManaglassPane,魔力玻璃板
Botania:elfGlassPane,599,true,Botania,vazkii.botania.common.block.decor.panes.BlockAlfglassPane,精灵玻璃板
Botania:bifrostPermPane,600,true,Botania,vazkii.botania.common.block.decor.panes.BlockBifrostPane,彩虹玻璃板
Botania:quartzSlabDarkHalf,601,true,Botania,vazkii.botania.common.block.decor.quartz.BlockSpecialQuartzSlab,烟熏石英台阶
Botania:quartzSlabDarkFull,602,true,Botania,vazkii.botania.common.block.decor.quartz.BlockSpecialQuartzSlab,烟熏石英台阶
Botania:quartzSlabManaHalf,603,true,Botania,vazkii.botania.common.block.decor.quartz.BlockSpecialQuartzSlab,魔力石英台阶
Botania:quartzSlabManaFull,604,true,Botania,vazkii.botania.common.block.decor.quartz.BlockSpecialQuartzSlab,魔力石英台阶
Botania:quartzSlabBlazeHalf,605,true,Botania,vazkii.botania.common.block.decor.quartz.BlockSpecialQuartzSlab,烈焰石英台阶
Botania:quartzSlabBlazeFull,606,true,Botania,vazkii.botania.common.block.decor.quartz.BlockSpecialQuartzSlab,烈焰石英台阶
Botania:quartzSlabLavenderHalf,607,true,Botania,vazkii.botania.common.block.decor.quartz.BlockSpecialQuartzSlab,熏香石英台阶
Botania:quartzSlabLavenderFull,608,true,Botania,vazkii.botania.common.block.decor.quartz.BlockSpecialQuartzSlab,熏香石英台阶
Botania:quartzSlabRedHalf,609,true,Botania,vazkii.botania.common.block.decor.quartz.BlockSpecialQuartzSlab,红色石英台阶
Botania:quartzSlabRedFull,610,true,Botania,vazkii.botania.common.block.decor.quartz.BlockSpecialQuartzSlab,红色石英台阶
Botania:quartzSlabElfHalf,611,true,Botania,vazkii.botania.common.block.decor.quartz.BlockSpecialQuartzSlab,精灵石英台阶
Botania:quartzSlabElfFull,612,true,Botania,vazkii.botania.common.block.decor.quartz.BlockSpecialQuartzSlab,精灵石英台阶
Botania:quartzSlabSunnyHalf,613,true,Botania,vazkii.botania.common.block.decor.quartz.BlockSpecialQuartzSlab,金黄石英台阶
Botania:quartzSlabSunnyFull,614,true,Botania,vazkii.botania.common.block.decor.quartz.BlockSpecialQuartzSlab,金黄石英台阶
Botania:livingwood0Slab,615,true,Botania,vazkii.botania.common.block.decor.slabs.living.BlockLivingwoodSlab,活木台阶
Botania:livingwood0SlabFull,616,true,Botania,vazkii.botania.common.block.decor.slabs.living.BlockLivingwoodSlab,活木台阶
Botania:livingwood1Slab,617,true,Botania,vazkii.botania.common.block.decor.slabs.living.BlockLivingwoodPlankSlab,活木板台阶
Botania:livingwood1SlabFull,618,true,Botania,vazkii.botania.common.block.decor.slabs.living.BlockLivingwoodPlankSlab,活木板台阶
Botania:livingrock0Slab,619,true,Botania,vazkii.botania.common.block.decor.slabs.living.BlockLivingrockSlab,活石台阶
Botania:livingrock0SlabFull,620,true,Botania,vazkii.botania.common.block.decor.slabs.living.BlockLivingrockSlab,活石台阶
Botania:livingrock1Slab,621,true,Botania,vazkii.botania.common.block.decor.slabs.living.BlockLivingrockBrickSlab,活石砖台阶
Botania:livingrock1SlabFull,622,true,Botania,vazkii.botania.common.block.decor.slabs.living.BlockLivingrockBrickSlab,活石砖台阶
Botania:dreamwood0Slab,623,true,Botania,vazkii.botania.common.block.decor.slabs.living.BlockDreamwoodSlab,梦之木台阶
Botania:dreamwood0SlabFull,624,true,Botania,vazkii.botania.common.block.decor.slabs.living.BlockDreamwoodSlab,梦之木台阶
Botania:dreamwood1Slab,625,true,Botania,vazkii.botania.common.block.decor.slabs.living.BlockDreamwoodPlankSlab,梦之木台阶
Botania:dreamwood1SlabFull,626,true,Botania,vazkii.botania.common.block.decor.slabs.living.BlockDreamwoodPlankSlab,梦之木台阶
Botania:reedBlock0Slab,627,true,Botania,vazkii.botania.common.block.decor.slabs.BlockReedSlab,甘蔗台阶
Botania:reedBlock0SlabFull,628,true,Botania,vazkii.botania.common.block.decor.slabs.BlockReedSlab,甘蔗台阶
Botania:thatch0Slab,629,true,Botania,vazkii.botania.common.block.decor.slabs.BlockThatchSlab,茅草台阶
Botania:thatch0SlabFull,630,true,Botania,vazkii.botania.common.block.decor.slabs.BlockThatchSlab,茅草台阶
Botania:prismarine0Slab,631,true,Botania,vazkii.botania.common.block.decor.slabs.prismarine.BlockPrismarineSlab,海晶石台阶
Botania:prismarine0SlabFull,632,true,Botania,vazkii.botania.common.block.decor.slabs.prismarine.BlockPrismarineSlab,海晶石台阶
Botania:prismarine1Slab,633,true,Botania,vazkii.botania.common.block.decor.slabs.prismarine.BlockPrismarineBrickSlab,海晶石砖台阶
Botania:prismarine1SlabFull,634,true,Botania,vazkii.botania.common.block.decor.slabs.prismarine.BlockPrismarineBrickSlab,海晶石砖台阶
Botania:prismarine2Slab,635,true,Botania,vazkii.botania.common.block.decor.slabs.prismarine.BlockDarkPrismarineSlab,深色海晶石台阶
Botania:prismarine2SlabFull,636,true,Botania,vazkii.botania.common.block.decor.slabs.prismarine.BlockDarkPrismarineSlab,深色海晶石台阶
Botania:customBrick0Slab,637,true,Botania,vazkii.botania.common.block.decor.slabs.bricks.BlockCustomBrickSlab,炼狱砖台阶
Botania:customBrick0SlabFull,638,true,Botania,vazkii.botania.common.block.decor.slabs.bricks.BlockCustomBrickSlab,炼狱砖台阶
Botania:customBrick1Slab,639,true,Botania,vazkii.botania.common.block.decor.slabs.bricks.BlockSoulBrickSlab,灵魂砖台阶
Botania:customBrick1SlabFull,640,true,Botania,vazkii.botania.common.block.decor.slabs.bricks.BlockSoulBrickSlab,灵魂砖台阶
Botania:customBrick2Slab,641,true,Botania,vazkii.botania.common.block.decor.slabs.bricks.BlockSnowBrickSlab,霜冻砖台阶
Botania:customBrick2SlabFull,642,true,Botania,vazkii.botania.common.block.decor.slabs.bricks.BlockSnowBrickSlab,霜冻砖台阶
Botania:customBrick3Slab,643,true,Botania,vazkii.botania.common.block.decor.slabs.bricks.BlockTileSlab,瓦块台阶
Botania:customBrick3SlabFull,644,true,Botania,vazkii.botania.common.block.decor.slabs.bricks.BlockTileSlab,瓦块台阶
Botania:dirtPath0Slab,645,true,Botania,vazkii.botania.common.block.decor.slabs.BlockDirtPathSlab,沙土台阶
Botania:dirtPath0SlabFull,646,true,Botania,vazkii.botania.common.block.decor.slabs.BlockDirtPathSlab,沙土台阶
Botania:endStoneBrick0Slab,647,true,Botania,vazkii.botania.common.block.decor.slabs.BlockEndStoneSlab,末地石砖台阶
Botania:endStoneBrick0SlabFull,648,true,Botania,vazkii.botania.common.block.decor.slabs.BlockEndStoneSlab,末地石砖台阶
Botania:endStoneBrick2Slab,649,true,Botania,vazkii.botania.common.block.decor.slabs.BlockEnderBrickSlab,末影石砖台阶
Botania:endStoneBrick2SlabFull,650,true,Botania,vazkii.botania.common.block.decor.slabs.BlockEnderBrickSlab,末影石砖台阶
Botania:shimmerrock0Slab,651,true,Botania,vazkii.botania.common.block.decor.slabs.living.BlockShimmerrockSlab,微光石台阶
Botania:shimmerrock0SlabFull,652,true,Botania,vazkii.botania.common.block.decor.slabs.living.BlockShimmerrockSlab,微光石台阶
Botania:shimmerwoodPlanks0Slab,653,true,Botania,vazkii.botania.common.block.decor.slabs.living.BlockShimmerwoodPlankSlab,微光木板台阶
Botania:shimmerwoodPlanks0SlabFull,654,true,Botania,vazkii.botania.common.block.decor.slabs.living.BlockShimmerwoodPlankSlab,微光木板台阶
Botania:biomeStoneA0Slab,655,true,Botania,vazkii.botania.common.block.decor.slabs.BlockBiomeStoneSlab,变质森林石头台阶
Botania:biomeStoneA0SlabFull,656,true,Botania,vazkii.botania.common.block.decor.slabs.BlockBiomeStoneSlab,变质森林石头台阶
Botania:biomeStoneA1Slab,657,true,Botania,vazkii.botania.common.block.decor.slabs.BlockBiomeStoneSlab,变质平原石头台阶
Botania:biomeStoneA1SlabFull,658,true,Botania,vazkii.botania.common.block.decor.slabs.BlockBiomeStoneSlab,变质平原石头台阶
Botania:biomeStoneA2Slab,659,true,Botania,vazkii.botania.common.block.decor.slabs.BlockBiomeStoneSlab,变质高山石头台阶
Botania:biomeStoneA2SlabFull,660,true,Botania,vazkii.botania.common.block.decor.slabs.BlockBiomeStoneSlab,变质高山石头台阶
Botania:biomeStoneA3Slab,661,true,Botania,vazkii.botania.common.block.decor.slabs.BlockBiomeStoneSlab,变质菌丝石头台阶
Botania:biomeStoneA3SlabFull,662,true,Botania,vazkii.botania.common.block.decor.slabs.BlockBiomeStoneSlab,变质菌丝石头台阶
Botania:biomeStoneA4Slab,663,true,Botania,vazkii.botania.common.block.decor.slabs.BlockBiomeStoneSlab,变质沼泽石头台阶
Botania:biomeStoneA4SlabFull,664,true,Botania,vazkii.botania.common.block.decor.slabs.BlockBiomeStoneSlab,变质沼泽石头台阶
Botania:biomeStoneA5Slab,665,true,Botania,vazkii.botania.common.block.decor.slabs.BlockBiomeStoneSlab,变质沙漠石头台阶
Botania:biomeStoneA5SlabFull,666,true,Botania,vazkii.botania.common.block.decor.slabs.BlockBiomeStoneSlab,变质沙漠石头台阶
Botania:biomeStoneA6Slab,667,true,Botania,vazkii.botania.common.block.decor.slabs.BlockBiomeStoneSlab,变质雪原石头台阶
Botania:biomeStoneA6SlabFull,668,true,Botania,vazkii.botania.common.block.decor.slabs.BlockBiomeStoneSlab,变质高原石头台阶
Botania:biomeStoneA7Slab,669,true,Botania,vazkii.botania.common.block.decor.slabs.BlockBiomeStoneSlab,变质高原石头台阶
Botania:biomeStoneA7SlabFull,670,true,Botania,vazkii.botania.common.block.decor.slabs.BlockBiomeStoneSlab,变质高原石头台阶
Botania:biomeStoneA8Slab,671,true,Botania,vazkii.botania.common.block.decor.slabs.BlockBiomeStoneSlab,变质森林圆石台阶
Botania:biomeStoneA8SlabFull,672,true,Botania,vazkii.botania.common.block.decor.slabs.BlockBiomeStoneSlab,变质森林圆石台阶
Botania:biomeStoneA9Slab,673,true,Botania,vazkii.botania.common.block.decor.slabs.BlockBiomeStoneSlab,变质平原圆石台阶
Botania:biomeStoneA9SlabFull,674,true,Botania,vazkii.botania.common.block.decor.slabs.BlockBiomeStoneSlab,变质平原圆石台阶
Botania:biomeStoneA10Slab,675,true,Botania,vazkii.botania.common.block.decor.slabs.BlockBiomeStoneSlab,变质高山圆石台阶
Botania:biomeStoneA10SlabFull,676,true,Botania,vazkii.botania.common.block.decor.slabs.BlockBiomeStoneSlab,变质高山圆石台阶
Botania:biomeStoneA11Slab,677,true,Botania,vazkii.botania.common.block.decor.slabs.BlockBiomeStoneSlab,变质菌丝圆石台阶
Botania:biomeStoneA11SlabFull,678,true,Botania,vazkii.botania.common.block.decor.slabs.BlockBiomeStoneSlab,变质菌丝圆石台阶
Botania:biomeStoneA12Slab,679,true,Botania,vazkii.botania.common.block.decor.slabs.BlockBiomeStoneSlab,变质沼泽圆石台阶
Botania:biomeStoneA12SlabFull,680,true,Botania,vazkii.botania.common.block.decor.slabs.BlockBiomeStoneSlab,变质沼泽圆石台阶
Botania:biomeStoneA13Slab,681,true,Botania,vazkii.botania.common.block.decor.slabs.BlockBiomeStoneSlab,变质沙漠圆石台阶
Botania:biomeStoneA13SlabFull,682,true,Botania,vazkii.botania.common.block.decor.slabs.BlockBiomeStoneSlab,变质沙漠圆石台阶
Botania:biomeStoneA14Slab,683,true,Botania,vazkii.botania.common.block.decor.slabs.BlockBiomeStoneSlab,变质雪原圆石台阶
Botania:biomeStoneA14SlabFull,684,true,Botania,vazkii.botania.common.block.decor.slabs.BlockBiomeStoneSlab,变质雪原圆石台阶
Botania:biomeStoneA15Slab,685,true,Botania,vazkii.botania.common.block.decor.slabs.BlockBiomeStoneSlab,变质高原圆石台阶
Botania:biomeStoneA15SlabFull,686,true,Botania,vazkii.botania.common.block.decor.slabs.BlockBiomeStoneSlab,变质高原圆石台阶
Botania:biomeStoneB0Slab,687,true,Botania,vazkii.botania.common.block.decor.slabs.BlockBiomeStoneSlab,变质森林石砖台阶
Botania:biomeStoneB0SlabFull,688,true,Botania,vazkii.botania.common.block.decor.slabs.BlockBiomeStoneSlab,变质森林石砖台阶
Botania:biomeStoneB1Slab,689,true,Botania,vazkii.botania.common.block.decor.slabs.BlockBiomeStoneSlab,变质平原石砖台阶
Botania:biomeStoneB1SlabFull,690,true,Botania,vazkii.botania.common.block.decor.slabs.BlockBiomeStoneSlab,变质平原石砖台阶
Botania:biomeStoneB2Slab,691,true,Botania,vazkii.botania.common.block.decor.slabs.BlockBiomeStoneSlab,变质高山石砖台阶
Botania:biomeStoneB2SlabFull,692,true,Botania,vazkii.botania.common.block.decor.slabs.BlockBiomeStoneSlab,变质高山石砖台阶
Botania:biomeStoneB3Slab,693,true,Botania,vazkii.botania.common.block.decor.slabs.BlockBiomeStoneSlab,变质菌丝石砖台阶
Botania:biomeStoneB3SlabFull,694,true,Botania,vazkii.botania.common.block.decor.slabs.BlockBiomeStoneSlab,变质菌丝石砖台阶
Botania:biomeStoneB4Slab,695,true,Botania,vazkii.botania.common.block.decor.slabs.BlockBiomeStoneSlab,变质沼泽石砖台阶
Botania:biomeStoneB4SlabFull,696,true,Botania,vazkii.botania.common.block.decor.slabs.BlockBiomeStoneSlab,变质沼泽石砖台阶
Botania:biomeStoneB5Slab,697,true,Botania,vazkii.botania.common.block.decor.slabs.BlockBiomeStoneSlab,变质沙漠石砖台阶
Botania:biomeStoneB5SlabFull,698,true,Botania,vazkii.botania.common.block.decor.slabs.BlockBiomeStoneSlab,变质沙漠石砖台阶
Botania:biomeStoneB6Slab,699,true,Botania,vazkii.botania.common.block.decor.slabs.BlockBiomeStoneSlab,变质雪原石砖台阶
Botania:biomeStoneB6SlabFull,700,true,Botania,vazkii.botania.common.block.decor.slabs.BlockBiomeStoneSlab,变质雪原石砖台阶
Botania:biomeStoneB7Slab,701,true,Botania,vazkii.botania.common.block.decor.slabs.BlockBiomeStoneSlab,变质高原石砖台阶
Botania:biomeStoneB7SlabFull,702,true,Botania,vazkii.botania.common.block.decor.slabs.BlockBiomeStoneSlab,变质高原石砖台阶
Botania:stone0Slab,703,true,Botania,vazkii.botania.common.block.decor.slabs.Block18StoneSlab,安山岩台阶
Botania:stone0SlabFull,704,true,Botania,vazkii.botania.common.block.decor.slabs.Block18StoneSlab,安山岩台阶
Botania:stone1Slab,705,true,Botania,vazkii.botania.common.block.decor.slabs.Block18StoneSlab,玄武岩台阶
Botania:stone1SlabFull,706,true,Botania,vazkii.botania.common.block.decor.slabs.Block18StoneSlab,玄武岩台阶
Botania:stone2Slab,707,true,Botania,vazkii.botania.common.block.decor.slabs.Block18StoneSlab,闪长岩台阶
Botania:stone2SlabFull,708,true,Botania,vazkii.botania.common.block.decor.slabs.Block18StoneSlab,闪长岩台阶
Botania:stone3Slab,709,true,Botania,vazkii.botania.common.block.decor.slabs.Block18StoneSlab,花岗岩台阶
Botania:stone3SlabFull,710,true,Botania,vazkii.botania.common.block.decor.slabs.Block18StoneSlab,花岗岩台阶
Botania:stone8Slab,711,true,Botania,vazkii.botania.common.block.decor.slabs.Block18StoneSlab,安山岩砖台阶
Botania:stone8SlabFull,712,true,Botania,vazkii.botania.common.block.decor.slabs.Block18StoneSlab,安山岩砖台阶
Botania:stone9Slab,713,true,Botania,vazkii.botania.common.block.decor.slabs.Block18StoneSlab,玄武岩砖台阶
Botania:stone9SlabFull,714,true,Botania,vazkii.botania.common.block.decor.slabs.Block18StoneSlab,玄武岩砖台阶
Botania:stone10Slab,715,true,Botania,vazkii.botania.common.block.decor.slabs.Block18StoneSlab,闪长岩砖台阶
Botania:stone10SlabFull,716,true,Botania,vazkii.botania.common.block.decor.slabs.Block18StoneSlab,闪长岩砖台阶
Botania:stone11Slab,717,true,Botania,vazkii.botania.common.block.decor.slabs.Block18StoneSlab,花岗岩砖台阶
Botania:stone11SlabFull,718,true,Botania,vazkii.botania.common.block.decor.slabs.Block18StoneSlab,花岗岩砖台阶
Botania:pavement0Slab,719,true,Botania,vazkii.botania.common.block.decor.slabs.BlockPavementSlab,白色葡萄牙台阶
Botania:pavement0SlabFull,720,true,Botania,vazkii.botania.common.block.decor.slabs.BlockPavementSlab,白色葡萄牙台阶
Botania:pavement1Slab,721,true,Botania,vazkii.botania.common.block.decor.slabs.BlockPavementSlab,黑色葡萄牙台阶
Botania:pavement1SlabFull,722,true,Botania,vazkii.botania.common.block.decor.slabs.BlockPavementSlab,黑色葡萄牙台阶
Botania:pavement2Slab,723,true,Botania,vazkii.botania.common.block.decor.slabs.BlockPavementSlab,蓝色葡萄牙台阶
Botania:pavement2SlabFull,724,true,Botania,vazkii.botania.common.block.decor.slabs.BlockPavementSlab,蓝色葡萄牙台阶
Botania:pavement3Slab,725,true,Botania,vazkii.botania.common.block.decor.slabs.BlockPavementSlab,红色葡萄牙台阶
Botania:pavement3SlabFull,726,true,Botania,vazkii.botania.common.block.decor.slabs.BlockPavementSlab,红色葡萄牙台阶
Botania:pavement4Slab,727,true,Botania,vazkii.botania.common.block.decor.slabs.BlockPavementSlab,黄色葡萄牙台阶
Botania:pavement4SlabFull,728,true,Botania,vazkii.botania.common.block.decor.slabs.BlockPavementSlab,黄色葡萄牙台阶
Botania:pavement5Slab,729,true,Botania,vazkii.botania.common.block.decor.slabs.BlockPavementSlab,绿色葡萄牙台阶
Botania:pavement5SlabFull,730,true,Botania,vazkii.botania.common.block.decor.slabs.BlockPavementSlab,绿色葡萄牙台阶
Botania:flower_structurelib,731,true,Botania,vazkii.botania.common.block.tile.TileEnchanter.StructureLibFlower,任意植物魔法的花
Avaritia:Double_Craft,732,true,Avaritia,fox.spiteful.avaritia.blocks.BlockDoubleCraft,压缩工作台
Avaritia:Triple_Craft,733,true,Avaritia,fox.spiteful.avaritia.blocks.BlockTripleCraft,二重压缩工作台
Avaritia:Dire_Crafting,734,true,Avaritia,fox.spiteful.avaritia.blocks.BlockDireCrafting,终极工作台
Avaritia:Crystal_Matrix,735,true,Avaritia,fox.spiteful.avaritia.blocks.BlockCrystalMatrix,水晶矩阵
Avaritia:Resource_Block,736,true,Avaritia,fox.spiteful.avaritia.blocks.BlockResource,宇宙中子态素块
Avaritia:Neutron_Collector,737,true,Avaritia,fox.spiteful.avaritia.blocks.BlockNeutronCollector,中子态素收集器
Avaritia:Neutronium_Compressor,738,true,Avaritia,fox.spiteful.avaritia.blocks.BlockCompressor,中子态素压缩机
Avaritia:cluster_opener,739,true,Avaritia,fox.spiteful.avaritia.blocks.BlockMatterClusterOpener,物质团解压器
avaritiaddons:CompressedChest,740,true,avaritiaddons,wanion.avaritiaddons.block.chest.compressed.BlockCompressedChest,压缩箱子
avaritiaddons:InfinityChest,741,true,avaritiaddons,wanion.avaritiaddons.block.chest.infinity.BlockInfinityChest,无尽箱子
avaritiaddons:ExtremeAutoCrafter,742,true,avaritiaddons,wanion.avaritiaddons.block.extremeautocrafter.BlockExtremeAutoCrafter,梦魇工作台
BiblioCraft:tile.BiblioFramedChest,743,true,BiblioCraft,jds.bibliocraft.blocks.BlockFramedChest,镶框箱子
BiblioCraft:BiblioPaneler,744,true,BiblioCraft,jds.bibliocraft.blocks.BlockFurniturePaneler,橡木家具板材机
BiblioCraft:BiblioClipboard,745,true,BiblioCraft,jds.bibliocraft.blocks.BlockClipboard,写字板
BiblioCraft:BiblioTypewriter,746,true,BiblioCraft,jds.bibliocraft.blocks.BlockTypewriter,白色打字机
BiblioCraft:BiblioClock,747,true,BiblioCraft,jds.bibliocraft.blocks.BlockClock,橡木时钟
BiblioCraft:BiblioFlatPainting,748,true,BiblioCraft,jds.bibliocraft.blocks.BlockPaintingFrameFlat,橡木画框
BiblioCraft:BiblioSimplePainting,749,true,BiblioCraft,jds.bibliocraft.blocks.BlockPaintingFrameSimple,橡木画框
BiblioCraft:BiblioMiddlePainting,750,true,BiblioCraft,jds.bibliocraft.blocks.BlockPaintingFrameMiddle,橡木画框
BiblioCraft:BiblioFancyPainting,751,true,BiblioCraft,jds.bibliocraft.blocks.BlockPaintingFrameFancy,橡木画框
BiblioCraft:BiblioBorderlessPainting,752,true,BiblioCraft,jds.bibliocraft.blocks.BlockPaintingFrameBorderless,橡木画框
BiblioCraft:BiblioPaintPress,753,true,BiblioCraft,jds.bibliocraft.blocks.BlockPaintPress,压印机
BiblioCraft:BiblioSwordPedestal,754,true,BiblioCraft,jds.bibliocraft.blocks.BlockSwordPedestal,剑座
BiblioCraft:BiblioFancySign,755,true,BiblioCraft,jds.bibliocraft.blocks.BlockFancySign,橡木精致木牌
BiblioCraft:BiblioWorkbench,756,true,BiblioCraft,jds.bibliocraft.blocks.BlockFancyWorkbench,橡木精致工作台
BiblioCraft:BiblioBell,757,true,BiblioCraft,jds.bibliocraft.blocks.BlockBell,按铃
BiblioCraft:Bibliotheca,758,true,BiblioCraft,jds.bibliocraft.blocks.BlockBookcase,橡木书架
BiblioCraft:BookcaseFilled,759,true,BiblioCraft,jds.bibliocraft.blocks.BlockBookcaseCreative,橡木书架
BiblioCraft:BiblioPotionShelf,760,true,BiblioCraft,jds.bibliocraft.blocks.BlockPotionShelf,橡木药水架
BiblioCraft:BiblioShelf,761,true,BiblioCraft,jds.bibliocraft.blocks.BlockGenericShelf,橡木架子
BiblioCraft:BiblioRack,762,true,BiblioCraft,jds.bibliocraft.blocks.BlockWeaponRack,橡木工具架
BiblioCraft:BiblioCase,763,true,BiblioCraft,jds.bibliocraft.blocks.BlockWeaponCase,橡木展示盒
BiblioCraft:BiblioLabel,764,true,BiblioCraft,jds.bibliocraft.blocks.BlockLabel,橡木标签
BiblioCraft:BiblioDesk,765,true,BiblioCraft,jds.bibliocraft.blocks.BlockWritingDesk,橡木书桌
BiblioCraft:BiblioTable,766,true,BiblioCraft,jds.bibliocraft.blocks.BlockTable,橡木桌子
BiblioCraft:Armor Stand,767,true,BiblioCraft,jds.bibliocraft.blocks.BlockArmorStand,衣架
BiblioCraft:Typesetting Machine,768,true,BiblioCraft,jds.bibliocraft.blocks.BlockTypeMachine,排版台
BiblioCraft:Printing Press,769,true,BiblioCraft,jds.bibliocraft.blocks.BlockPrintPress,拓印机
BiblioCraft:BiblioLantern,770,true,BiblioCraft,jds.bibliocraft.blocks.BlockLantern,精致灯笼
BiblioCraft:BiblioIronLantern,771,true,BiblioCraft,jds.bibliocraft.blocks.BlockIronLantern,精致灯笼
BiblioCraft:BiblioLamp,772,true,BiblioCraft,jds.bibliocraft.blocks.BlockLamp,精致灯具
BiblioCraft:BiblioIronLamp,773,true,BiblioCraft,jds.bibliocraft.blocks.BlockIronLamp,精致灯具
BiblioCraft:BiblioStuffs,774,true,BiblioCraft,jds.bibliocraft.blocks.BlockStuff,曲奇罐
BiblioCraft:BiblioMapFrames,775,true,BiblioCraft,jds.bibliocraft.blocks.BlockMapFrame,橡木地图框架
BiblioCraft:BiblioSeats,776,true,BiblioCraft,jds.bibliocraft.blocks.BlockSeat,橡木椅
ThermalFoundation:Ore,777,true,ThermalFoundation,cofh.thermalfoundation.block.BlockOre,铜矿石
ThermalFoundation:Storage,778,true,ThermalFoundation,cofh.thermalfoundation.block.BlockStorage,铜块
ThermalFoundation:FluidRedstone,779,true,ThermalFoundation,cofh.thermalfoundation.fluid.BlockFluidRedstone,熔融红石
ThermalFoundation:FluidGlowstone,780,true,ThermalFoundation,cofh.thermalfoundation.fluid.BlockFluidGlowstone,充能液态荧石
ThermalFoundation:FluidEnder,781,true,ThermalFoundation,cofh.thermalfoundation.fluid.BlockFluidEnder,谐振熔融末影珍珠
ThermalFoundation:FluidPyrotheum,782,true,ThermalFoundation,cofh.thermalfoundation.fluid.BlockFluidPyrotheum,烈焰之炽焱
ThermalFoundation:FluidCryotheum,783,true,ThermalFoundation,cofh.thermalfoundation.fluid.BlockFluidCryotheum,极寒之凛冰
ThermalFoundation:FluidAerotheum,784,true,ThermalFoundation,cofh.thermalfoundation.fluid.BlockFluidAerotheum,和谐之空气
ThermalFoundation:FluidPetrotheum,785,true,ThermalFoundation,cofh.thermalfoundation.fluid.BlockFluidPetrotheum,构造之地岩
ThermalFoundation:FluidMana,786,true,ThermalFoundation,cofh.thermalfoundation.fluid.BlockFluidMana,元始魔力
ThermalFoundation:FluidSteam,787,true,ThermalFoundation,cofh.thermalfoundation.fluid.BlockFluidSteam,蒸汽
ThermalFoundation:FluidCoal,788,true,ThermalFoundation,cofh.thermalfoundation.fluid.BlockFluidCoal,液态煤炭
BigReactors:YelloriteOre,789,true,BigReactors,erogenousbeef.bigreactors.common.block.BlockBROre,黄铀矿石
BigReactors:BRMetalBlock,790,true,BigReactors,erogenousbeef.bigreactors.common.block.BlockBRMetal,黄铀块
BigReactors:YelloriumFuelRod,791,true,BigReactors,erogenousbeef.bigreactors.common.multiblock.block.BlockFuelRod,黄铀燃料棒
BigReactors:BRReactorPart,792,true,BigReactors,erogenousbeef.bigreactors.common.multiblock.block.BlockReactorPart,反应堆外壳
BigReactors:BRMultiblockGlass,793,true,BigReactors,erogenousbeef.bigreactors.common.multiblock.block.BlockMultiblockGlass,反应堆玻璃
BigReactors:BRReactorRedstonePort,794,true,BigReactors,erogenousbeef.bigreactors.common.multiblock.block.BlockReactorRedstonePort,反应堆红石端口
BigReactors:BRTurbinePart,795,true,BigReactors,erogenousbeef.bigreactors.common.multiblock.block.BlockTurbinePart,涡轮机外壳
BigReactors:BRTurbineRotorPart,796,true,BigReactors,erogenousbeef.bigreactors.common.multiblock.block.BlockTurbineRotorPart,涡轮机转轴
BigReactors:BRDevice,797,true,BigReactors,erogenousbeef.bigreactors.common.block.BlockBRDevice,蓝晶再加工机
BigReactors:tile.fluid.yellorium.still,798,true,BigReactors,erogenousbeef.bigreactors.common.block.BlockBRGenericFluid,液态黄铀
BigReactors:tile.fluid.cyanite.still,799,true,BigReactors,erogenousbeef.bigreactors.common.block.BlockBRGenericFluid,液态蓝晶
BigReactors:BRMultiblockCreativePart,800,true,BigReactors,erogenousbeef.bigreactors.common.multiblock.block.BlockMBCreativePart,创造模式冷却端口
structurelib:blockhint,801,true,structurelib,com.gtnewhorizon.structurelib.block.BlockHint,提示方块[1]
ForgeMultipart:block,802,false,null,codechicken.multipart.BlockMultipart,null
chisel:aluminumblock,803,true,chisel,team.chisel.block.BlockBeaconBase,铝块
chisel:aluminum_stairs.0,804,true,chisel,team.chisel.block.BlockCarvableStairs,铝制楼梯
chisel:aluminum_stairs.1,805,true,chisel,team.chisel.block.BlockCarvableStairs,铝制楼梯
chisel:aluminum_stairs.2,806,true,chisel,team.chisel.block.BlockCarvableStairs,铝制楼梯
chisel:andesite,807,true,chisel,team.chisel.block.BlockCarvable,安山岩
chisel:antiBlock,808,true,chisel,team.chisel.block.BlockCarvableGlowie,纯色方块
chisel:autoChisel,809,true,chisel,team.chisel.block.BlockAutoChisel,自动雕刻机
chisel:beacon,810,true,chisel,team.chisel.block.BlockCarvableBeacon,信标
chisel:bookshelf,811,true,chisel,team.chisel.block.BlockCarvableBookshelf,书架
chisel:brickCustom2,812,true,chisel,team.chisel.block.BlockCarvable,砖块
chisel:brickCustom,813,true,chisel,team.chisel.block.BlockCarvable,砖块
chisel:bronzeblock,814,true,chisel,team.chisel.block.BlockBeaconBase,青铜块
chisel:carpet_block,815,true,chisel,team.chisel.block.BlockCarvable,地毯
chisel:carpet,816,true,chisel,team.chisel.block.BlockCarvableCarpet,地毯
chisel:cloud,817,true,chisel,team.chisel.block.BlockCloud,云朵
chisel:cobblestone,818,true,chisel,team.chisel.block.BlockCarvable,圆石
chisel:mossy_cobblestone,819,true,chisel,team.chisel.block.BlockCarvable,苔石
chisel:concrete,820,true,chisel,team.chisel.block.BlockConcrete,混凝土
chisel:concrete_slab,821,true,chisel,team.chisel.block.BlockCarvableConcreteSlab,混凝土台阶
chisel:concrete_slab_top,822,true,chisel,team.chisel.block.BlockCarvableConcreteSlab,混凝土台阶
chisel:concrete_stairs.0,823,true,chisel,team.chisel.block.BlockCarvableConcreteStairs,混凝土楼梯
chisel:concrete_stairs.1,824,true,chisel,team.chisel.block.BlockCarvableConcreteStairs,混凝土楼梯
chisel:concrete_stairs.2,825,true,chisel,team.chisel.block.BlockCarvableConcreteStairs,混凝土楼梯
chisel:concrete_stairs.3,826,true,chisel,team.chisel.block.BlockCarvableConcreteStairs,混凝土楼梯
chisel:concrete_stairs.4,827,true,chisel,team.chisel.block.BlockCarvableConcreteStairs,混凝土楼梯
chisel:concrete_stairs.5,828,true,chisel,team.chisel.block.BlockCarvableConcreteStairs,混凝土楼梯
chisel:copperblock,829,true,chisel,team.chisel.block.BlockBeaconBase,铜块
chisel:cubit,830,true,chisel,team.chisel.block.BlockCarvable,立方休
chisel:diamond_block,831,true,chisel,team.chisel.block.BlockBeaconBase,钻石块
chisel:diorite,832,true,chisel,team.chisel.block.BlockCarvable,闪长岩
chisel:dirt,833,true,chisel,team.chisel.block.BlockCarvable,泥土
chisel:emerald_block,834,true,chisel,team.chisel.block.BlockBeaconBase,绿宝石块
chisel:end_Stone,835,true,chisel,team.chisel.block.BlockCarvable,末地石
chisel:factoryblock,836,true,chisel,team.chisel.block.BlockCarvable,工厂方块
chisel:factoryblock2,837,true,chisel,team.chisel.block.BlockCarvable,工厂方块
chisel:fantasyblock,838,true,chisel,team.chisel.block.BlockCarvable,紫色幻想石
chisel:fantasyblock2,839,true,chisel,team.chisel.block.BlockCarvable,幻想石
chisel:futura,840,true,chisel,team.chisel.block.BlockCarvable,科幻方块
chisel:futuraCircuit,841,true,chisel,team.chisel.block.BlockCarvableGlow,科幻电路
chisel:glass,842,true,chisel,team.chisel.block.BlockCarvableGlass,玻璃
chisel:glass2,843,true,chisel,team.chisel.block.BlockCarvableGlass,玻璃
chisel:glass_pane,844,true,chisel,team.chisel.block.BlockCarvablePane,玻璃板
chisel:stained_glass_forestry,845,true,chisel,team.chisel.block.BlockCarvableGlass,染色玻璃
chisel:stained_glass_white,846,true,chisel,team.chisel.block.BlockCarvableGlass,染色玻璃
chisel:stained_glass_yellow,847,true,chisel,team.chisel.block.BlockCarvableGlass,染色玻璃
chisel:stained_glass_lightgray,848,true,chisel,team.chisel.block.BlockCarvableGlass,染色玻璃
chisel:stained_glass_brown,849,true,chisel,team.chisel.block.BlockCarvableGlass,染色玻璃
chisel:stained_glass_pane_white,850,true,chisel,team.chisel.block.BlockCarvablePane,染色玻璃板
chisel:stained_glass_pane_magenta,851,true,chisel,team.chisel.block.BlockCarvablePane,染色玻璃板
chisel:stained_glass_pane_yellow,852,true,chisel,team.chisel.block.BlockCarvablePane,染色玻璃板
chisel:stained_glass_pane_pink,853,true,chisel,team.chisel.block.BlockCarvablePane,染色玻璃板
chisel:stained_glass_pane_lightgray,854,true,chisel,team.chisel.block.BlockCarvablePane,染色玻璃板
chisel:stained_glass_pane_purple,855,true,chisel,team.chisel.block.BlockCarvablePane,染色玻璃板
chisel:stained_glass_pane_brown,856,true,chisel,team.chisel.block.BlockCarvablePane,染色玻璃板
chisel:stained_glass_pane_red,857,true,chisel,team.chisel.block.BlockCarvablePane,染色玻璃板
chisel:glotek,858,true,chisel,team.chisel.block.BlockCarvableGlowie,GloTek
chisel:glowstone,859,true,chisel,team.chisel.block.BlockCarvableGlowstone,荧石
chisel:gold2,860,true,chisel,team.chisel.block.BlockBeaconBase,金块
chisel:gold_block,861,true,chisel,team.chisel.block.BlockBeaconBase,金块
chisel:granite,862,true,chisel,team.chisel.block.BlockCarvable,花岗岩
chisel:grimstone,863,true,chisel,team.chisel.block.BlockGrimstone,阴森石
chisel:hardened_clay,864,true,chisel,team.chisel.block.BlockCarvable,陶瓦
chisel:hardened_clay2,865,true,chisel,team.chisel.block.BlockCarvable,陶瓦
chisel:hardened_clay_white,866,true,chisel,team.chisel.block.BlockCarvable,白色陶瓦
chisel:hardened_clay_white2,867,true,chisel,team.chisel.block.BlockCarvable,白色陶瓦
chisel:hardened_clay_orange,868,true,chisel,team.chisel.block.BlockCarvable,橙色陶瓦
chisel:hardened_clay_orange2,869,true,chisel,team.chisel.block.BlockCarvable,橙色陶瓦
chisel:hardened_clay_magenta,870,true,chisel,team.chisel.block.BlockCarvable,品红色陶瓦
chisel:hardened_clay_magenta2,871,true,chisel,team.chisel.block.BlockCarvable,品红色陶瓦
chisel:hardened_clay_lightblue,872,true,chisel,team.chisel.block.BlockCarvable,淡蓝色陶瓦
chisel:hardened_clay_lightblue2,873,true,chisel,team.chisel.block.BlockCarvable,淡蓝色陶瓦
chisel:hardened_clay_yellow,874,true,chisel,team.chisel.block.BlockCarvable,黄色陶瓦
chisel:hardened_clay_yellow2,875,true,chisel,team.chisel.block.BlockCarvable,黄色陶瓦
chisel:hardened_clay_lime,876,true,chisel,team.chisel.block.BlockCarvable,黄绿色陶瓦
chisel:hardened_clay_lime2,877,true,chisel,team.chisel.block.BlockCarvable,黄绿色陶瓦
chisel:hardened_clay_pink,878,true,chisel,team.chisel.block.BlockCarvable,粉红色陶瓦
chisel:hardened_clay_pink2,879,true,chisel,team.chisel.block.BlockCarvable,粉红色陶瓦
chisel:hardened_clay_gray,880,true,chisel,team.chisel.block.BlockCarvable,灰色陶瓦
chisel:hardened_clay_gray2,881,true,chisel,team.chisel.block.BlockCarvable,灰色陶瓦
chisel:hardened_clay_lightgray,882,true,chisel,team.chisel.block.BlockCarvable,淡灰色陶瓦
chisel:hardened_clay_lightgray2,883,true,chisel,team.chisel.block.BlockCarvable,淡灰色陶瓦
chisel:hardened_clay_cyan,884,true,chisel,team.chisel.block.BlockCarvable,青色陶瓦
chisel:hardened_clay_cyan2,885,true,chisel,team.chisel.block.BlockCarvable,青色陶瓦
chisel:hardened_clay_purple,886,true,chisel,team.chisel.block.BlockCarvable,紫色陶瓦
chisel:hardened_clay_purple2,887,true,chisel,team.chisel.block.BlockCarvable,紫色陶瓦
chisel:hardened_clay_blue,888,true,chisel,team.chisel.block.BlockCarvable,蓝色陶瓦
chisel:hardened_clay_blue2,889,true,chisel,team.chisel.block.BlockCarvable,蓝色陶瓦
chisel:hardened_clay_brown,890,true,chisel,team.chisel.block.BlockCarvable,棕色陶瓦
chisel:hardened_clay_brown2,891,true,chisel,team.chisel.block.BlockCarvable,棕色陶瓦
chisel:hardened_clay_green,892,true,chisel,team.chisel.block.BlockCarvable,绿色陶瓦
chisel:hardened_clay_green2,893,true,chisel,team.chisel.block.BlockCarvable,绿色陶瓦
chisel:hardened_clay_red,894,true,chisel,team.chisel.block.BlockCarvable,红色陶瓦
chisel:hardened_clay_red2,895,true,chisel,team.chisel.block.BlockCarvable,红色陶瓦
chisel:hardened_clay_black,896,true,chisel,team.chisel.block.BlockCarvable,黑色陶瓦
chisel:hardened_clay_black2,897,true,chisel,team.chisel.block.BlockCarvable,黑色陶瓦
chisel:hexPlating,898,true,chisel,team.chisel.block.BlockCarvableGlow,六角金属镀层块
chisel:hexLargePlating,899,true,chisel,team.chisel.block.BlockCarvableGlow,大型六角金属镀层块
chisel:holystone,900,true,chisel,team.chisel.block.BlockHolystone,神圣石
chisel:hempcrete,901,true,chisel,team.chisel.block.BlockCarvable,汉麻混凝土
chisel:hempcretesand,902,true,chisel,team.chisel.block.BlockCarvableSand,粉状汉麻混凝土
chisel:ice,903,true,chisel,team.chisel.block.BlockCarvableIce,冰
chisel:ice_pillar,904,true,chisel,team.chisel.block.BlockCarvableIce,冰柱
chisel:ice_stairs.0,905,true,chisel,team.chisel.block.BlockCarvableIceStairs,冰楼梯
chisel:ice_stairs.1,906,true,chisel,team.chisel.block.BlockCarvableIceStairs,冰楼梯
chisel:ice_stairs.2,907,true,chisel,team.chisel.block.BlockCarvableIceStairs,冰楼梯
chisel:ice_stairs.3,908,true,chisel,team.chisel.block.BlockCarvableIceStairs,冰楼梯
chisel:ice_stairs.4,909,true,chisel,team.chisel.block.BlockCarvableIceStairs,冰楼梯
chisel:ice_stairs.5,910,true,chisel,team.chisel.block.BlockCarvableIceStairs,冰楼梯
chisel:ice_stairs.6,911,true,chisel,team.chisel.block.BlockCarvableIceStairs,冰楼梯
chisel:ice_stairs.7,912,true,chisel,team.chisel.block.BlockCarvableIceStairs,冰楼梯
chisel:iron_bars,913,true,chisel,team.chisel.block.BlockCarvablePane,铁栅栏
chisel:iron2,914,true,chisel,team.chisel.block.BlockBeaconBase,铁块
chisel:iron_block,915,true,chisel,team.chisel.block.BlockBeaconBase,铁块
chisel:jackolantern1,916,true,chisel,team.chisel.block.BlockCarvablePumpkin,南瓜灯
chisel:jackolantern2,917,true,chisel,team.chisel.block.BlockCarvablePumpkin,南瓜灯
chisel:jackolantern3,918,true,chisel,team.chisel.block.BlockCarvablePumpkin,南瓜灯
chisel:jackolantern4,919,true,chisel,team.chisel.block.BlockCarvablePumpkin,南瓜灯
chisel:jackolantern5,920,true,chisel,team.chisel.block.BlockCarvablePumpkin,南瓜灯
chisel:jackolantern6,921,true,chisel,team.chisel.block.BlockCarvablePumpkin,南瓜灯
chisel:jackolantern7,922,true,chisel,team.chisel.block.BlockCarvablePumpkin,南瓜灯
chisel:jackolantern8,923,true,chisel,team.chisel.block.BlockCarvablePumpkin,南瓜灯
chisel:jackolantern9,924,true,chisel,team.chisel.block.BlockCarvablePumpkin,南瓜灯
chisel:jackolantern10,925,true,chisel,team.chisel.block.BlockCarvablePumpkin,南瓜灯
chisel:jackolantern11,926,true,chisel,team.chisel.block.BlockCarvablePumpkin,南瓜灯
chisel:jackolantern12,927,true,chisel,team.chisel.block.BlockCarvablePumpkin,南瓜灯
chisel:jackolantern13,928,true,chisel,team.chisel.block.BlockCarvablePumpkin,南瓜灯
chisel:jackolantern14,929,true,chisel,team.chisel.block.BlockCarvablePumpkin,南瓜灯
chisel:jackolantern15,930,true,chisel,team.chisel.block.BlockCarvablePumpkin,南瓜灯
chisel:jackolantern16,931,true,chisel,team.chisel.block.BlockCarvablePumpkin,南瓜灯
chisel:laboratoryblock,932,true,chisel,team.chisel.block.BlockCarvable,实验室方块
chisel:lapis_block,933,true,chisel,team.chisel.block.BlockCarvable,青金石块
chisel:lavastone,934,true,chisel,team.chisel.block.BlockLavastone,熔岩石
chisel:leadblock,935,true,chisel,team.chisel.block.BlockBeaconBase,铅块
chisel:leaves,936,true,chisel,team.chisel.block.BlockLeaf,树叶
chisel:limestone,937,true,chisel,team.chisel.block.BlockCarvable,石灰岩
chisel:limestone_slab,938,true,chisel,team.chisel.block.BlockCarvableSlab,石灰岩台阶
chisel:limestone_slab_top,939,true,chisel,team.chisel.block.BlockCarvableSlab,石灰岩台阶
chisel:limestone_stairs.0,940,true,chisel,team.chisel.block.BlockCarvableStairs,石灰岩楼梯
chisel:limestone_stairs.1,941,true,chisel,team.chisel.block.BlockCarvableStairs,石灰岩楼梯
chisel:limestone_stairs.2,942,true,chisel,team.chisel.block.BlockCarvableStairs,石灰岩楼梯
chisel:limestone_stairs.3,943,true,chisel,team.chisel.block.BlockCarvableStairs,石灰岩楼梯
chisel:limestone_stairs.4,944,true,chisel,team.chisel.block.BlockCarvableStairs,石灰岩楼梯
chisel:limestone_stairs.5,945,true,chisel,team.chisel.block.BlockCarvableStairs,石灰岩楼梯
chisel:limestone_stairs.6,946,true,chisel,team.chisel.block.BlockCarvableStairs,石灰岩楼梯
chisel:limestone_stairs.7,947,true,chisel,team.chisel.block.BlockCarvableStairs,石灰岩楼梯
chisel:marble,948,true,chisel,team.chisel.block.BlockCarvable,大理石
chisel:marble_slab,949,true,chisel,team.chisel.block.BlockCarvableSlab,大理石台阶
chisel:marble_slab_top,950,true,chisel,team.chisel.block.BlockCarvableSlab,大理石台阶
chisel:marble_stairs.0,951,true,chisel,team.chisel.block.BlockCarvableStairs,大理石楼梯
chisel:marble_stairs.1,952,true,chisel,team.chisel.block.BlockCarvableStairs,大理石楼梯
chisel:marble_stairs.2,953,true,chisel,team.chisel.block.BlockCarvableStairs,大理石楼梯
chisel:marble_stairs.3,954,true,chisel,team.chisel.block.BlockCarvableStairs,大理石楼梯
chisel:marble_stairs.4,955,true,chisel,team.chisel.block.BlockCarvableStairs,大理石楼梯
chisel:marble_stairs.5,956,true,chisel,team.chisel.block.BlockCarvableStairs,大理石楼梯
chisel:marble_stairs.6,957,true,chisel,team.chisel.block.BlockCarvableStairs,大理石楼梯
chisel:marble_stairs.7,958,true,chisel,team.chisel.block.BlockCarvableStairs,大理石楼梯
chisel:marble_pillar,959,true,chisel,team.chisel.block.BlockCarvable,大理石柱
chisel:marble_pillar_slab,960,true,chisel,team.chisel.block.BlockCarvableSlab,大理石柱板
chisel:marble_pillar_slab_top,961,true,chisel,team.chisel.block.BlockCarvableSlab,大理石柱板
chisel:nation,962,true,chisel,team.chisel.block.BlockCarvable,帝国方块
chisel:rebel,963,true,chisel,team.chisel.block.BlockCarvable,叛军方块
chisel:neonite,964,true,chisel,team.chisel.block.BlockCarvableGlowie,霓虹石
chisel:nether_brick,965,true,chisel,team.chisel.block.BlockCarvable,地狱砖
chisel:netherrack,966,true,chisel,null,地狱岩
chisel:nucrete,967,true,chisel,team.chisel.block.BlockCarvable,结构混凝土
chisel:obsidian,968,true,chisel,team.chisel.block.BlockCarvable,黑曜石
chisel:packedice,969,true,chisel,team.chisel.block.BlockCarvablePackedIce,浮冰
chisel:packedice_pillar,970,true,chisel,team.chisel.block.BlockCarvablePackedIce,浮冰柱
chisel:packedice_stairs.0,971,true,chisel,team.chisel.block.BlockCarvablePackedIceStairs,浮冰楼梯
chisel:packedice_stairs.1,972,true,chisel,team.chisel.block.BlockCarvablePackedIceStairs,浮冰楼梯
chisel:packedice_stairs.2,973,true,chisel,team.chisel.block.BlockCarvablePackedIceStairs,浮冰楼梯
chisel:packedice_stairs.3,974,true,chisel,team.chisel.block.BlockCarvablePackedIceStairs,浮冰楼梯
chisel:packedice_stairs.4,975,true,chisel,team.chisel.block.BlockCarvablePackedIceStairs,浮冰楼梯
chisel:packedice_stairs.5,976,true,chisel,team.chisel.block.BlockCarvablePackedIceStairs,浮冰楼梯
chisel:packedice_stairs.6,977,true,chisel,team.chisel.block.BlockCarvablePackedIceStairs,浮冰楼梯
chisel:packedice_stairs.7,978,true,chisel,team.chisel.block.BlockCarvablePackedIceStairs,浮冰楼梯
chisel:paperwall,979,true,chisel,team.chisel.block.BlockCarvablePane,障子
chisel:paperwall_block,980,true,chisel,team.chisel.block.BlockCarvable,障子方块
chisel:present,981,true,chisel,team.chisel.block.BlockPresent,礼物
chisel:pumpkin1,982,true,chisel,team.chisel.block.BlockCarvablePumpkin,南瓜
chisel:pumpkin2,983,true,chisel,team.chisel.block.BlockCarvablePumpkin,南瓜
chisel:pumpkin3,984,true,chisel,team.chisel.block.BlockCarvablePumpkin,南瓜
chisel:pumpkin4,985,true,chisel,team.chisel.block.BlockCarvablePumpkin,南瓜
chisel:pumpkin5,986,true,chisel,team.chisel.block.BlockCarvablePumpkin,南瓜
chisel:pumpkin6,987,true,chisel,team.chisel.block.BlockCarvablePumpkin,南瓜
chisel:pumpkin7,988,true,chisel,team.chisel.block.BlockCarvablePumpkin,南瓜
chisel:pumpkin8,989,true,chisel,team.chisel.block.BlockCarvablePumpkin,南瓜
chisel:pumpkin9,990,true,chisel,team.chisel.block.BlockCarvablePumpkin,南瓜
chisel:pumpkin10,991,true,chisel,team.chisel.block.BlockCarvablePumpkin,南瓜
chisel:pumpkin11,992,true,chisel,team.chisel.block.BlockCarvablePumpkin,南瓜
chisel:pumpkin12,993,true,chisel,team.chisel.block.BlockCarvablePumpkin,南瓜
chisel:pumpkin13,994,true,chisel,team.chisel.block.BlockCarvablePumpkin,南瓜
chisel:pumpkin14,995,true,chisel,team.chisel.block.BlockCarvablePumpkin,南瓜
chisel:pumpkin15,996,true,chisel,team.chisel.block.BlockCarvablePumpkin,南瓜
chisel:pumpkin16,997,true,chisel,team.chisel.block.BlockCarvablePumpkin,南瓜
chisel:purpur,998,true,chisel,team.chisel.block.BlockCarvable,紫珀块
chisel:redstone_block,999,true,chisel,team.chisel.block.BlockCarvablePowered,红石块
chisel:road_line,1000,true,chisel,team.chisel.block.BlockRoadLine,道路标线
chisel:sandstone,1001,true,chisel,team.chisel.block.BlockCarvable,沙石
chisel:sandstone2,1002,true,chisel,team.chisel.block.BlockCarvable,沙石
chisel:sandstone_scribbles,1003,true,chisel,team.chisel.block.BlockCarvable,刻文沙石
chisel:silverblock,1004,true,chisel,team.chisel.block.BlockBeaconBase,银块
chisel:sand_snakestone,1005,true,chisel,team.chisel.block.BlockSnakestone,蛇纹沙石
chisel:stone_snakestone,1006,true,chisel,team.chisel.block.BlockSnakestone,蛇纹石头
chisel:obsidian_snakestone,1007,true,chisel,team.chisel.block.BlockSnakestoneObsidian,蛇纹黑曜石
chisel:steelblock,1008,true,chisel,team.chisel.block.BlockBeaconBase,钢块
chisel:stonebricksmooth,1009,true,chisel,team.chisel.block.BlockCarvable,石砖
chisel:sveltstone,1010,true,chisel,team.chisel.block.BlockCarvable,精致石头
chisel:technical,1011,true,chisel,team.chisel.block.BlockCarvable,工艺方块
chisel:technical2,1012,true,chisel,team.chisel.block.BlockCarvableGlass,简易工艺方块
chisel:technical3,1013,true,chisel,team.chisel.block.BlockCarvable,工业工艺方块
chisel:technical4,1014,true,chisel,team.chisel.block.BlockCarvable,工艺方块
chisel:templeblock,1015,true,chisel,team.chisel.block.BlockEldritch,神庙石
chisel:mossy_templeblock,1016,true,chisel,team.chisel.block.BlockEldritch,神庙苔石
chisel:tinblock,1017,true,chisel,team.chisel.block.BlockBeaconBase,锡块
chisel:torch1,1018,true,chisel,team.chisel.block.BlockCarvableTorch,火把
chisel:torch2,1019,true,chisel,team.chisel.block.BlockCarvableTorch,火把
chisel:torch3,1020,true,chisel,team.chisel.block.BlockCarvableTorch,火把
chisel:torch4,1021,true,chisel,team.chisel.block.BlockCarvableTorch,火把
chisel:torch5,1022,true,chisel,team.chisel.block.BlockCarvableTorch,火把
chisel:torch6,1023,true,chisel,team.chisel.block.BlockCarvableTorch,火把
chisel:torch7,1024,true,chisel,team.chisel.block.BlockCarvableTorch,火把
chisel:torch8,1025,true,chisel,team.chisel.block.BlockCarvableTorch,火把
chisel:torch9,1026,true,chisel,team.chisel.block.BlockCarvableTorch,火把
chisel:torch10,1027,true,chisel,team.chisel.block.BlockCarvableTorch,火把
chisel:tyrian,1028,true,chisel,team.chisel.block.BlockCarvable,未来风格金属块
chisel:uraniumblock,1029,true,chisel,team.chisel.block.BlockBeaconBase,铀块
chisel:valentines,1030,true,chisel,team.chisel.block.BlockCarvable,爱之方块
chisel:voidstone,1031,true,chisel,team.chisel.block.BlockCarvable,虚空石
chisel:voidstone2,1032,true,chisel,team.chisel.block.BlockCarvable,充能虚空石
chisel:voidstoneRunic,1033,true,chisel,team.chisel.block.BlockCarvable,符文虚空石
chisel:voidstonePillar,1034,true,chisel,team.chisel.block.BlockCarvable,虚空石柱
chisel:voidstonePillar2,1035,true,chisel,team.chisel.block.BlockCarvable,充能虚空石柱
chisel:warningSign,1036,true,chisel,team.chisel.block.BlockCarvableLayered,警告标志
chisel:waterstone,1037,true,chisel,team.chisel.block.BlockWaterstone,水磨石
chisel:oak_planks,1038,true,chisel,team.chisel.block.BlockCarvable,橡木木板
chisel:spruce_planks,1039,true,chisel,team.chisel.block.BlockCarvable,云杉木板
chisel:birch_planks,1040,true,chisel,team.chisel.block.BlockCarvable,白桦木板
chisel:jungle_planks,1041,true,chisel,team.chisel.block.BlockCarvable,丛林木板
chisel:acacia_planks,1042,true,chisel,team.chisel.block.BlockCarvable,金合欢木板
chisel:dark_oak_planks,1043,true,chisel,team.chisel.block.BlockCarvable,深色橡木木板
chisel:woolen_clay,1044,true,chisel,team.chisel.block.BlockCarvable,羊毛黏土
chisel:froglight,1045,true,chisel,team.chisel.block.BlockCarvable,蛙明灯
chisel:lantern,1046,true,chisel,team.chisel.block.BlockCarvable,灯笼
chisel:sheetmetal,1047,true,chisel,team.chisel.block.BlockCarvable,板金属
chisel:moss,1048,true,chisel,team.chisel.block.BlockCarvable,苔藓
chisel:moss_carpet,1049,true,chisel,team.chisel.block.BlockCarvableCarpet,覆地苔藓
chisel:electrumblock,1050,true,chisel,team.chisel.block.BlockBeaconBase,琥珀金块
chisel:invarblock,1051,true,chisel,team.chisel.block.BlockBeaconBase,殷钢块
chisel:nickelblock,1052,true,chisel,team.chisel.block.BlockBeaconBase,镍块
chisel:platinumblock,1053,true,chisel,team.chisel.block.BlockBeaconBase,铂块
chisel:castironblock,1054,true,chisel,team.chisel.block.BlockBeaconBase,Block of Cast Iron
chisel:titaniumblock,1055,true,chisel,team.chisel.block.BlockBeaconBase,钛块
chisel:stainlesssteelblock,1056,true,chisel,team.chisel.block.BlockBeaconBase,不锈钢块
chisel:tungstensteelblock,1057,true,chisel,team.chisel.block.BlockBeaconBase,钨钢块
chisel:rppblock,1058,true,chisel,team.chisel.block.BlockBeaconBase,镀铑钯块
chisel:iridiumblock,1059,true,chisel,team.chisel.block.BlockBeaconBase,铱块
chisel:osmiumblock,1060,true,chisel,team.chisel.block.BlockBeaconBase,锇块
chisel:cobaltblock,1061,true,chisel,team.chisel.block.BlockBeaconBase,钴块
chisel:coral,1062,true,chisel,team.chisel.block.BlockCarvable,珊瑚
chisel:mud,1063,true,chisel,team.chisel.block.BlockCarvable,泥
chisel:albumblock2,1064,true,chisel,team.chisel.block.BlockCarvable,音乐方块
chisel:albumblock,1065,true,chisel,team.chisel.block.BlockCarvable,音乐方块
chisel:brutalism,1066,true,chisel,team.chisel.block.BlockCarvable,粗野主义方块
chisel:porcelain,1067,true,chisel,team.chisel.block.BlockCarvable,瓷器方块
chisel:alabaster,1068,true,chisel,team.chisel.block.BlockCarvable,雪花石膏块
chisel:road2,1069,true,chisel,team.chisel.block.BlockConcrete,道路方块
chisel:road,1070,true,chisel,team.chisel.block.BlockConcrete,道路方块
ExtraUtilities:chestMini,1071,true,ExtraUtilities,com.rwtema.extrautils.tileentity.chests.BlockMiniChest,迷你箱
ExtraUtilities:chestFull,1072,true,ExtraUtilities,com.rwtema.extrautils.tileentity.chests.BlockFullChest,稍大的箱子
ExtraUtilities:enderCollector,1073,true,ExtraUtilities,com.rwtema.extrautils.tileentity.endercollector.BlockEnderCollector,末影收集器
ExtraUtilities:endConstructor,1074,true,ExtraUtilities,com.rwtema.extrautils.tileentity.enderconstructor.BlockEnderConstructor,QED（量子实体设备Quantum Entity Device）
ExtraUtilities:endMarker,1075,true,ExtraUtilities,com.rwtema.extrautils.tileentity.enderquarry.BlockEnderMarkers,末影路标
ExtraUtilities:curtains,1076,true,ExtraUtilities,com.rwtema.extrautils.block.BlockCurtain,黑幕布帘
ExtraUtilities:angelBlock,1077,true,ExtraUtilities,com.rwtema.extrautils.block.BlockAngelBlock,天使方块
ExtraUtilities:budoff,1078,true,ExtraUtilities,com.rwtema.extrautils.block.BlockBUD,方块更新检测器
ExtraUtilities:chandelier,1079,true,ExtraUtilities,com.rwtema.extrautils.block.BlockChandelier,奢华吊顶灯
ExtraUtilities:decorativeBlock1,1080,true,ExtraUtilities,com.rwtema.extrautils.block.BlockDecoration,镶边石砖
ExtraUtilities:decorativeBlock2,1081,true,ExtraUtilities,com.rwtema.extrautils.block.BlockDecoration,增厚玻璃
ExtraUtilities:pureLove,1082,true,ExtraUtilities,com.rwtema.extrautils.block.BlockPureLove,纯洁的爱
ExtraUtilities:block_bedrockium,1083,true,ExtraUtilities,com.rwtema.extrautils.block.BlockBedrockium,基岩块
ExtraUtilities:datablock,1084,true,ExtraUtilities,com.rwtema.extrautils.block.BlockColorData,tile.extrautils:datablock.name
ExtraUtilities:colorStoneBrick,1085,true,ExtraUtilities,com.rwtema.extrautils.block.BlockColor,染色 石砖（白色）
ExtraUtilities:colorWoodPlanks,1086,true,ExtraUtilities,com.rwtema.extrautils.block.BlockColor,染色 橡木木板（白色）
ExtraUtilities:color_lightgem,1087,true,ExtraUtilities,com.rwtema.extrautils.block.BlockColor,染色 萤石（白色）
ExtraUtilities:color_stone,1088,true,ExtraUtilities,com.rwtema.extrautils.block.BlockColor,染色 石头（白色）
ExtraUtilities:color_quartzBlock,1089,true,ExtraUtilities,com.rwtema.extrautils.block.BlockColor,染色 石英块（白色）
ExtraUtilities:color_hellsand,1090,true,ExtraUtilities,com.rwtema.extrautils.block.BlockColor,染色 灵魂沙（白色）
ExtraUtilities:color_redstoneLight,1091,true,ExtraUtilities,com.rwtema.extrautils.block.BlockColor,染色 红石灯（白色）
ExtraUtilities:color_brick,1092,true,ExtraUtilities,com.rwtema.extrautils.block.BlockColor,染色 砖块（白色）
ExtraUtilities:color_stonebrick,1093,true,ExtraUtilities,com.rwtema.extrautils.block.BlockColor,染色 圆石（白色）
ExtraUtilities:color_blockLapis,1094,true,ExtraUtilities,com.rwtema.extrautils.block.BlockColor,染色 青金石块（白色）
ExtraUtilities:color_obsidian,1095,true,ExtraUtilities,com.rwtema.extrautils.block.BlockColor,染色 黑曜石（白色）
ExtraUtilities:color_blockRedstone,1096,true,ExtraUtilities,com.rwtema.extrautils.block.BlockColor,染色 红石块（白色）
ExtraUtilities:color_blockCoal,1097,true,ExtraUtilities,com.rwtema.extrautils.block.BlockColor,染色 煤炭块（白色）
ExtraUtilities:cobblestone_compressed,1098,true,ExtraUtilities,com.rwtema.extrautils.block.BlockCobblestoneCompressed,压缩圆石
ExtraUtilities:conveyor,1099,true,ExtraUtilities,com.rwtema.extrautils.block.BlockConveyor,传送带
ExtraUtilities:filing,1100,true,ExtraUtilities,com.rwtema.extrautils.block.BlockFilingCabinet,文档柜
ExtraUtilities:greenscreen,1101,true,ExtraUtilities,com.rwtema.extrautils.block.BlockGreenScreen,苍雪之纯色光屏（白）
ExtraUtilities:peaceful_table_top,1102,true,ExtraUtilities,com.rwtema.extrautils.block.BlockPeacefulTable,和平之桌
ExtraUtilities:trading_post,1103,true,ExtraUtilities,com.rwtema.extrautils.block.BlockTradingPost,贸易站
ExtraUtilities:sound_muffler,1104,true,ExtraUtilities,com.rwtema.extrautils.block.BlockSoundMuffler,消音器
ExtraUtilities:extractor_base,1105,true,ExtraUtilities,com.rwtema.extrautils.tileentity.transfernodes.BlockTransferNode,传输节点（物品）
ExtraUtilities:extractor_base_remote,1106,true,ExtraUtilities,com.rwtema.extrautils.tileentity.transfernodes.BlockRetrievalNode,检索节点（物品）
ExtraUtilities:pipes,1107,true,ExtraUtilities,com.rwtema.extrautils.tileentity.transfernodes.BlockTransferPipe,运输管道
ExtraUtilities:pipes.1,1108,true,ExtraUtilities,com.rwtema.extrautils.tileentity.transfernodes.BlockTransferPipe,超越分配管道
ExtraUtilities:cursedearthside,1109,true,ExtraUtilities,com.rwtema.extrautils.block.BlockCursedEarth,诅咒之土
ExtraUtilities:trashcan,1110,true,ExtraUtilities,com.rwtema.extrautils.block.BlockTrashCan,垃圾桶
ExtraUtilities:spike_base,1111,true,ExtraUtilities,com.rwtema.extrautils.block.BlockSpike,铁锥
ExtraUtilities:spike_base_diamond,1112,true,ExtraUtilities,com.rwtema.extrautils.block.BlockSpikeDiamond,钻石锥刺
ExtraUtilities:spike_base_gold,1113,true,ExtraUtilities,com.rwtema.extrautils.block.BlockSpikeGold,黄金锥刺
ExtraUtilities:spike_base_wood,1114,true,ExtraUtilities,com.rwtema.extrautils.block.BlockSpikeWood,木质锥刺
ExtraUtilities:enderThermicPump,1115,true,ExtraUtilities,com.rwtema.extrautils.block.BlockEnderthermicPump,末影岩浆泵
ExtraUtilities:enderQuarry,1116,true,ExtraUtilities,com.rwtema.extrautils.tileentity.enderquarry.BlockEnderQuarry,末影采石场
ExtraUtilities:enderQuarryUpgrade,1117,true,ExtraUtilities,com.rwtema.extrautils.tileentity.enderquarry.BlockQuarryUpgrades,末影采石场升级基座
ExtraUtilities:plant/ender_lilly,1118,true,ExtraUtilities,com.rwtema.extrautils.block.BlockEnderLily,末影百合种子
ExtraUtilities:timer,1119,true,ExtraUtilities,com.rwtema.extrautils.block.BlockTimer,红石钟
ExtraUtilities:magnumTorch,1120,true,ExtraUtilities,com.rwtema.extrautils.block.BlockMagnumTorch,卓越火炬
ExtraUtilities:drum,1121,true,ExtraUtilities,com.rwtema.extrautils.block.BlockDrum,筒
ExtraUtilities:generator,1122,true,ExtraUtilities,com.rwtema.extrautils.tileentity.generators.BlockGenerator,生存者发电机
ExtraUtilities:generator.8,1123,true,ExtraUtilities,com.rwtema.extrautils.tileentity.generators.BlockGenerator,生存者发电机
ExtraUtilities:generator.64,1124,true,ExtraUtilities,com.rwtema.extrautils.tileentity.generators.BlockGenerator,生存者发电机
ExtraUtilities:dark_portal,1125,true,ExtraUtilities,com.rwtema.extrautils.block.BlockPortal,漆黑之门
ExtraUtilities:etherealglass,1126,true,ExtraUtilities,com.rwtema.extrautils.block.BlockEtherealStone,天域玻璃
ImmersiveEngineering:ore,1127,true,ImmersiveEngineering,blusunrize.immersiveengineering.common.blocks.BlockIEBase.BlockIESimple,铜矿石
ImmersiveEngineering:storage,1128,true,ImmersiveEngineering,blusunrize.immersiveengineering.common.blocks.BlockStorage,铜块
ImmersiveEngineering:storageSlab,1129,true,ImmersiveEngineering,blusunrize.immersiveengineering.common.blocks.BlockIESlabs,铜台阶
ImmersiveEngineering:stoneSlab,1130,true,ImmersiveEngineering,blusunrize.immersiveengineering.common.blocks.BlockIESlabs,麻凝土台阶
ImmersiveEngineering:metalDevice,1131,true,ImmersiveEngineering,blusunrize.immersiveengineering.common.blocks.metal.BlockMetalDevices,低压接线器
ImmersiveEngineering:metalDevice2,1132,true,ImmersiveEngineering,blusunrize.immersiveengineering.common.blocks.metal.BlockMetalDevices2,断路刀闸
ImmersiveEngineering:metalDecoration,1133,true,ImmersiveEngineering,blusunrize.immersiveengineering.common.blocks.metal.BlockMetalDecoration,钢栅栏
ImmersiveEngineering:metalDecoration2,1134,true,ImmersiveEngineering,blusunrize.immersiveengineering.common.blocks.metal.BlockMetalDecoration2,铝板金属块
ImmersiveEngineering:metalMultiblock,1135,true,ImmersiveEngineering,blusunrize.immersiveengineering.common.blocks.metal.BlockMetalMultiblocks,避雷针基座
ImmersiveEngineering:woodenDevice,1136,true,ImmersiveEngineering,blusunrize.immersiveengineering.common.blocks.wooden.BlockWoodenDevices,木杆
ImmersiveEngineering:woodenDecoration,1137,true,ImmersiveEngineering,blusunrize.immersiveengineering.common.blocks.wooden.BlockWoodenDecoration,防腐木板
ImmersiveEngineering:treatedWood,1138,true,ImmersiveEngineering,blusunrize.immersiveengineering.common.blocks.BlockIEBase.BlockIESimple,防腐木板
ImmersiveEngineering:woodenStairs,1139,true,ImmersiveEngineering,blusunrize.immersiveengineering.common.blocks.BlockIEStairs,防腐木楼梯
ImmersiveEngineering:woodenStairs1,1140,true,ImmersiveEngineering,blusunrize.immersiveengineering.common.blocks.BlockIEStairs,防腐木楼梯
ImmersiveEngineering:woodenStairs2,1141,true,ImmersiveEngineering,blusunrize.immersiveengineering.common.blocks.BlockIEStairs,防腐木楼梯
ImmersiveEngineering:stoneDevice,1142,true,ImmersiveEngineering,blusunrize.immersiveengineering.common.blocks.stone.BlockStoneDevices,麻凝土
ImmersiveEngineering:stoneDecoration,1143,true,ImmersiveEngineering,blusunrize.immersiveengineering.common.blocks.stone.BlockStoneDecoration,麻凝土
ImmersiveEngineering:concreteStairs,1144,true,ImmersiveEngineering,blusunrize.immersiveengineering.common.blocks.BlockIEStairs,混凝土楼梯
ImmersiveEngineering:concreteTileStairs,1145,true,ImmersiveEngineering,blusunrize.immersiveengineering.common.blocks.BlockIEStairs,混凝土砖楼梯
ImmersiveEngineering:hemp,1146,true,ImmersiveEngineering,blusunrize.immersiveengineering.common.blocks.plant.BlockIECrop,工业大麻
ImmersiveEngineering:fakeLight,1147,true,ImmersiveEngineering,blusunrize.immersiveengineering.common.blocks.BlockFakeLight,tile.ImmersiveEngineering.fakeLight.name
ImmersiveEngineering:clothDevice,1148,true,ImmersiveEngineering,blusunrize.immersiveengineering.common.blocks.cloth.BlockClothDevices,气球
MineFactoryReloaded:conveyor,1149,true,MineFactoryReloaded,powercrystals.minefactoryreloaded.block.transport.BlockConveyor,白色传送带
MineFactoryReloaded:machineblock,1150,true,MineFactoryReloaded,powercrystals.minefactoryreloaded.block.decor.BlockFactoryDecoration,工厂机械块
MineFactoryReloaded:machine.0,1151,true,MineFactoryReloaded,powercrystals.minefactoryreloaded.block.BlockFactoryMachine,播种机
MineFactoryReloaded:machine.1,1152,true,MineFactoryReloaded,powercrystals.minefactoryreloaded.block.BlockFactoryMachine,弹射器
MineFactoryReloaded:machine.2,1153,true,MineFactoryReloaded,powercrystals.minefactoryreloaded.block.BlockFactoryMachine,镭射钻
MineFactoryReloaded:tank,1154,true,MineFactoryReloaded,powercrystals.minefactoryreloaded.block.fluid.BlockTank,塑料水槽
MineFactoryReloaded:cable.plastic,1155,true,MineFactoryReloaded,powercrystals.minefactoryreloaded.block.transport.BlockPlasticPipe,塑料管道
MineFactoryReloaded:cable.redstone,1156,true,MineFactoryReloaded,powercrystals.minefactoryreloaded.block.transport.BlockRedNetCable,红石线缆
MineFactoryReloaded:rednet.logic,1157,true,MineFactoryReloaded,powercrystals.minefactoryreloaded.block.BlockRedNetLogic,可编程红石控制器
MineFactoryReloaded:rednet.panel,1158,true,MineFactoryReloaded,powercrystals.minefactoryreloaded.block.BlockRedNetPanel,波形记录器
MineFactoryReloaded:rail.cargo.pickup,1159,true,MineFactoryReloaded,powercrystals.minefactoryreloaded.block.transport.BlockRailCargoPickup,货运装载轨道
MineFactoryReloaded:rail.cargo.dropoff,1160,true,MineFactoryReloaded,powercrystals.minefactoryreloaded.block.transport.BlockRailCargoDropoff,货运卸载轨道
MineFactoryReloaded:rail.passenger.pickup,1161,true,MineFactoryReloaded,powercrystals.minefactoryreloaded.block.transport.BlockRailPassengerPickup,乘客搭车轨道
MineFactoryReloaded:rail.passenger.dropoff,1162,true,MineFactoryReloaded,powercrystals.minefactoryreloaded.block.transport.BlockRailPassengerDropoff,乘客下车轨道
MineFactoryReloaded:rubberwood.sapling,1163,true,MineFactoryReloaded,powercrystals.minefactoryreloaded.block.BlockRubberSapling,橡胶树树苗
MineFactoryReloaded:rubberwood.log,1164,true,MineFactoryReloaded,powercrystals.minefactoryreloaded.block.BlockRubberWood,橡胶木
MineFactoryReloaded:rubberwood.leaves,1165,true,MineFactoryReloaded,powercrystals.minefactoryreloaded.block.BlockRubberLeaves,橡胶树叶
MineFactoryReloaded:stainedglass.block,1166,true,MineFactoryReloaded,powercrystals.minefactoryreloaded.block.decor.BlockFactoryGlass,白色玻璃
MineFactoryReloaded:stainedglass.pane,1167,true,MineFactoryReloaded,powercrystals.minefactoryreloaded.block.decor.BlockFactoryGlassPane,白色玻璃板
MineFactoryReloaded:road,1168,true,MineFactoryReloaded,powercrystals.minefactoryreloaded.block.transport.BlockFactoryRoad,铺路砖
MineFactoryReloaded:plastic,1169,true,MineFactoryReloaded,powercrystals.minefactoryreloaded.block.decor.BlockFactoryPlastic,塑料块
MineFactoryReloaded:brick,1170,true,MineFactoryReloaded,powercrystals.minefactoryreloaded.block.decor.BlockDecorativeBricks,冰砖块
MineFactoryReloaded:stone,1171,true,MineFactoryReloaded,powercrystals.minefactoryreloaded.block.decor.BlockDecorativeStone,光滑黑岩
MineFactoryReloaded:pinkslime.block,1172,true,MineFactoryReloaded,powercrystals.minefactoryreloaded.block.decor.BlockPinkSlime,粉色粘液块
MineFactoryReloaded:vinescaffold,1173,true,MineFactoryReloaded,powercrystals.minefactoryreloaded.block.BlockVineScaffold,藤蔓脚手架
MineFactoryReloaded:farmland,1174,true,MineFactoryReloaded,powercrystals.minefactoryreloaded.block.BlockFertileSoil,沃土
MineFactoryReloaded:detcord,1175,true,MineFactoryReloaded,powercrystals.minefactoryreloaded.block.BlockDetCord,引爆线圈
MineFactoryReloaded:laserair,1176,false,null,powercrystals.minefactoryreloaded.block.BlockFakeLaser,null
MineFactoryReloaded:milk.still,1177,true,MineFactoryReloaded,powercrystals.minefactoryreloaded.block.fluid.BlockFactoryFluid,牛奶
MineFactoryReloaded:sludge.still,1178,true,MineFactoryReloaded,powercrystals.minefactoryreloaded.block.fluid.BlockFactoryFluid,污泥
MineFactoryReloaded:sewage.still,1179,true,MineFactoryReloaded,powercrystals.minefactoryreloaded.block.fluid.BlockFactoryFluid,污水
MineFactoryReloaded:mobessence.still,1180,true,MineFactoryReloaded,powercrystals.minefactoryreloaded.block.fluid.BlockFactoryFluid,精华液
MineFactoryReloaded:biofuel.still,1181,true,MineFactoryReloaded,powercrystals.minefactoryreloaded.block.fluid.BlockExplodingFluid,生物燃油
MineFactoryReloaded:meat.still,1182,true,MineFactoryReloaded,powercrystals.minefactoryreloaded.block.fluid.BlockFactoryFluid,肉汤
MineFactoryReloaded:pinkslime.still,1183,true,MineFactoryReloaded,powercrystals.minefactoryreloaded.block.fluid.BlockPinkSlimeFluid,粉色粘液
MineFactoryReloaded:chocolatemilk.still,1184,true,MineFactoryReloaded,powercrystals.minefactoryreloaded.block.fluid.BlockFactoryFluid,巧克力牛奶
MineFactoryReloaded:mushroomsoup.still,1185,true,MineFactoryReloaded,powercrystals.minefactoryreloaded.block.fluid.BlockFactoryFluid,蘑菇汤
MineFactoryReloaded:steam.still,1186,true,MineFactoryReloaded,powercrystals.minefactoryreloaded.block.fluid.BlockFactoryFluid,蒸汽
TConstruct:liquid.slime,1187,true,TConstruct,tconstruct.blocks.slime.SlimeFluid,液态史莱姆
TConstruct:MeatBlock,1188,true,TConstruct,tconstruct.world.blocks.MeatBlock,火腿块
TConstruct:WoolSlab1,1189,true,TConstruct,tconstruct.blocks.SlabBase,羊毛台阶
TConstruct:WoolSlab2,1190,true,TConstruct,tconstruct.blocks.SlabBase,淡灰色羊毛台阶
TConstruct:trap.punji,1191,true,TConstruct,tconstruct.blocks.traps.Punji,尖竹钉
TConstruct:trap.barricade.oak,1192,true,TConstruct,tconstruct.blocks.traps.BarricadeBlock,橡木篱笆
TConstruct:trap.barricade.spruce,1193,true,TConstruct,tconstruct.blocks.traps.BarricadeBlock,云杉木篱笆
TConstruct:trap.barricade.birch,1194,true,TConstruct,tconstruct.blocks.traps.BarricadeBlock,白桦木篱笆
TConstruct:trap.barricade.jungle,1195,true,TConstruct,tconstruct.blocks.traps.BarricadeBlock,丛林木篱笆
TConstruct:explosive.slime,1196,true,TConstruct,tconstruct.world.blocks.SlimeExplosive,SDX黏性炸药
TConstruct:slime.gel,1197,true,TConstruct,tconstruct.blocks.slime.SlimeGel,蓝色凝固史莱姆块
TConstruct:slime.grass,1198,true,TConstruct,tconstruct.blocks.slime.SlimeGrass,史莱姆草方块
TConstruct:slime.grass.tall,1199,true,TConstruct,tconstruct.blocks.slime.SlimeTallGrass,史莱姆草
TConstruct:slime.leaves,1200,true,TConstruct,tconstruct.blocks.slime.SlimeLeaves,史莱姆树叶
TConstruct:slime.sapling,1201,true,TConstruct,tconstruct.blocks.slime.SlimeSapling,史莱姆树苗
TConstruct:slime.channel,1202,true,TConstruct,tconstruct.world.blocks.ConveyorBase,史莱姆通道
TConstruct:blood.channel,1203,true,TConstruct,tconstruct.world.blocks.ConveyorBase,血通道
TConstruct:slime.pad,1204,true,TConstruct,tconstruct.world.blocks.SlimePad,弹跳板
TConstruct:decoration.stonetorch,1205,true,TConstruct,tconstruct.world.blocks.StoneTorch,石柄火把
TConstruct:decoration.stoneladder,1206,true,TConstruct,tconstruct.world.blocks.StoneLadder,石头梯子
TConstruct:decoration.multibrick,1207,true,TConstruct,tconstruct.tools.blocks.MultiBrick,黑曜石砖块
TConstruct:decoration.multibrickfancy,1208,true,TConstruct,tconstruct.tools.blocks.MultiBrickFancy,精致黑曜石砖块
TConstruct:decoration.multibrickmetal,1209,true,TConstruct,tconstruct.tools.blocks.MultiBrickMetal,耐酸铝砖块
TConstruct:ore.berries.one,1210,true,TConstruct,tconstruct.world.blocks.OreberryBush,铁矿莓丛
TConstruct:ore.berries.two,1211,true,TConstruct,tconstruct.world.blocks.OreberryBushEssence,铝矿莓丛
TConstruct:SearedBrick,1212,true,TConstruct,tconstruct.smeltery.blocks.MetalOre,地狱岩碎片
TConstruct:GravelOre,1213,true,TConstruct,tconstruct.world.blocks.GravelOre,铁矿沙砾
TConstruct:rail.wood,1214,true,TConstruct,tconstruct.world.blocks.WoodRail,木轨道
TConstruct:MetalBlock,1215,true,TConstruct,tconstruct.world.blocks.TMetalBlock,钴块
TConstruct:ToolStationBlock,1216,true,TConstruct,tconstruct.tools.blocks.ToolStationBlock,工具组装台
TConstruct:ToolForgeBlock,1217,true,TConstruct,tconstruct.tools.blocks.ToolForgeBlock,工具装配台
TConstruct:CraftingStation,1218,true,TConstruct,tconstruct.tools.blocks.CraftingStationBlock,合成站
TConstruct:CraftingSlab,1219,true,TConstruct,tconstruct.tools.blocks.CraftingSlab,合成站
TConstruct:FurnaceSlab,1220,true,TConstruct,tconstruct.tools.blocks.FurnaceSlab,半砖熔炉
TConstruct:HeldItemBlock,1221,true,TConstruct,tconstruct.tools.blocks.EquipBlock,煎锅
TConstruct:BattleSignBlock,1222,true,TConstruct,tconstruct.tools.blocks.BattlesignBlock,tile.Battlesign.name
TConstruct:CraftedSoil,1223,true,TConstruct,tconstruct.world.blocks.SoilBlock,黏滑泥泞
TConstruct:fluid.molten.iron,1224,true,TConstruct,tconstruct.smeltery.blocks.TConstructFluid,熔融铁
TConstruct:fluid.molten.gold,1225,true,TConstruct,tconstruct.smeltery.blocks.TConstructFluid,熔融金
TConstruct:fluid.molten.copper,1226,true,TConstruct,tconstruct.smeltery.blocks.TConstructFluid,熔融铜
TConstruct:fluid.molten.tin,1227,true,TConstruct,tconstruct.smeltery.blocks.TConstructFluid,熔融锡
TConstruct:fluid.molten.aluminum,1228,true,TConstruct,tconstruct.smeltery.blocks.TConstructFluid,熔融铝
TConstruct:fluid.molten.cobalt,1229,true,TConstruct,tconstruct.smeltery.blocks.TConstructFluid,熔融钴
TConstruct:fluid.molten.ardite,1230,true,TConstruct,tconstruct.smeltery.blocks.TConstructFluid,熔融阿迪特
TConstruct:fluid.molten.bronze,1231,true,TConstruct,tconstruct.smeltery.blocks.TConstructFluid,熔融青铜
TConstruct:fluid.molten.alubrass,1232,true,TConstruct,tconstruct.smeltery.blocks.TConstructFluid,熔融铝黄铜
TConstruct:fluid.molten.manyullyn,1233,true,TConstruct,tconstruct.smeltery.blocks.TConstructFluid,熔融玛玉灵
TConstruct:fluid.molten.alumite,1234,true,TConstruct,tconstruct.smeltery.blocks.TConstructFluid,熔融耐酸铝
TConstruct:fluid.molten.obsidian,1235,true,TConstruct,tconstruct.smeltery.blocks.TConstructFluid,熔融黑曜石
TConstruct:fluid.molten.steel,1236,true,TConstruct,tconstruct.smeltery.blocks.TConstructFluid,熔融钢
TConstruct:fluid.molten.glass,1237,true,TConstruct,tconstruct.smeltery.blocks.TConstructFluid,熔融玻璃
TConstruct:molten.stone,1238,true,TConstruct,tconstruct.smeltery.blocks.TConstructFluid,熔融石头
TConstruct:molten.emerald,1239,true,TConstruct,tconstruct.smeltery.blocks.TConstructFluid,熔融绿宝石
TConstruct:molten.quartz,1240,true,TConstruct,tconstruct.smeltery.blocks.TConstructFluid,熔融下界石英
TConstruct:fluid.molten.nickel,1241,true,TConstruct,tconstruct.smeltery.blocks.TConstructFluid,熔融镍
TConstruct:fluid.molten.lead,1242,true,TConstruct,tconstruct.smeltery.blocks.TConstructFluid,熔融铅
TConstruct:fluid.molten.silver,1243,true,TConstruct,tconstruct.smeltery.blocks.TConstructFluid,熔融银
TConstruct:fluid.molten.shiny,1244,true,TConstruct,tconstruct.smeltery.blocks.TConstructFluid,熔融铂金
TConstruct:fluid.molten.invar,1245,true,TConstruct,tconstruct.smeltery.blocks.TConstructFluid,熔融殷钢
TConstruct:fluid.molten.electrum,1246,true,TConstruct,tconstruct.smeltery.blocks.TConstructFluid,熔融琥珀金
TConstruct:fluid.ender,1247,true,TConstruct,tconstruct.smeltery.blocks.TConstructFluid,熔融末影珍珠
TConstruct:fluid.molten.lumium,1248,true,TConstruct,tconstruct.smeltery.blocks.TConstructFluid,熔融流明
TConstruct:fluid.molten.signalum,1249,true,TConstruct,tconstruct.smeltery.blocks.TConstructFluid,熔融信素
TConstruct:fluid.molten.mithril,1250,true,TConstruct,tconstruct.smeltery.blocks.TConstructFluid,熔融蕴魔金属
TConstruct:fluid.molten.enderium,1251,true,TConstruct,tconstruct.smeltery.blocks.TConstructFluid,熔融末影
TConstruct:liquid.blood,1252,true,TConstruct,tconstruct.smeltery.blocks.BloodBlock,血
TConstruct:liquid.glue,1253,true,TConstruct,tconstruct.smeltery.blocks.GlueFluid,凝胶
TConstruct:fluid.molten.pigiron,1254,true,TConstruct,tconstruct.smeltery.blocks.PigIronMoltenBlock,熔融生铁
TConstruct:SearedSlab,1255,true,TConstruct,tconstruct.smeltery.blocks.SearedSlab,焦黑砖块台阶
TConstruct:SpeedSlab,1256,true,TConstruct,tconstruct.smeltery.blocks.SpeedSlab,粗质褐岩台阶
TConstruct:GlueBlock,1257,true,TConstruct,tconstruct.smeltery.blocks.GlueBlock,凝胶方块
TConstruct:Smeltery,1258,true,TConstruct,tconstruct.smeltery.blocks.SmelteryBlock,冶炼炉控制器
TConstruct:SmelteryNether,1259,true,TConstruct,tconstruct.smeltery.blocks.SmelteryBlock,冶炼炉控制器
TConstruct:LavaTank,1260,true,TConstruct,tconstruct.smeltery.blocks.LavaTankBlock,焦黑储罐
TConstruct:LavaTankNether,1261,true,TConstruct,tconstruct.smeltery.blocks.LavaTankBlock,焦黑储罐
TConstruct:SearedBlock,1262,true,TConstruct,tconstruct.smeltery.blocks.SearedBlock,浇铸台
TConstruct:SearedBlockNether,1263,true,TConstruct,tconstruct.smeltery.blocks.SearedBlock,浇铸台
TConstruct:CastingChannel,1264,true,TConstruct,tconstruct.smeltery.blocks.CastingChannelBlock,浇注道
TConstruct:SpeedBlock,1265,true,TConstruct,tconstruct.smeltery.blocks.SpeedBlock,粗质褐岩
TConstruct:GlassBlock,1266,true,TConstruct,tconstruct.smeltery.blocks.GlassBlockConnected,通透玻璃
TConstruct:GlassPane,1267,true,TConstruct,tconstruct.smeltery.blocks.GlassPaneConnected,通透玻璃板
TConstruct:GlassBlock.StainedClear,1268,true,TConstruct,tconstruct.smeltery.blocks.GlassBlockConnectedMeta,白色玻璃
TConstruct:GlassPaneClearStained,1269,true,TConstruct,tconstruct.smeltery.blocks.GlassPaneConnectedMeta,白色玻璃板
TConstruct:Redstone.Landmine,1270,true,TConstruct,tconstruct.mechworks.blocks.BlockLandmine,地雷
TConstruct:Armor.DryingRack,1271,true,TConstruct,tconstruct.armor.blocks.DryingRack,晾干架
DraconicEvolution:xRayBlock,1272,true,DraconicEvolution,com.brandon3055.draconicevolution.common.blocks.XRayBlock,透视方块
DraconicEvolution:weatherController,1273,true,DraconicEvolution,com.brandon3055.draconicevolution.common.blocks.machine.WeatherController,气象控制器
DraconicEvolution:sunDial,1274,true,DraconicEvolution,com.brandon3055.draconicevolution.common.blocks.machine.SunDial,日晷
DraconicEvolution:draconiumOre,1275,true,DraconicEvolution,com.brandon3055.draconicevolution.common.blocks.DraconiumOre,龙矿
DraconicEvolution:grinder,1276,true,DraconicEvolution,com.brandon3055.draconicevolution.common.blocks.machine.Grinder,怪物粉碎机
DraconicEvolution:potentiometer,1277,true,DraconicEvolution,com.brandon3055.draconicevolution.common.blocks.Potentiometer,电位器
DraconicEvolution:rainSensor,1278,true,DraconicEvolution,com.brandon3055.draconicevolution.common.blocks.RainSensor,雨水传感器
DraconicEvolution:particleGenerator,1279,true,DraconicEvolution,com.brandon3055.draconicevolution.common.blocks.ParticleGenerator,粒子发生器
DraconicEvolution:playerDetector,1280,true,DraconicEvolution,com.brandon3055.draconicevolution.common.blocks.machine.PlayerDetector,玩家探测器
DraconicEvolution:playerDetectorAdvanced,1281,true,DraconicEvolution,com.brandon3055.draconicevolution.common.blocks.machine.PlayerDetectorAdvanced,高级玩家探测器
DraconicEvolution:energyInfuser,1282,true,DraconicEvolution,com.brandon3055.draconicevolution.common.blocks.machine.EnergyInfuser,能量注入器
DraconicEvolution:customSpawner,1283,true,DraconicEvolution,com.brandon3055.draconicevolution.common.blocks.CustomSpawner,稳定刷怪笼
DraconicEvolution:generator,1284,true,DraconicEvolution,com.brandon3055.draconicevolution.common.blocks.machine.Generator,发电机
DraconicEvolution:energyStorageCore,1285,true,DraconicEvolution,com.brandon3055.draconicevolution.common.blocks.multiblock.EnergyStorageCore,能量核心
DraconicEvolution:earth,1286,true,DraconicEvolution,com.brandon3055.draconicevolution.common.blocks.multiblock.Earth,地
DraconicEvolution:draconium,1287,true,DraconicEvolution,com.brandon3055.draconicevolution.common.blocks.DraconiumBlock,龙块
DraconicEvolution:invisibleMultiblock,1288,true,DraconicEvolution,com.brandon3055.draconicevolution.common.blocks.multiblock.InvisibleMultiblock,能量核心（隐藏）
DraconicEvolution:energyPylon,1289,true,DraconicEvolution,com.brandon3055.draconicevolution.common.blocks.multiblock.EnergyPylon,能量塔
DraconicEvolution:placedItem,1290,true,DraconicEvolution,com.brandon3055.draconicevolution.common.blocks.PlacedItem,放置的物品
DraconicEvolution:safetyFlame,1291,true,DraconicEvolution,com.brandon3055.draconicevolution.common.blocks.SafetyFlame,安全的火焰
DraconicEvolution:cKeyStone,1292,true,DraconicEvolution,com.brandon3055.draconicevolution.common.blocks.CKeyStone,创造锁
DraconicEvolution:dissEnchanter,1293,true,DraconicEvolution,com.brandon3055.draconicevolution.common.blocks.machine.DissEnchanter,祛魔台
DraconicEvolution:teleporterStand,1294,true,DraconicEvolution,com.brandon3055.draconicevolution.common.blocks.TeleporterStand,错位宝石底座
DraconicEvolution:draconiumChest,1295,true,DraconicEvolution,com.brandon3055.draconicevolution.common.blocks.DraconiumChest,龙箱
DraconicEvolution:draconicBlock,1296,true,DraconicEvolution,com.brandon3055.draconicevolution.common.blocks.DraconicBlock,觉醒龙块
DraconicEvolution:energyCrystal,1297,true,DraconicEvolution,com.brandon3055.draconicevolution.common.blocks.machine.EnergyCrystal,能量中继器
DraconicEvolution:infusedObsidian,1298,true,DraconicEvolution,com.brandon3055.draconicevolution.common.blocks.InfusedObsidian,注入龙力的黑曜石
DraconicEvolution:dislocatorReceptacle,1299,true,DraconicEvolution,com.brandon3055.draconicevolution.common.blocks.multiblock.DislocatorReceptacle,错位容器
DraconicEvolution:portal,1300,true,DraconicEvolution,com.brandon3055.draconicevolution.common.blocks.multiblock.Portal,门
DraconicEvolution:reactorCore,1301,true,DraconicEvolution,com.brandon3055.draconicevolution.common.blocks.multiblock.ReactorCore,反应堆核心
DraconicEvolution:flowGate,1302,true,DraconicEvolution,com.brandon3055.draconicevolution.common.blocks.machine.FlowGate,能量阀门
DraconicEvolution:reactorStabilizer,1303,true,DraconicEvolution,com.brandon3055.draconicevolution.common.blocks.multiblock.ReactorStabilizer,反应堆稳定器
DraconicEvolution:reactorEnergyInjector,1304,true,DraconicEvolution,com.brandon3055.draconicevolution.common.blocks.multiblock.ReactorEnergyInjector,反应堆能量喷射器
DraconicEvolution:chaosCrystal,1305,true,DraconicEvolution,com.brandon3055.draconicevolution.common.blocks.ChaosCrystal,混沌晶体
DraconicEvolution:upgradeModifier,1306,true,DraconicEvolution,com.brandon3055.draconicevolution.common.blocks.machine.UpgradeModifier,升级调整器
DraconicEvolution:dislocatorInhibitor,1307,true,DraconicEvolution,com.brandon3055.draconicevolution.common.blocks.machine.DislocatorInhibitor,错位宝石抑制器
DraconicEvolution:longRangeDislocator,1308,true,DraconicEvolution,com.brandon3055.draconicevolution.common.blocks.machine.LongRangeDislocator,长距离错位宝石
DraconicEvolution:chaosShardAtmos,1309,true,DraconicEvolution,com.brandon3055.draconicevolution.common.blocks.ChaosShardAtmos,混沌碎片
EnderIO:blockStirlingGenerator,1310,true,EnderIO,crazypants.enderio.machine.generator.stirling.BlockStirlingGenerator,斯特林发电机
EnderIO:blockCombustionGenerator,1311,true,EnderIO,crazypants.enderio.machine.generator.combustion.BlockCombustionGenerator,燃烧发电机
EnderIO:blockZombieGenerator,1312,true,EnderIO,crazypants.enderio.machine.generator.zombie.BlockZombieGenerator,僵尸发电机
EnderIO:blockFrankenzombieGenerator,1313,true,EnderIO,crazypants.enderio.machine.generator.zombie.BlockZombieGenerator.BlockFrankenZombieGenerator,人造僵尸发电机
EnderIO:blockEnderGenerator,1314,true,EnderIO,crazypants.enderio.machine.generator.zombie.BlockZombieGenerator.BlockEnderGenerator,末影人发电机
EnderIO:blockSolarPanel,1315,true,EnderIO,crazypants.enderio.machine.solar.BlockSolarPanel,光伏板
EnderIO:blockSagMill,1316,true,EnderIO,crazypants.enderio.machine.crusher.BlockCrusher,SAG磨粉机
EnderIO:blockAlloySmelter,1317,true,EnderIO,crazypants.enderio.machine.alloy.BlockAlloySmelter,合金炉
EnderIO:blockCapBank,1318,true,EnderIO,crazypants.enderio.machine.capbank.BlockCapBank,创造模式电容库
EnderIO:blockPainter,1319,true,EnderIO,crazypants.enderio.machine.painter.BlockPainter,喷涂机
EnderIO:blockPaintedFence,1320,true,EnderIO,crazypants.enderio.machine.painter.BlockPaintedFence,喷涂栅栏
EnderIO:blockPaintedFenceGate,1321,true,EnderIO,crazypants.enderio.machine.painter.BlockPaintedFenceGate,喷涂门
EnderIO:blockPaintedWall,1322,true,EnderIO,crazypants.enderio.machine.painter.BlockPaintedWall,喷涂墙
EnderIO:blockPaintedStair,1323,true,EnderIO,crazypants.enderio.machine.painter.BlockPaintedStair,喷涂楼梯
EnderIO:blockPaintedSlab,1324,true,EnderIO,crazypants.enderio.machine.painter.BlockPaintedSlab,喷涂台阶
EnderIO:blockPaintedDoubleSlab,1325,true,EnderIO,crazypants.enderio.machine.painter.BlockPaintedSlab,喷涂台阶
EnderIO:blockCrafter,1326,true,EnderIO,crazypants.enderio.machine.crafter.BlockCrafter,装配器
EnderIO:blockPaintedGlowstone,1327,true,EnderIO,crazypants.enderio.machine.painter.BlockPaintedGlowstone,喷涂荧石
EnderIO:blockPaintedCarpet,1328,true,EnderIO,crazypants.enderio.machine.painter.BlockPaintedCarpet,喷涂地毯
EnderIO:blockVat,1329,true,EnderIO,crazypants.enderio.machine.vat.BlockVat,酿液桶
EnderIO:blockPowerMonitor,1330,true,EnderIO,crazypants.enderio.machine.monitor.BlockPowerMonitor,能量监控器
EnderIO:blockFarmStation,1331,true,EnderIO,crazypants.enderio.machine.farm.BlockFarmStation,种植站
EnderIO:blockWirelessCharger,1332,true,EnderIO,crazypants.enderio.machine.wireless.BlockWirelessCharger,无线充能器
EnderIO:blockHyperCube,1333,true,EnderIO,crazypants.enderio.machine.hypercube.BlockHyperCube,空间传送器（弃用）
EnderIO:blockTank,1334,true,EnderIO,crazypants.enderio.machine.tank.BlockTank,流体箱
EnderIO:blockReservoir,1335,true,EnderIO,crazypants.enderio.machine.reservoir.BlockReservoir,蓄水库
EnderIO:blockVacuumChest,1336,true,EnderIO,crazypants.enderio.machine.vacuum.BlockVacuumChest,虚空箱子
EnderIO:blockTransceiver,1337,true,EnderIO,crazypants.enderio.machine.transceiver.BlockTransceiver,空间传送器
EnderIO:blockBuffer,1338,true,EnderIO,crazypants.enderio.machine.buffer.BlockBuffer,物品缓存器
EnderIO:blockInventoryPanel,1339,true,EnderIO,crazypants.enderio.machine.invpanel.BlockInventoryPanel,存储控制面板
EnderIO:blockEnderIo,1340,true,EnderIO,crazypants.enderio.enderface.BlockEnderIO,末影接口
EnderIO:blockTravelAnchor,1341,true,EnderIO,crazypants.enderio.teleport.anchor.BlockTravelAnchor,旅行锚
EnderIO:blockTelePad,1342,true,EnderIO,crazypants.enderio.teleport.telepad.BlockTelePad,传送台
EnderIO:blockSliceAndSplice,1343,true,EnderIO,crazypants.enderio.machine.slicensplice.BlockSliceAndSplice,头颅装配机
EnderIO:blockSoulBinder,1344,true,EnderIO,crazypants.enderio.machine.soul.BlockSoulBinder,灵魂绑定器
EnderIO:blockPoweredSpawner,1345,true,EnderIO,crazypants.enderio.machine.spawner.BlockPoweredSpawner,电动刷怪笼
EnderIO:blockKillerJoe,1346,true,EnderIO,crazypants.enderio.machine.killera.BlockKillerJoe,杀手乔
EnderIO:blockAttractor,1347,true,EnderIO,crazypants.enderio.machine.obelisk.attractor.BlockAttractor,生物诱引方尖碑
EnderIO:blockSpawnGuard,1348,true,EnderIO,crazypants.enderio.machine.obelisk.aversion.BlockAversionObelisk,生物排除方尖碑
EnderIO:blockExperienceObelisk,1349,true,EnderIO,crazypants.enderio.machine.obelisk.xp.BlockExperienceObelisk,经验交换方尖碑
EnderIO:blockWeatherObelisk,1350,true,EnderIO,crazypants.enderio.machine.obelisk.weather.BlockWeatherObelisk,气象方尖碑
EnderIO:blockInhibitorObelisk,1351,true,EnderIO,crazypants.enderio.machine.obelisk.inhibitor.BlockInhibitorObelisk,tile.blockInhibitorObelisk.name
EnderIO:blockEnchanter,1352,true,EnderIO,crazypants.enderio.machine.enchanter.BlockEnchanter,附魔器
EnderIO:blockDarkSteelPressurePlate,1353,true,EnderIO,crazypants.enderio.block.BlockDarkSteelPressurePlate,玄钢压力板
EnderIO:blockDarkSteelAnvil,1354,true,EnderIO,crazypants.enderio.block.BlockDarkSteelAnvil,玄钢砧
EnderIO:blockDarkSteelLadder,1355,true,EnderIO,crazypants.enderio.block.BlockDarkSteelLadder,玄钢梯子
EnderIO:blockElectricLight,1356,true,EnderIO,crazypants.enderio.machine.light.BlockElectricLight,电灯
EnderIO:blockLightNode,1357,true,EnderIO,crazypants.enderio.machine.light.BlockLightNode,明亮节点
EnderIO:blockReinforcedObsidian,1358,true,EnderIO,crazypants.enderio.block.BlockReinforcedObsidian,强化黑曜石
EnderIO:blockFusedQuartz,1359,true,EnderIO,crazypants.enderio.material.BlockFusedQuartz,石英玻璃
EnderIO:blockEnderRail,1360,true,EnderIO,crazypants.enderio.rail.BlockEnderRail,末影轨道
EnderIO:blockConduitBundle,1361,true,EnderIO,crazypants.enderio.conduit.BlockConduitBundle,导管接口
EnderIO:blockConduitFacade,1362,true,EnderIO,crazypants.enderio.conduit.facade.BlockConduitFacade,导管框架
EnderIO:blockEndermanSkull,1363,true,EnderIO,crazypants.enderio.item.skull.BlockEndermanSkull,末影人头
EnderIO:blockNutrient_distillation,1364,true,EnderIO,crazypants.enderio.fluid.BlockFluidEio,营养精华液
EnderIO:blockHootch,1365,true,EnderIO,crazypants.enderio.fluid.BlockFluidEio,烈酒
EnderIO:blockRocket_fuel,1366,true,EnderIO,crazypants.enderio.fluid.BlockFluidEio,火箭燃料
EnderIO:blockFire_water,1367,true,EnderIO,crazypants.enderio.fluid.BlockFluidEio,火焰水
EnderIO:blockLiquid_sunshine,1368,true,EnderIO,crazypants.enderio.fluid.BlockFluidEio,液态阳光
EnderIO:blockCloud_seed,1369,true,EnderIO,crazypants.enderio.fluid.BlockFluidEio,云之精华
EnderIO:blockCloud_seed_concentrated,1370,true,EnderIO,crazypants.enderio.fluid.BlockFluidEio,浓缩云之精华
EnderIO:blockEnder_distillation,1371,true,EnderIO,crazypants.enderio.fluid.BlockFluidEio,深渊露水
EnderIO:blockVapor_of_levity,1372,true,EnderIO,crazypants.enderio.fluid.BlockFluidEio,轻盈之气
EnderIO:blockIngotStorage,1373,true,EnderIO,crazypants.enderio.material.BlockIngotStorage,磁钢块
EnderIO:blockIngotStorageEndergy,1374,true,EnderIO,crazypants.enderio.material.endergy.BlockIngotStorageEndergy,复合黏土块
EnderIO:blockDarkIronBars,1375,true,EnderIO,crazypants.enderio.material.BlockDarkSteelBars,玄钢栅栏
EnderIO:blockSoulariumBars,1376,true,EnderIO,crazypants.enderio.material.BlockDarkSteelBars.BlockSoulariumBars,魂金栅栏
EnderIO:blockEndSteelBars,1377,true,EnderIO,crazypants.enderio.material.BlockDarkSteelBars.BlockEndSteelBars,末影钢栅栏
EnderIOAddons:blockBrine1,1378,true,EnderIOAddons,loenwind.enderioaddons.baseclass.BlockFluidEioA,淡盐水
EnderIOAddons:blockBrine2,1379,true,EnderIOAddons,loenwind.enderioaddons.baseclass.BlockFluidEioA,盐水
EnderIOAddons:blockBrine3,1380,true,EnderIOAddons,loenwind.enderioaddons.baseclass.BlockFluidEioA,浓盐水
EnderIOAddons:blockBrine4,1381,true,EnderIOAddons,loenwind.enderioaddons.baseclass.BlockFluidEioA,固态盐水
EnderIOAddons:blockMilk,1382,true,EnderIOAddons,loenwind.enderioaddons.baseclass.BlockFluidEioA,牛奶
EnderIOAddons:blockDrain,1383,true,EnderIOAddons,loenwind.enderioaddons.machine.drain.BlockDrain,充能排液器
EnderIOAddons:blockDummy,1384,true,EnderIOAddons,loenwind.enderioaddons.machine.framework.AbstractBlockFramework,tile.blockDummy.name
EnderIOAddons:blockCobbleworks,1385,true,EnderIOAddons,loenwind.enderioaddons.machine.cobbleworks.BlockCobbleworks,原石制造工厂
EnderIOAddons:blockWaterworks,1386,true,EnderIOAddons,loenwind.enderioaddons.machine.waterworks.BlockWaterworks,水提取工厂
EnderIOAddons:blockIHopper,1387,true,EnderIOAddons,loenwind.enderioaddons.machine.ihopper.BlockIHopper,脉冲漏斗
EnderIOAddons:blockNiard,1388,true,EnderIOAddons,loenwind.enderioaddons.machine.niard.BlockNiard,液闸
EnderIOAddons:blockVoidTank,1389,true,EnderIOAddons,loenwind.enderioaddons.machine.voidtank.BlockVoidTank,传送门流体箱
EnderIOAddons:blockPMon,1390,true,EnderIOAddons,loenwind.enderioaddons.machine.pmon.BlockPMon,图形能量监控器
EnderIOAddons:blockTcom,1391,true,EnderIOAddons,loenwind.enderioaddons.machine.tcom.BlockTcom,战利品回收器
EnderIOAddons:blockFlag,1392,true,EnderIOAddons,loenwind.enderioaddons.machine.flag.BlockFlag,磁引旗帜
EnderIOAddons:blockMagCharger,1393,true,EnderIOAddons,loenwind.enderioaddons.machine.magcharger.BlockMagCharger,磁化器
EnderIOAddons:blockChassis,1394,true,EnderIOAddons,loenwind.enderioaddons.machine.chassis.BlockChassis,机器底架装饰方块
EnderIOAddons:rlever10,1395,true,EnderIOAddons,loenwind.enderioaddons.machine.rlever.BlockRLever,自我重置拉杆(10秒)
EnderIOAddons:rlever30,1396,true,EnderIOAddons,loenwind.enderioaddons.machine.rlever.BlockRLever,自我重置拉杆(30秒)
EnderIOAddons:rlever60,1397,true,EnderIOAddons,loenwind.enderioaddons.machine.rlever.BlockRLever,自我重置拉杆(1分钟)
EnderIOAddons:rlever300,1398,true,EnderIOAddons,loenwind.enderioaddons.machine.rlever.BlockRLever,自我重置拉杆(5分钟)
EnderTech:endertech.enderTankPart,1399,true,EnderTech,io.endertech.multiblock.block.BlockTankPart,末影水槽框架
EnderTech:endertech.multiblockGlass,1400,true,EnderTech,io.endertech.multiblock.block.BlockMultiblockGlass,末影水槽视窗
EnderTech:endertech.enderTankController,1401,true,EnderTech,io.endertech.multiblock.block.BlockTankController,末影水槽控制器
EnderTech:chargePad,1402,true,EnderTech,io.endertech.block.BlockChargePad,创造充能平台
EnderTech:healthPad,1403,true,EnderTech,io.endertech.block.BlockHealthPad,创造恢复平台
EnderZoo:blockConfusingCharge,1404,true,EnderZoo,crazypants.enderzoo.charge.BlockConfusingCharge,混乱炸药
EnderZoo:blockEnderCharge,1405,true,EnderZoo,crazypants.enderzoo.charge.BlockEnderCharge,末影炸药
EnderZoo:blockConcussionCharge,1406,true,EnderZoo,crazypants.enderzoo.charge.BlockConcussionCharge,震荡炸药
exnihilo:barrel,1407,true,exnihilo,exnihilo.blocks.BlockBarrel,橡木桶
exnihilo:barrel_stone,1408,true,exnihilo,exnihilo.blocks.BlockBarrelStone,石桶
exnihilo:crucible,1409,true,exnihilo,exnihilo.blocks.BlockCrucible,坩埚
exnihilo:crucible_unfired,1410,true,exnihilo,exnihilo.blocks.BlockCrucibleUnfired,未烧制的坩埚
exnihilo:dust,1411,true,exnihilo,exnihilo.blocks.BlockDust,尘土
exnihilo:infested_leaves,1412,true,exnihilo,exnihilo.blocks.BlockLeavesInfested,寄生树叶
exnihilo:sifting_table,1413,true,exnihilo,exnihilo.blocks.BlockSieve,橡木筛子
exnihilo:bee_trap,1414,true,exnihilo,exnihilo.blocks.BlockBeeTrap,人造蜂窝
exnihilo:bee_trap_treated,1415,true,exnihilo,exnihilo.blocks.BlockBeeTrapTreated,人造芳香蜂窝
exnihilo:exnihilo.gravel_nether,1416,true,exnihilo,exnihilo.blocks.BlockNetherGravel,粉碎地狱岩
exnihilo:exnihilo.gravel_ender,1417,true,exnihilo,exnihilo.blocks.BlockEnderGravel,粉碎末地石
exnihilo:witchwater,1418,true,exnihilo,exnihilo.fluids.BlockWitchWater,巫水
extracells:certustank,1419,true,extracells,extracells.block.BlockCertusTank,赛特斯石英水槽
extracells:walrus,1420,true,extracells,extracells.block.BlockWalrus,海象
extracells:fluidcrafter,1421,true,extracells,extracells.block.BlockFluidCrafter,ME流体装配室
extracells:ecbaseblock,1422,true,extracells,extracells.block.ECBaseBlock,ME流体接口
extracells:hardmedrive,1423,true,extracells,extracells.block.BlockHardMEDrive$,防爆ME驱动器[WIP]
extracells:vibrantchamberfluid,1424,true,extracells,extracells.block.BlockVibrationChamberFluid,流体谐振仓
extracells:craftingstorage,1425,true,extracells,extracells.block.BlockCraftingStorage,256k合成存储器
harvestcraft:cuttingboard,1426,true,harvestcraft,com.pam.harvestcraft.BlockPamCuttingBoard,砧板
harvestcraft:pot,1427,true,harvestcraft,com.pam.harvestcraft.BlockPamPot,锅
harvestcraft:beehive,1428,true,harvestcraft,com.pam.harvestcraft.BlockPamBeehive,蜂巢
harvestcraft:apiary,1429,true,harvestcraft,com.pam.harvestcraft.BlockPamApiary,蜂箱
harvestcraft:presser,1430,true,harvestcraft,com.pam.harvestcraft.BlockPamPresser,压榨机
harvestcraft:sink,1431,true,harvestcraft,com.pam.harvestcraft.BlockPamSink,提水筒
harvestcraft:market,1432,true,harvestcraft,com.pam.harvestcraft.BlockPamMarket,集市交易方块
harvestcraft:oven,1433,true,harvestcraft,com.pam.harvestcraft.BlockPamOven,烤箱
harvestcraft:ovenon,1434,true,harvestcraft,com.pam.harvestcraft.BlockPamOven,烤箱
harvestcraft:churn,1435,true,harvestcraft,com.pam.harvestcraft.BlockPamChurn,搅拌机
harvestcraft:churnon,1436,true,harvestcraft,com.pam.harvestcraft.BlockPamChurn,搅拌机
harvestcraft:quern,1437,true,harvestcraft,com.pam.harvestcraft.BlockPamQuern,石磨
harvestcraft:quernon,1438,true,harvestcraft,com.pam.harvestcraft.BlockPamQuern,石磨
harvestcraft:fishtrap,1439,true,harvestcraft,com.pam.harvestcraft.BlockPamFishTrap,渔栅
harvestcraft:animaltrap,1440,true,harvestcraft,com.pam.harvestcraft.BlockPamAnimalTrap,捕兽笼
harvestcraft:salt,1441,true,harvestcraft,com.pam.harvestcraft.BlockPamSalt,盐矿
harvestcraft:spamcompressedsaltBlockalt,1442,true,harvestcraft,com.pam.harvestcraft.BlockPamSalt,压缩盐块
harvestcraft:berrygarden,1443,true,harvestcraft,com.pam.harvestcraft.BlockPamNormalGarden,草莓果园
harvestcraft:desertgarden,1444,true,harvestcraft,com.pam.harvestcraft.BlockPamDesertGarden,沙漠菜园
harvestcraft:grassgarden,1445,true,harvestcraft,com.pam.harvestcraft.BlockPamNormalGarden,草地菜园
harvestcraft:gourdgarden,1446,true,harvestcraft,com.pam.harvestcraft.BlockPamNormalGarden,葫芦菜园
harvestcraft:groundgarden,1447,true,harvestcraft,com.pam.harvestcraft.BlockPamNormalGarden,陆地菜园
harvestcraft:herbgarden,1448,true,harvestcraft,com.pam.harvestcraft.BlockPamNormalGarden,草本菜园
harvestcraft:leafygarden,1449,true,harvestcraft,com.pam.harvestcraft.BlockPamNormalGarden,多叶菜园
harvestcraft:mushroomgarden,1450,true,harvestcraft,com.pam.harvestcraft.BlockPamMushroomGarden,蘑菇菜园
harvestcraft:stalkgarden,1451,true,harvestcraft,com.pam.harvestcraft.BlockPamNormalGarden,植茎菜园
harvestcraft:textilegarden,1452,true,harvestcraft,com.pam.harvestcraft.BlockPamNormalGarden,纺织菜园
harvestcraft:tropicalgarden,1453,true,harvestcraft,com.pam.harvestcraft.BlockPamNormalGarden,热带菜园
harvestcraft:watergarden,1454,true,harvestcraft,com.pam.harvestcraft.BlockPamWaterGarden,海域菜园
harvestcraft:pamappleSapling,1455,true,harvestcraft,com.pam.harvestcraft.BlockPamSapling,苹果树苗
harvestcraft:pamalmondSapling,1456,true,harvestcraft,com.pam.harvestcraft.BlockPamSapling,扁桃树苗
harvestcraft:pamapricotSapling,1457,true,harvestcraft,com.pam.harvestcraft.BlockPamSapling,杏树树苗
harvestcraft:pamavocadoSapling,1458,true,harvestcraft,com.pam.harvestcraft.BlockPamSapling,鳄梨树苗
harvestcraft:pambananaSapling,1459,true,harvestcraft,com.pam.harvestcraft.BlockPamSapling,香蕉树苗
harvestcraft:pamcashewSapling,1460,true,harvestcraft,com.pam.harvestcraft.BlockPamSapling,腰果树苗
harvestcraft:pamcherrySapling,1461,true,harvestcraft,com.pam.harvestcraft.BlockPamSapling,樱桃树苗
harvestcraft:pamchestnutSapling,1462,true,harvestcraft,com.pam.harvestcraft.BlockPamSapling,板栗树苗
harvestcraft:pamcinnamonSapling,1463,true,harvestcraft,com.pam.harvestcraft.BlockPamSapling,肉桂树苗
harvestcraft:pamcoconutSapling,1464,true,harvestcraft,com.pam.harvestcraft.BlockPamSapling,椰子树苗
harvestcraft:pamdateSapling,1465,true,harvestcraft,com.pam.harvestcraft.BlockPamSapling,枣椰树苗
harvestcraft:pamdragonfruitSapling,1466,true,harvestcraft,com.pam.harvestcraft.BlockPamSapling,火龙果树苗
harvestcraft:pamdurianSapling,1467,true,harvestcraft,com.pam.harvestcraft.BlockPamSapling,榴莲树苗
harvestcraft:pamfigSapling,1468,true,harvestcraft,com.pam.harvestcraft.BlockPamSapling,无花果树苗
harvestcraft:pamgrapefruitSapling,1469,true,harvestcraft,com.pam.harvestcraft.BlockPamSapling,西柚树苗
harvestcraft:pamlemonSapling,1470,true,harvestcraft,com.pam.harvestcraft.BlockPamSapling,柠檬树苗
harvestcraft:pamlimeSapling,1471,true,harvestcraft,com.pam.harvestcraft.BlockPamSapling,酸橙树苗
harvestcraft:pammapleSapling,1472,true,harvestcraft,com.pam.harvestcraft.BlockPamSapling,枫树树苗
harvestcraft:pammangoSapling,1473,true,harvestcraft,com.pam.harvestcraft.BlockPamSapling,芒果树苗
harvestcraft:pamnutmegSapling,1474,true,harvestcraft,com.pam.harvestcraft.BlockPamSapling,肉豆蔻树苗
harvestcraft:pamoliveSapling,1475,true,harvestcraft,com.pam.harvestcraft.BlockPamSapling,橄榄树苗
harvestcraft:pamorangeSapling,1476,true,harvestcraft,com.pam.harvestcraft.BlockPamSapling,柑橘树苗
harvestcraft:pampapayaSapling,1477,true,harvestcraft,com.pam.harvestcraft.BlockPamSapling,木瓜树苗
harvestcraft:pampaperbarkSapling,1478,true,harvestcraft,com.pam.harvestcraft.BlockPamSapling,白千层树树苗
harvestcraft:pampeachSapling,1479,true,harvestcraft,com.pam.harvestcraft.BlockPamSapling,桃子树苗
harvestcraft:pampearSapling,1480,true,harvestcraft,com.pam.harvestcraft.BlockPamSapling,梨树树苗
harvestcraft:pampecanSapling,1481,true,harvestcraft,com.pam.harvestcraft.BlockPamSapling,山核桃树苗
harvestcraft:pampeppercornSapling,1482,true,harvestcraft,com.pam.harvestcraft.BlockPamSapling,胡椒树苗
harvestcraft:pampersimmonSapling,1483,true,harvestcraft,com.pam.harvestcraft.BlockPamSapling,柿子树苗
harvestcraft:pampistachioSapling,1484,true,harvestcraft,com.pam.harvestcraft.BlockPamSapling,开心果树苗
harvestcraft:pamplumSapling,1485,true,harvestcraft,com.pam.harvestcraft.BlockPamSapling,李树树苗
harvestcraft:pampomegranateSapling,1486,true,harvestcraft,com.pam.harvestcraft.BlockPamSapling,石榴树苗
harvestcraft:pamstarfruitSapling,1487,true,harvestcraft,com.pam.harvestcraft.BlockPamSapling,杨桃树苗
harvestcraft:pamvanillabeanSapling,1488,true,harvestcraft,com.pam.harvestcraft.BlockPamSapling,香草树苗
harvestcraft:pamwalnutSapling,1489,true,harvestcraft,com.pam.harvestcraft.BlockPamSapling,核桃树苗
harvestcraft:pamgooseberrySapling,1490,true,harvestcraft,com.pam.harvestcraft.BlockPamSapling,醋栗树苗
harvestcraft:pamApple,1491,true,harvestcraft,com.pam.harvestcraft.BlockPamFruit,苹果
harvestcraft:pamAlmond,1492,true,harvestcraft,com.pam.harvestcraft.BlockPamFruit,扁桃
harvestcraft:pamApricot,1493,true,harvestcraft,com.pam.harvestcraft.BlockPamFruit,杏子
harvestcraft:pamAvocado,1494,true,harvestcraft,com.pam.harvestcraft.BlockPamFruit,鳄梨
harvestcraft:pamBanana,1495,true,harvestcraft,com.pam.harvestcraft.BlockPamFruit,香蕉
harvestcraft:pamCashew,1496,true,harvestcraft,com.pam.harvestcraft.BlockPamFruit,腰果
harvestcraft:pamCherry,1497,true,harvestcraft,com.pam.harvestcraft.BlockPamFruit,樱桃
harvestcraft:pamChestnut,1498,true,harvestcraft,com.pam.harvestcraft.BlockPamFruit,栗子
harvestcraft:pamCinnamon,1499,true,harvestcraft,com.pam.harvestcraft.BlockPamFruitingLog,肉桂原木
harvestcraft:pamCoconut,1500,true,harvestcraft,com.pam.harvestcraft.BlockPamFruit,椰子
harvestcraft:pamDate,1501,true,harvestcraft,com.pam.harvestcraft.BlockPamFruit,枣椰
harvestcraft:pamDragonfruit,1502,true,harvestcraft,com.pam.harvestcraft.BlockPamFruit,火龙果
harvestcraft:pamDurian,1503,true,harvestcraft,com.pam.harvestcraft.BlockPamFruit,榴莲
harvestcraft:pamFig,1504,true,harvestcraft,com.pam.harvestcraft.BlockPamFruit,无花果
harvestcraft:pamGrapefruit,1505,true,harvestcraft,com.pam.harvestcraft.BlockPamFruit,西柚
harvestcraft:pamLemon,1506,true,harvestcraft,com.pam.harvestcraft.BlockPamFruit,柠檬
harvestcraft:pamLime,1507,true,harvestcraft,com.pam.harvestcraft.BlockPamFruit,酸橙
harvestcraft:pamMaple,1508,true,harvestcraft,com.pam.harvestcraft.BlockPamFruitingLog,枫树原木
harvestcraft:pamMango,1509,true,harvestcraft,com.pam.harvestcraft.BlockPamFruit,芒果
harvestcraft:pamNutmeg,1510,true,harvestcraft,com.pam.harvestcraft.BlockPamFruit,肉豆蔻
harvestcraft:pamOlive,1511,true,harvestcraft,com.pam.harvestcraft.BlockPamFruit,橄榄
harvestcraft:pamOrange,1512,true,harvestcraft,com.pam.harvestcraft.BlockPamFruit,橙子
harvestcraft:pamPapaya,1513,true,harvestcraft,com.pam.harvestcraft.BlockPamFruit,木瓜
harvestcraft:pamPaperbark,1514,true,harvestcraft,com.pam.harvestcraft.BlockPamFruitingLog,白千层木原木
harvestcraft:pamPeach,1515,true,harvestcraft,com.pam.harvestcraft.BlockPamFruit,桃子
harvestcraft:pamPear,1516,true,harvestcraft,com.pam.harvestcraft.BlockPamFruit,梨
harvestcraft:pamPecan,1517,true,harvestcraft,com.pam.harvestcraft.BlockPamFruit,山核桃
harvestcraft:pamPeppercorn,1518,true,harvestcraft,com.pam.harvestcraft.BlockPamFruit,胡椒
harvestcraft:pamPersimmon,1519,true,harvestcraft,com.pam.harvestcraft.BlockPamFruit,柿子
harvestcraft:pamPistachio,1520,true,harvestcraft,com.pam.harvestcraft.BlockPamFruit,开心果
harvestcraft:pamPlum,1521,true,harvestcraft,com.pam.harvestcraft.BlockPamFruit,李子
harvestcraft:pamPomegranate,1522,true,harvestcraft,com.pam.harvestcraft.BlockPamFruit,石榴
harvestcraft:pamStarfruit,1523,true,harvestcraft,com.pam.harvestcraft.BlockPamFruit,杨桃
harvestcraft:pamVanillabean,1524,true,harvestcraft,com.pam.harvestcraft.BlockPamFruit,香草豆
harvestcraft:pamWalnut,1525,true,harvestcraft,com.pam.harvestcraft.BlockPamFruit,核桃
harvestcraft:pamGooseberry,1526,true,harvestcraft,com.pam.harvestcraft.BlockPamFruit,醋栗
harvestcraft:pamblackberryCrop,1527,true,harvestcraft,com.pam.harvestcraft.BlockPamCrop,黑莓作物
harvestcraft:pamblueberryCrop,1528,true,harvestcraft,com.pam.harvestcraft.BlockPamCrop,蓝莓作物
harvestcraft:pamcandleberryCrop,1529,true,harvestcraft,com.pam.harvestcraft.BlockPamCrop,蜡杨梅作物
harvestcraft:pamraspberryCrop,1530,true,harvestcraft,com.pam.harvestcraft.BlockPamCrop,树莓作物
harvestcraft:pamstrawberryCrop,1531,true,harvestcraft,com.pam.harvestcraft.BlockPamCrop,草莓作物
harvestcraft:pamcactusfruitCrop,1532,true,harvestcraft,com.pam.harvestcraft.BlockPamCrop,仙人掌果作物
harvestcraft:pamasparagusCrop,1533,true,harvestcraft,com.pam.harvestcraft.BlockPamCrop,芦笋作物
harvestcraft:pambarleyCrop,1534,true,harvestcraft,com.pam.harvestcraft.BlockPamCrop,大麦作物
harvestcraft:pamoatsCrop,1535,true,harvestcraft,com.pam.harvestcraft.BlockPamCrop,燕麦作物
harvestcraft:pamryeCrop,1536,true,harvestcraft,com.pam.harvestcraft.BlockPamCrop,黑麦作物
harvestcraft:pamcornCrop,1537,true,harvestcraft,com.pam.harvestcraft.BlockPamCrop,玉米作物
harvestcraft:pambambooshootCrop,1538,true,harvestcraft,com.pam.harvestcraft.BlockPamCrop,竹子作物
harvestcraft:pamcantaloupeCrop,1539,true,harvestcraft,com.pam.harvestcraft.BlockPamCrop,哈密瓜作物
harvestcraft:pamcucumberCrop,1540,true,harvestcraft,com.pam.harvestcraft.BlockPamCrop,黄瓜作物
harvestcraft:pamwintersquashCrop,1541,true,harvestcraft,com.pam.harvestcraft.BlockPamCrop,冬南瓜作物
harvestcraft:pamzucchiniCrop,1542,true,harvestcraft,com.pam.harvestcraft.BlockPamCrop,西葫芦作物
harvestcraft:pambeetCrop,1543,true,harvestcraft,com.pam.harvestcraft.BlockPamCrop,甜菜作物
harvestcraft:pamonionCrop,1544,true,harvestcraft,com.pam.harvestcraft.BlockPamCrop,洋葱作物
harvestcraft:pamparsnipCrop,1545,true,harvestcraft,com.pam.harvestcraft.BlockPamCrop,防风草作物
harvestcraft:pampeanutCrop,1546,true,harvestcraft,com.pam.harvestcraft.BlockPamCrop,花生作物
harvestcraft:pamradishCrop,1547,true,harvestcraft,com.pam.harvestcraft.BlockPamCrop,小红萝卜作物
harvestcraft:pamrutabagaCrop,1548,true,harvestcraft,com.pam.harvestcraft.BlockPamCrop,芜菁甘蓝作物
harvestcraft:pamsweetpotatoCrop,1549,true,harvestcraft,com.pam.harvestcraft.BlockPamCrop,红薯作物
harvestcraft:pamturnipCrop,1550,true,harvestcraft,com.pam.harvestcraft.BlockPamCrop,芜菁作物
harvestcraft:pamrhubarbCrop,1551,true,harvestcraft,com.pam.harvestcraft.BlockPamCrop,大黄作物
harvestcraft:pamceleryCrop,1552,true,harvestcraft,com.pam.harvestcraft.BlockPamCrop,芹菜作物
harvestcraft:pamgarlicCrop,1553,true,harvestcraft,com.pam.harvestcraft.BlockPamCrop,大蒜作物
harvestcraft:pamgingerCrop,1554,true,harvestcraft,com.pam.harvestcraft.BlockPamCrop,生姜作物
harvestcraft:pamspiceleafCrop,1555,true,harvestcraft,com.pam.harvestcraft.BlockPamCrop,香料叶作物
harvestcraft:pamtealeafCrop,1556,true,harvestcraft,com.pam.harvestcraft.BlockPamCrop,茶叶作物
harvestcraft:pamcoffeebeanCrop,1557,true,harvestcraft,com.pam.harvestcraft.BlockPamCrop,咖啡豆作物
harvestcraft:pammustardseedsCrop,1558,true,harvestcraft,com.pam.harvestcraft.BlockPamCrop,芥菜籽作物
harvestcraft:pambroccoliCrop,1559,true,harvestcraft,com.pam.harvestcraft.BlockPamCrop,西兰花作物
harvestcraft:pamcauliflowerCrop,1560,true,harvestcraft,com.pam.harvestcraft.BlockPamCrop,花菜作物
harvestcraft:pamleekCrop,1561,true,harvestcraft,com.pam.harvestcraft.BlockPamCrop,韭菜作物
harvestcraft:pamlettuceCrop,1562,true,harvestcraft,com.pam.harvestcraft.BlockPamCrop,生菜作物
harvestcraft:pamscallionCrop,1563,true,harvestcraft,com.pam.harvestcraft.BlockPamCrop,大葱作物
harvestcraft:pamartichokeCrop,1564,true,harvestcraft,com.pam.harvestcraft.BlockPamCrop,洋蓟作物
harvestcraft:pambrusselsproutCrop,1565,true,harvestcraft,com.pam.harvestcraft.BlockPamCrop,芽甘蓝作物
harvestcraft:pamcabbageCrop,1566,true,harvestcraft,com.pam.harvestcraft.BlockPamCrop,包菜作物
harvestcraft:pamspinachCrop,1567,true,harvestcraft,com.pam.harvestcraft.BlockPamCrop,菠菜作物
harvestcraft:pamwhitemushroomCrop,1568,true,harvestcraft,com.pam.harvestcraft.BlockPamCrop,白蘑菇作物
harvestcraft:pambeanCrop,1569,true,harvestcraft,com.pam.harvestcraft.BlockPamCrop,豆子作物
harvestcraft:pamsoybeanCrop,1570,true,harvestcraft,com.pam.harvestcraft.BlockPamCrop,黄豆作物
harvestcraft:pambellpepperCrop,1571,true,harvestcraft,com.pam.harvestcraft.BlockPamCrop,甜椒作物
harvestcraft:pamchilipepperCrop,1572,true,harvestcraft,com.pam.harvestcraft.BlockPamCrop,辣椒作物
harvestcraft:pameggplantCrop,1573,true,harvestcraft,com.pam.harvestcraft.BlockPamCrop,茄子作物
harvestcraft:pamokraCrop,1574,true,harvestcraft,com.pam.harvestcraft.BlockPamCrop,秋葵作物
harvestcraft:pampeasCrop,1575,true,harvestcraft,com.pam.harvestcraft.BlockPamCrop,豌豆作物
harvestcraft:pamtomatoCrop,1576,true,harvestcraft,com.pam.harvestcraft.BlockPamCrop,番茄作物
harvestcraft:pamcottonCrop,1577,true,harvestcraft,com.pam.harvestcraft.BlockPamCrop,棉花作物
harvestcraft:pampineappleCrop,1578,true,harvestcraft,com.pam.harvestcraft.BlockPamCrop,菠萝作物
harvestcraft:pamgrapeCrop,1579,true,harvestcraft,com.pam.harvestcraft.BlockPamCrop,葡萄作物
harvestcraft:pamkiwiCrop,1580,true,harvestcraft,com.pam.harvestcraft.BlockPamCrop,猕猴桃作物
harvestcraft:pamcranberryCrop,1581,true,harvestcraft,com.pam.harvestcraft.BlockPamCrop,蔓越莓作物
harvestcraft:pamriceCrop,1582,true,harvestcraft,com.pam.harvestcraft.BlockPamCrop,水稻作物
harvestcraft:pamseaweedCrop,1583,true,harvestcraft,com.pam.harvestcraft.BlockPamCrop,海带作物
harvestcraft:pamcurryleafCrop,1584,true,harvestcraft,com.pam.harvestcraft.BlockPamCrop,咖喱叶作物
harvestcraft:pamsesameseedsCrop,1585,true,harvestcraft,com.pam.harvestcraft.BlockPamCrop,芝麻作物
harvestcraft:pamwaterchestnutCrop,1586,true,harvestcraft,com.pam.harvestcraft.BlockPamCrop,荸荠作物
harvestcraft:pamcandleDeco1,1587,true,harvestcraft,com.pam.harvestcraft.BlockPamCandleDeco,白色蜡烛
harvestcraft:pamcandleDeco2,1588,true,harvestcraft,com.pam.harvestcraft.BlockPamCandleDeco,橙色蜡烛
harvestcraft:pamcandleDeco3,1589,true,harvestcraft,com.pam.harvestcraft.BlockPamCandleDeco,品红色蜡烛
harvestcraft:pamcandleDeco4,1590,true,harvestcraft,com.pam.harvestcraft.BlockPamCandleDeco,淡蓝色蜡烛
harvestcraft:pamcandleDeco5,1591,true,harvestcraft,com.pam.harvestcraft.BlockPamCandleDeco,黄色蜡烛
harvestcraft:pamcandleDeco6,1592,true,harvestcraft,com.pam.harvestcraft.BlockPamCandleDeco,黄绿色蜡烛
harvestcraft:pamcandleDeco7,1593,true,harvestcraft,com.pam.harvestcraft.BlockPamCandleDeco,粉色蜡烛
harvestcraft:pamcandleDeco8,1594,true,harvestcraft,com.pam.harvestcraft.BlockPamCandleDeco,深灰色蜡烛
harvestcraft:pamcandleDeco9,1595,true,harvestcraft,com.pam.harvestcraft.BlockPamCandleDeco,淡灰色蜡烛
harvestcraft:pamcandleDeco10,1596,true,harvestcraft,com.pam.harvestcraft.BlockPamCandleDeco,青色蜡烛
harvestcraft:pamcandleDeco11,1597,true,harvestcraft,com.pam.harvestcraft.BlockPamCandleDeco,紫色蜡烛
harvestcraft:pamcandleDeco12,1598,true,harvestcraft,com.pam.harvestcraft.BlockPamCandleDeco,蓝色蜡烛
harvestcraft:pamcandleDeco13,1599,true,harvestcraft,com.pam.harvestcraft.BlockPamCandleDeco,棕色蜡烛
harvestcraft:pamcandleDeco14,1600,true,harvestcraft,com.pam.harvestcraft.BlockPamCandleDeco,绿色蜡烛
harvestcraft:pamcandleDeco15,1601,true,harvestcraft,com.pam.harvestcraft.BlockPamCandleDeco,红色蜡烛
harvestcraft:pamcandleDeco16,1602,true,harvestcraft,com.pam.harvestcraft.BlockPamCandleDeco,黑色蜡烛
harvestcraft:pamcarrotCake,1603,true,harvestcraft,com.pam.harvestcraft.BlockPamCake,胡萝卜蛋糕
harvestcraft:pamcheeseCake,1604,true,harvestcraft,com.pam.harvestcraft.BlockPamCake,芝士蛋糕
harvestcraft:pamcherrycheeseCake,1605,true,harvestcraft,com.pam.harvestcraft.BlockPamCake,樱桃芝士蛋糕
harvestcraft:pampineappleupsidedownCake,1606,true,harvestcraft,com.pam.harvestcraft.BlockPamCake,菠萝蛋糕
harvestcraft:pamchocolatesprinkleCake,1607,true,harvestcraft,com.pam.harvestcraft.BlockPamCake,巧克力蛋糕
harvestcraft:pamredvelvetCake,1608,true,harvestcraft,com.pam.harvestcraft.BlockPamCake,红丝绒蛋糕
harvestcraft:pamlamingtonCake,1609,true,harvestcraft,com.pam.harvestcraft.BlockPamCake,拉明顿蛋糕
harvestcraft:pampavlovaCake,1610,true,harvestcraft,com.pam.harvestcraft.BlockPamCake,巴甫洛娃蛋糕
harvestcraft:pamholidayCake,1611,true,harvestcraft,com.pam.harvestcraft.BlockPamCake,节日蛋糕
harvestcraft:pampumpkincheeseCake,1612,true,harvestcraft,com.pam.harvestcraft.BlockPamCake,南瓜芝士蛋糕
ExtraTiC:moltenPokefennium,1613,true,ExtraTiC,glassmaker.extratic.metals.MoltenMetalBlock,熔融铁血.name
ExtraTiC:moltenFairy,1614,true,ExtraTiC,glassmaker.extratic.metals.MoltenMetalBlock,熔融精灵.name
ExtraTiC:moltenRedAurum,1615,true,ExtraTiC,glassmaker.extratic.metals.MoltenMetalBlock,熔融赤金.name
ExtraTiC:moltenDarkSteel,1616,true,ExtraTiC,glassmaker.extratic.metals.MoltenMetalBlock,熔融玄钢.name
ExtraTiC:moltenZinc,1617,true,ExtraTiC,glassmaker.extratic.metals.MoltenMetalBlock,熔融盐.name
ExtraTiC:moltenBrass,1618,true,ExtraTiC,glassmaker.extratic.metals.MoltenMetalBlock,熔融黄铜.name
ExtraTiC:moltenAdamantine.,1619,true,ExtraTiC,glassmaker.extratic.metals.MoltenMetalBlock,熔融金刚.name
ExtraTiC:moltenConductiveIron,1620,true,ExtraTiC,glassmaker.extratic.metals.MoltenMetalBlock,熔融导电铁.name
ExtraTiC:moltenElectricalSteel,1621,true,ExtraTiC,glassmaker.extratic.metals.MoltenMetalBlock,熔融磁钢.name
ExtraTiC:moltenEnergeticAlloy,1622,true,ExtraTiC,glassmaker.extratic.metals.MoltenMetalBlock,熔融充能合金.name
ExtraTiC:moltenPhasedGold,1623,true,ExtraTiC,glassmaker.extratic.metals.MoltenMetalBlock,熔融脉冲合金.name
ExtraTiC:moltenPhasedIron,1624,true,ExtraTiC,glassmaker.extratic.metals.MoltenMetalBlock,熔融焊锡.name
ExtraTiC:moltenRedstoneAlloy,1625,true,ExtraTiC,glassmaker.extratic.metals.MoltenMetalBlock,熔融红石合金.name
ExtraTiC:liquidSilicon,1626,true,ExtraTiC,glassmaker.extratic.metals.MoltenMetalBlock,Liquid Silicon
ExtraTiC:moltenSoularium,1627,true,ExtraTiC,glassmaker.extratic.metals.MoltenMetalBlock,熔融钛.name
ExtraTiC:moltenManasteel,1628,true,ExtraTiC,glassmaker.extratic.metals.MoltenMetalBlock,熔融魔钢.name
ExtraTiC:moltenTerrasteel,1629,true,ExtraTiC,glassmaker.extratic.metals.MoltenMetalBlock,液氯.name
ExtraTiC:moltenElementium,1630,true,ExtraTiC,glassmaker.extratic.metals.MoltenMetalBlock,熔融源质钢.name
ExtraTiC:moltenblutonium,1631,true,ExtraTiC,glassmaker.extratic.metals.MoltenMetalBlock,熔融蓝钚.name
ExtraTiC:moltenLudicrite,1632,true,ExtraTiC,glassmaker.extratic.metals.MoltenMetalBlock,熔融纯镥.name
ExtraTiC:moltenBedrockium,1633,true,ExtraTiC,glassmaker.extratic.metals.MoltenMetalBlock,熔融基岩.name
ExtraTiC:blockFunStuff,1634,true,ExtraTiC,glassmaker.extratic.metals.SolidMetalBlock,精灵方块
ForgeRelocation:relocation.blockmovingrow,1635,true,ForgeRelocation,mrtjp.relocation.BlockMovingRow,tile.relocation.blockmovingrow|0.name
MCFrames:mcframes.motor,1636,true,MCFrames,mrtjp.mcframes.BlockMotor,Debug框架电机
MCFrames:mcframes.frame,1637,true,MCFrames,mrtjp.mcframes.BlockFrame,框架
HardcoreQuesting:item_barrel,1638,true,HardcoreQuesting,hardcorequesting.blocks.BlockDelivery,异次元矿物提交系统
HardcoreQuesting:quest_tracker,1639,true,HardcoreQuesting,hardcorequesting.blocks.BlockTracker,任务追踪系统
HardcoreQuesting:quest_portal,1640,true,HardcoreQuesting,hardcorequesting.blocks.BlockPortal,任务门系统
IronChest:BlockIronChest,1641,true,IronChest,cpw.mods.ironchest.BlockIronChest,铁箱子
JABBA:barrel,1642,true,JABBA,mcp.mobius.betterbarrels.common.blocks.BlockBarrel,更好的桶
jaffa:kaleCrop,1643,true,jaffa,com.murdy.jaffa.crop.cropKale,羽衣甘蓝作物
jaffa:CreamTile,1644,true,jaffa,com.murdy.jaffa.block.CreamTile,奶油块
jaffa:blockFluidMustard,1645,true,jaffa,com.murdy.jaffa.fluid.BlockFluidMustard,tile.fluidMustardBlock.name
jaffa:blockFluidCream,1646,true,jaffa,com.murdy.jaffa.fluid.BlockFluidCream,tile.fluidCreamBlock.name
jaffa:blockFluidOil,1647,true,jaffa,com.murdy.jaffa.fluid.BlockFluidOil,tile.fluidOilBlock.name
jaffa:blockFluidStock,1648,true,jaffa,com.murdy.jaffa.fluid.BlockFluidStock,tile.fluidStockBlock.name
jaffa:blockFluidVinegar,1649,true,jaffa,com.murdy.jaffa.fluid.BlockFluidVinegar,tile.fluidVinegarBlock.name
jaffa:blockFluidIceCream,1650,true,jaffa,com.murdy.jaffa.fluid.BlockFluidIceCream,tile.fluidIceCreamBlock.name
neenergistics:tile.pattern_interface,1651,true,neenergistics,com.github.vfyjxf.nee.block.BlockPatternInterface,样板接口
OpenBlocks:ladder,1652,true,OpenBlocks,openblocks.common.block.BlockLadder,梯子活板门
OpenBlocks:guide,1653,true,OpenBlocks,openblocks.common.block.BlockGuide,建筑指导仪
OpenBlocks:builder_guide,1654,true,OpenBlocks,openblocks.common.block.BlockBuilderGuide,强化建筑指导仪
OpenBlocks:elevator,1655,true,OpenBlocks,openblocks.common.block.BlockElevator,电梯
OpenBlocks:elevator_rotating,1656,true,OpenBlocks,openblocks.common.block.BlockElevatorRotating,旋转电梯
OpenBlocks:heal,1657,true,OpenBlocks,openblocks.common.block.BlockHeal,治愈方块
OpenBlocks:target,1658,true,OpenBlocks,openblocks.common.block.BlockTarget,靶子
OpenBlocks:grave,1659,true,OpenBlocks,openblocks.common.block.BlockGrave,墓碑
OpenBlocks:flag,1660,true,OpenBlocks,openblocks.common.block.BlockFlag,旗子
OpenBlocks:tank,1661,true,OpenBlocks,openblocks.common.block.BlockTank,蓄水槽
OpenBlocks:trophy,1662,true,OpenBlocks,openblocks.common.block.BlockTrophy,纪念雕像
OpenBlocks:beartrap,1663,true,OpenBlocks,openblocks.common.block.BlockBearTrap,捕兽夹
OpenBlocks:sprinkler,1664,true,OpenBlocks,openblocks.common.block.BlockSprinkler,洒水器
OpenBlocks:cannon,1665,true,OpenBlocks,openblocks.common.block.BlockCannon,投掷加农炮
OpenBlocks:vacuumhopper,1666,true,OpenBlocks,openblocks.common.block.BlockVacuumHopper,虚空漏斗
OpenBlocks:sponge,1667,true,OpenBlocks,openblocks.common.block.BlockSponge,海绵
OpenBlocks:bigbutton,1668,true,OpenBlocks,openblocks.common.block.BlockBigButton,大型按钮
OpenBlocks:imaginary,1669,true,OpenBlocks,openblocks.common.block.BlockImaginary,魔法铅笔
OpenBlocks:fan,1670,true,OpenBlocks,openblocks.common.block.BlockFan,风扇
OpenBlocks:xpbottler,1671,true,OpenBlocks,openblocks.common.block.BlockXPBottler,经验装瓶器
OpenBlocks:village_highlighter,1672,true,OpenBlocks,openblocks.common.block.BlockVillageHighlighter,村庄高亮仪
OpenBlocks:path,1673,true,OpenBlocks,openblocks.common.block.BlockPath,铺路石
OpenBlocks:autoanvil,1674,true,OpenBlocks,openblocks.common.block.BlockAutoAnvil,自动铁砧
OpenBlocks:autoenchantmenttable,1675,true,OpenBlocks,openblocks.common.block.BlockAutoEnchantmentTable,自动附魔台
OpenBlocks:xpdrain,1676,true,OpenBlocks,openblocks.common.block.BlockXPDrain,经验地漏
OpenBlocks:blockbreaker,1677,true,OpenBlocks,openblocks.common.block.BlockBlockBreaker,方块采掘器
OpenBlocks:blockPlacer,1678,true,OpenBlocks,openblocks.common.block.BlockBlockPlacer,方块放置器
OpenBlocks:itemDropper,1679,true,OpenBlocks,openblocks.common.block.BlockItemDropper,物品投掷器
OpenBlocks:ropeladder,1680,true,OpenBlocks,openblocks.common.block.BlockRopeLadder,绳梯
OpenBlocks:donationStation,1681,true,OpenBlocks,openblocks.common.block.BlockDonationStation,捐助站
OpenBlocks:paintmixer,1682,true,OpenBlocks,openblocks.common.block.BlockPaintMixer,调色器
OpenBlocks:canvas,1683,true,OpenBlocks,openblocks.common.block.BlockCanvas,画布
OpenBlocks:paintcan,1684,true,OpenBlocks,openblocks.common.block.BlockPaintCan,颜料罐
OpenBlocks:canvasglass,1685,true,OpenBlocks,openblocks.common.block.BlockCanvasGlass,透明画布
OpenBlocks:projector,1686,true,OpenBlocks,openblocks.common.block.BlockProjector,高度图投影仪
OpenBlocks:drawingtable,1687,true,OpenBlocks,openblocks.common.block.BlockDrawingTable,绘图桌
OpenBlocks:sky,1688,true,OpenBlocks,openblocks.common.block.BlockSky,天空方块
OpenBlocks:xpshower,1689,true,OpenBlocks,openblocks.common.block.BlockXPShower,经验莲蓬头
OpenBlocks:goldenegg,1690,true,OpenBlocks,openblocks.common.block.BlockGoldenEgg,金蛋
OpenBlocks:scaffolding,1691,true,OpenBlocks,openblocks.common.block.BlockScaffolding,脚手架
ProjectBlue:rednetAdaptor,1692,true,ProjectBlue,gcewing.projectblue.mfr.RednetAdaptorBlock,集束红石网络控制器
RedLogic:redlogic.gates,1693,true,RedLogic,mods.immibis.redlogic.gates.GateBlock,AND gate
RedLogic:redlogic.wire,1694,true,RedLogic,mods.immibis.redlogic.wires.WireBlock,Red alloy wire
RedLogic:redlogic.lampCubeOn,1695,true,RedLogic,mods.immibis.redlogic.lamps.BlockLampCube.On,White lamp
RedLogic:redlogic.lampCubeOff,1696,true,RedLogic,mods.immibis.redlogic.lamps.BlockLampCube.Off,White lamp
RedLogic:redlogic.lampCubeDecorative,1697,true,RedLogic,mods.immibis.redlogic.lamps.BlockLampCube.Decorative,White decorative lamp
RedLogic:redlogic.lampCubeIndicatorOn,1698,true,RedLogic,mods.immibis.redlogic.lamps.BlockLampCube.IndicatorOn,White indicator lamp
RedLogic:redlogic.lampCubeIndicatorOff,1699,true,RedLogic,mods.immibis.redlogic.lamps.BlockLampCube.IndicatorOff,White indicator lamp
RedLogic:redlogic.button,1700,true,RedLogic,mods.immibis.redlogic.interaction.BlockLumarButton,White lumar button
RedLogic:redlogic.lampNonCube,1701,true,RedLogic,mods.immibis.redlogic.lamps.BlockLampNonCube,tile.redlogic.lamp.0.n.0.name
RedLogic:redlogic.plainBlock,1702,true,RedLogic,mods.immibis.redlogic.RLNormalBlock,Cleanroom Wall
RedLogic:redlogic.machineBlock,1703,true,RedLogic,mods.immibis.redlogic.RLMachineBlock,Redstone Digitizer
RedLogic:redlogic.customCircuitBlock,1704,true,RedLogic,mods.immibis.redlogic.chips.ingame.BlockCustomCircuit,Integrated Circuit
RedLogic:redlogic.arrayCells,1705,true,RedLogic,mods.immibis.redlogic.array.ArrayCellBlock,Null Cell
RedstoneArsenal:Storage,1706,true,RedstoneArsenal,cofh.redstonearsenal.block.BlockStorage,红石琥珀金块
SimpleLabels:label,1707,true,SimpleLabels,com.insane.simplelabels.block.BlockLabel,异次元存储面板
StevesCarts:BlockCargoManager,1708,true,StevesCarts,vswe.stevescarts.Blocks.BlockCargoManager,货物管理器
StevesCarts:BlockJunction,1709,true,StevesCarts,vswe.stevescarts.Blocks.BlockRailJunction,交接轨道
StevesCarts:BlockAdvDetector,1710,true,StevesCarts,vswe.stevescarts.Blocks.BlockRailAdvDetector,高级探测轨道
StevesCarts:BlockCartAssembler,1711,true,StevesCarts,vswe.stevescarts.Blocks.BlockCartAssembler,矿车装配机
StevesCarts:BlockActivator,1712,true,StevesCarts,vswe.stevescarts.Blocks.BlockActivator,模块切换器
StevesCarts:BlockDistributor,1713,true,StevesCarts,vswe.stevescarts.Blocks.BlockDistributor,外部分配器
StevesCarts:BlockDetector,1714,true,StevesCarts,vswe.stevescarts.Blocks.BlockDetector,探测管理器
StevesCarts:upgrade,1715,true,StevesCarts,vswe.stevescarts.Blocks.BlockUpgrade,升级：电池
StevesCarts:BlockLiquidManager,1716,true,StevesCarts,vswe.stevescarts.Blocks.BlockLiquidManager,流体管理器
StevesCarts:BlockMetalStorage,1717,true,StevesCarts,vswe.stevescarts.Blocks.BlockMetalStorage,强化金属块
StorageDrawers:fullDrawers1,1718,true,StorageDrawers,com.jaquadro.minecraft.storagedrawers.block.BlockDrawers,橡木抽屉
StorageDrawers:fullDrawers2,1719,true,StorageDrawers,com.jaquadro.minecraft.storagedrawers.block.BlockDrawers,橡木抽屉（1x2）
StorageDrawers:fullDrawers4,1720,true,StorageDrawers,com.jaquadro.minecraft.storagedrawers.block.BlockDrawers,橡木抽屉（2x2）
StorageDrawers:halfDrawers2,1721,true,StorageDrawers,com.jaquadro.minecraft.storagedrawers.block.BlockDrawers,小型橡木抽屉（1x2）
StorageDrawers:halfDrawers4,1722,true,StorageDrawers,com.jaquadro.minecraft.storagedrawers.block.BlockDrawers,小型橡木抽屉（2x2）
StorageDrawers:compDrawers,1723,true,StorageDrawers,com.jaquadro.minecraft.storagedrawers.block.BlockCompDrawers,压缩抽屉
StorageDrawers:controller,1724,true,StorageDrawers,com.jaquadro.minecraft.storagedrawers.block.BlockController,抽屉管理器
StorageDrawers:controllerSlave,1725,true,StorageDrawers,com.jaquadro.minecraft.storagedrawers.block.BlockSlave,控制器传动方块
StorageDrawers:trim,1726,true,StorageDrawers,com.jaquadro.minecraft.storagedrawers.block.BlockTrim,橡木桥接方块
StorageDrawers:framingTable,1727,true,StorageDrawers,com.jaquadro.minecraft.storagedrawers.block.BlockFramingTable,镶框台
StorageDrawers:fullCustom1,1728,true,StorageDrawers,com.jaquadro.minecraft.storagedrawers.block.BlockDrawersCustom,镶框抽屉
StorageDrawers:fullCustom2,1729,true,StorageDrawers,com.jaquadro.minecraft.storagedrawers.block.BlockDrawersCustom,镶框抽屉（1x2）
StorageDrawers:fullCustom4,1730,true,StorageDrawers,com.jaquadro.minecraft.storagedrawers.block.BlockDrawersCustom,镶框抽屉（2x2）
StorageDrawers:halfCustom2,1731,true,StorageDrawers,com.jaquadro.minecraft.storagedrawers.block.BlockDrawersCustom,镶框抽屉（1x2）
StorageDrawers:halfCustom4,1732,true,StorageDrawers,com.jaquadro.minecraft.storagedrawers.block.BlockDrawersCustom,镶框抽屉（2x2）
StorageDrawers:trimCustom,1733,true,StorageDrawers,com.jaquadro.minecraft.storagedrawers.block.BlockTrimCustom,镶框桥接方块
ThermalDynamics:ThermalDynamics_0,1734,true,ThermalDynamics,cofh.thermaldynamics.duct.BlockDuct,铅石能量管道
ThermalDynamics:ThermalDynamics_16,1735,true,ThermalDynamics,cofh.thermaldynamics.duct.BlockDuct,约束流体管道
ThermalDynamics:ThermalDynamics_32,1736,true,ThermalDynamics,cofh.thermaldynamics.duct.BlockDuct,基础物品管道
ThermalDynamics:ThermalDynamics_48,1737,true,ThermalDynamics,cofh.thermaldynamics.duct.BlockDuct,结构管道 (不透明)
ThermalDynamics:ThermalDynamics_64,1738,true,ThermalDynamics,cofh.thermaldynamics.duct.BlockDuct,旅行管道
TiConAutoToolStation:ats_autotoolstation,1739,true,TiConAutoToolStation,mapeper.ticonautotoolstation.AutoToolStationBlock,自动工具台
treeGrowingSimulator:clocktwerkEngine,1740,true,treeGrowingSimulator,tterrag.treesimulator.BlockEngine,Clocktwerk Engine
IguanaTweaksTConstruct:skullBlock,1741,true,IguanaTweaksTConstruct,iguanaman.iguanatweakstconstruct.mobheads.blocks.IguanaSkullBlock,tile.iguana.tcon.skull.name
ThermalExpansion:Machine,1742,true,ThermalExpansion,cofh.thermalexpansion.block.machine.BlockMachine,红石炉 (基础)
ThermalExpansion:Device,1743,true,ThermalExpansion,cofh.thermalexpansion.block.device.BlockDevice,Machinist's Workbench
ThermalExpansion:Dynamo,1744,true,ThermalExpansion,cofh.thermalexpansion.block.dynamo.BlockDynamo,蒸汽能源炉
ThermalExpansion:Cell,1745,true,ThermalExpansion,cofh.thermalexpansion.block.cell.BlockCell,创造能量单元
ThermalExpansion:Tank,1746,true,ThermalExpansion,cofh.thermalexpansion.block.tank.BlockTank,创造便携储罐
ThermalExpansion:Strongbox,1747,true,ThermalExpansion,cofh.thermalexpansion.block.strongbox.BlockStrongbox,创造保险箱
ThermalExpansion:Cache,1748,true,ThermalExpansion,cofh.thermalexpansion.block.cache.BlockCache,创造储物箱
ThermalExpansion:Workbench,1749,true,ThermalExpansion,cofh.thermalexpansion.block.workbench.BlockWorkbench,创造机械师工作台
ThermalExpansion:Tesseract,1750,true,ThermalExpansion,cofh.thermalexpansion.block.ender.BlockEnder,超立方体
ThermalExpansion:Plate,1751,true,ThermalExpansion,cofh.thermalexpansion.block.plate.BlockPlate,感应板框架
ThermalExpansion:Light,1752,true,ThermalExpansion,cofh.thermalexpansion.block.light.BlockLight,荧石光源
ThermalExpansion:Frame,1753,true,ThermalExpansion,cofh.thermalexpansion.block.simple.BlockFrame,机器框架(基础)
ThermalExpansion:Glass,1754,true,ThermalExpansion,cofh.thermalexpansion.block.simple.BlockGlass,强化玻璃
ThermalExpansion:Rockwool,1755,true,ThermalExpansion,cofh.thermalexpansion.block.simple.BlockRockwool,白色石棉
ThermalExpansion:Sponge,1756,true,ThermalExpansion,cofh.thermalexpansion.block.sponge.BlockSponge,干燥 创造海绵
ThermalExpansion:FakeAirSignal,1757,false,null,cofh.thermalexpansion.block.simple.BlockAirSignal,null
ThermalExpansion:FakeAirLight,1758,false,null,cofh.thermalexpansion.block.simple.BlockAirLight,null
ThermalExpansion:FakeAirForce,1759,false,null,cofh.thermalexpansion.block.simple.BlockAirForce,null
ThermalExpansion:FakeAirBarrier,1760,false,null,cofh.thermalexpansion.block.simple.BlockAirBarrier,null
cookingforblockheads:cookingtable,1761,true,cookingforblockheads,net.blay09.mods.cookingforblockheads.block.BlockCookingTable,烹饪桌
cookingforblockheads:cookingoven,1762,true,cookingforblockheads,net.blay09.mods.cookingforblockheads.block.BlockOven,烤箱
cookingforblockheads:counter,1763,true,cookingforblockheads,net.blay09.mods.cookingforblockheads.block.BlockCounter,厨柜
cookingforblockheads:countercorner,1764,true,cookingforblockheads,net.blay09.mods.cookingforblockheads.block.BlockCounterCorner,厨柜转角
cookingforblockheads:cabinet,1765,true,cookingforblockheads,net.blay09.mods.cookingforblockheads.block.BlockCabinet,储藏柜
cookingforblockheads:cabinetcorner,1766,true,cookingforblockheads,net.blay09.mods.cookingforblockheads.block.BlockCabinetCorner,储藏柜转角
cookingforblockheads:fridge,1767,true,cookingforblockheads,net.blay09.mods.cookingforblockheads.block.BlockFridge,冰箱
cookingforblockheads:white_kitchen_floor,1768,true,cookingforblockheads,net.blay09.mods.cookingforblockheads.block.BlockKitchenFloor,白色厨房地板
cookingforblockheads:orange_kitchen_floor,1769,true,cookingforblockheads,net.blay09.mods.cookingforblockheads.block.BlockKitchenFloor,橙色厨房地板
cookingforblockheads:magenta_kitchen_floor,1770,true,cookingforblockheads,net.blay09.mods.cookingforblockheads.block.BlockKitchenFloor,品红厨房地板
cookingforblockheads:light_blue_kitchen_floor,1771,true,cookingforblockheads,net.blay09.mods.cookingforblockheads.block.BlockKitchenFloor,淡蓝厨房地板
cookingforblockheads:yellow_kitchen_floor,1772,true,cookingforblockheads,net.blay09.mods.cookingforblockheads.block.BlockKitchenFloor,黄色厨房地板
cookingforblockheads:lime_kitchen_floor,1773,true,cookingforblockheads,net.blay09.mods.cookingforblockheads.block.BlockKitchenFloor,黄绿厨房地板
cookingforblockheads:pink_kitchen_floor,1774,true,cookingforblockheads,net.blay09.mods.cookingforblockheads.block.BlockKitchenFloor,粉色厨房地板
cookingforblockheads:gray_kitchen_floor,1775,true,cookingforblockheads,net.blay09.mods.cookingforblockheads.block.BlockKitchenFloor,灰色厨房地板
cookingforblockheads:light_gray_kitchen_floor,1776,true,cookingforblockheads,net.blay09.mods.cookingforblockheads.block.BlockKitchenFloor,淡灰厨房地板
cookingforblockheads:cyan_kitchen_floor,1777,true,cookingforblockheads,net.blay09.mods.cookingforblockheads.block.BlockKitchenFloor,青色厨房地板
cookingforblockheads:purple_kitchen_floor,1778,true,cookingforblockheads,net.blay09.mods.cookingforblockheads.block.BlockKitchenFloor,紫色厨房地板
cookingforblockheads:blue_kitchen_floor,1779,true,cookingforblockheads,net.blay09.mods.cookingforblockheads.block.BlockKitchenFloor,蓝色厨房地板
cookingforblockheads:brown_kitchen_floor,1780,true,cookingforblockheads,net.blay09.mods.cookingforblockheads.block.BlockKitchenFloor,棕色厨房地板
cookingforblockheads:green_kitchen_floor,1781,true,cookingforblockheads,net.blay09.mods.cookingforblockheads.block.BlockKitchenFloor,绿色厨房地板
cookingforblockheads:red_kitchen_floor,1782,true,cookingforblockheads,net.blay09.mods.cookingforblockheads.block.BlockKitchenFloor,红色厨房地板
cookingforblockheads:black_kitchen_floor,1783,true,cookingforblockheads,net.blay09.mods.cookingforblockheads.block.BlockKitchenFloor,黑色厨房地板
cookingforblockheads:sink,1784,true,cookingforblockheads,net.blay09.mods.cookingforblockheads.block.BlockSink,水槽
cookingforblockheads:toolrack,1785,true,cookingforblockheads,net.blay09.mods.cookingforblockheads.block.BlockToolRack,厨具架
cookingforblockheads:toaster,1786,true,cookingforblockheads,net.blay09.mods.cookingforblockheads.block.BlockToaster,吐司机
EnderStorage:enderChest,1787,true,EnderStorage,codechicken.enderstorage.common.BlockEnderStorage,高级末影箱子
magicalcrops:MinicioOre,1788,true,magicalcrops,com.mark719.magicalcrops.blocks.BlockMinicioOre,精华矿石
magicalcrops:MinicioOreNether,1789,true,magicalcrops,com.mark719.magicalcrops.blocks.BlockMinicioOreNether,下届精华矿石
magicalcrops:MinicioOreEnd,1790,true,magicalcrops,com.mark719.magicalcrops.blocks.BlockMinicioOreEnd,末地精华矿石
magicalcrops:AirCrop,1791,true,magicalcrops,com.mark719.magicalcrops.blocks.crops.AirCrop,风之作物
magicalcrops:CoalCrop,1792,true,magicalcrops,com.mark719.magicalcrops.blocks.crops.CoalCrop,煤炭作物
magicalcrops:DyeCrop,1793,true,magicalcrops,com.mark719.magicalcrops.blocks.crops.DyeCrop,染料作物
magicalcrops:EarthCrop,1794,true,magicalcrops,com.mark719.magicalcrops.blocks.crops.EarthCrop,地之作物
magicalcrops:FireCrop,1795,true,magicalcrops,com.mark719.magicalcrops.blocks.crops.FireCrop,火之作物
magicalcrops:MinicioCrop,1796,true,magicalcrops,com.mark719.magicalcrops.blocks.crops.MinicioCrop,精华作物
magicalcrops:NatureCrop,1797,true,magicalcrops,com.mark719.magicalcrops.blocks.crops.NatureCrop,自然作物
magicalcrops:WaterCrop,1798,true,magicalcrops,com.mark719.magicalcrops.blocks.crops.WaterCrop,水之作物
magicalcrops:RedstoneCrop,1799,true,magicalcrops,com.mark719.magicalcrops.blocks.crops.RedstoneCrop,红石作物
magicalcrops:GlowstoneCrop,1800,true,magicalcrops,com.mark719.magicalcrops.blocks.crops.GlowstoneCrop,萤石作物
magicalcrops:ObsidianCrop,1801,true,magicalcrops,com.mark719.magicalcrops.blocks.crops.ObsidianCrop,黑曜石作物
magicalcrops:NetherCrop,1802,true,magicalcrops,com.mark719.magicalcrops.blocks.crops.NetherCrop,下届作物
magicalcrops:IronCrop,1803,true,magicalcrops,com.mark719.magicalcrops.blocks.crops.IronCrop,铁作物
magicalcrops:GoldCrop,1804,true,magicalcrops,com.mark719.magicalcrops.blocks.crops.GoldCrop,金作物
magicalcrops:LapisCrop,1805,true,magicalcrops,com.mark719.magicalcrops.blocks.crops.LapisCrop,青金石作物
magicalcrops:ExperienceCrop,1806,true,magicalcrops,com.mark719.magicalcrops.blocks.crops.ExperienceCrop,经验作物
magicalcrops:QuartzCrop,1807,true,magicalcrops,com.mark719.magicalcrops.blocks.crops.QuartzCrop,下届石英作物
magicalcrops:DiamondCrop,1808,true,magicalcrops,com.mark719.magicalcrops.blocks.crops.DiamondCrop,钻石作物
magicalcrops:EmeraldCrop,1809,true,magicalcrops,com.mark719.magicalcrops.blocks.crops.EmeraldCrop,翡翠作物
magicalcrops:BlazeCrop,1810,true,magicalcrops,com.mark719.magicalcrops.blocks.crops.BlazeCrop,火焰作物
magicalcrops:CreeperCrop,1811,true,magicalcrops,com.mark719.magicalcrops.blocks.crops.CreeperCrop,苦力怕作物
magicalcrops:EndermanCrop,1812,true,magicalcrops,com.mark719.magicalcrops.blocks.crops.EndermanCrop,末影人作物
magicalcrops:GhastCrop,1813,true,magicalcrops,com.mark719.magicalcrops.blocks.crops.GhastCrop,恶魂作物
magicalcrops:SkeletonCrop,1814,true,magicalcrops,com.mark719.magicalcrops.blocks.crops.SkeletonCrop,骷髅作物
magicalcrops:SlimeCrop,1815,true,magicalcrops,com.mark719.magicalcrops.blocks.crops.SlimeCrop,史莱姆作物
magicalcrops:SpiderCrop,1816,true,magicalcrops,com.mark719.magicalcrops.blocks.crops.SpiderCrop,蜘蛛作物
magicalcrops:WitherCrop,1817,true,magicalcrops,com.mark719.magicalcrops.blocks.crops.WitherCrop,凋零骷髅作物
magicalcrops:ChickenCrop,1818,true,magicalcrops,com.mark719.magicalcrops.blocks.crops.ChickenCrop,鸡作物
magicalcrops:CowCrop,1819,true,magicalcrops,com.mark719.magicalcrops.blocks.crops.CowCrop,牛作物
magicalcrops:PigCrop,1820,true,magicalcrops,com.mark719.magicalcrops.blocks.crops.PigCrop,猪作物
magicalcrops:SheepCrop,1821,true,magicalcrops,com.mark719.magicalcrops.blocks.crops.SheepCrop,羊作物
magicalcrops:CropBooster,1822,true,magicalcrops,com.mark719.magicalcrops.blocks.BlockCropBooster,生长脉冲发射器
magicalcrops:CropBooster2,1823,true,magicalcrops,com.mark719.magicalcrops.blocks.BlockCropBooster2,tile.CropBooster2.name
magicalcrops:CropBooster3,1824,true,magicalcrops,com.mark719.magicalcrops.blocks.BlockCropBooster3,tile.CropBooster3.name
magicalcrops:WitherProof,1825,true,magicalcrops,com.mark719.magicalcrops.blocks.BlockWitherProof,不退化石块
magicalcrops:WitherProofGlass,1826,true,magicalcrops,com.mark719.magicalcrops.blocks.BlockWitherProofGlass,不退化玻璃
magicalcrops:AccioFurnace,1827,true,magicalcrops,com.mark719.magicalcrops.furnace.AccioFurnace,初级精华炉
magicalcrops:AccioFurnaceActive,1828,true,magicalcrops,com.mark719.magicalcrops.furnace.AccioFurnace,激活初级精华炉
magicalcrops:CrucioFurnace,1829,true,magicalcrops,com.mark719.magicalcrops.furnace.CrucioFurnace,中级精华炉
magicalcrops:CrucioFurnaceActive,1830,true,magicalcrops,com.mark719.magicalcrops.furnace.CrucioFurnace,激活中级精华炉
magicalcrops:ImperioFurnace,1831,true,magicalcrops,com.mark719.magicalcrops.furnace.ImperioFurnace,高级精华炉
magicalcrops:ImperioFurnaceActive,1832,true,magicalcrops,com.mark719.magicalcrops.furnace.ImperioFurnace,激活高级精华炉
magicalcrops:ZivicioFurnace,1833,true,magicalcrops,com.mark719.magicalcrops.furnace.ZivicioFurnace,终级精华炉
magicalcrops:ZivicioFurnaceActive,1834,true,magicalcrops,com.mark719.magicalcrops.furnace.ZivicioFurnace,激活终级精华炉
magicalcrops:UltimateFurnace,1835,true,magicalcrops,com.mark719.magicalcrops.furnace.UltimateFurnace,极限精华炉
magicalcrops:UltimateFurnaceActive,1836,true,magicalcrops,com.mark719.magicalcrops.furnace.UltimateFurnace,激活极限精华炉
magicalcrops:essence_storage,1837,true,magicalcrops,com.mark719.magicalcrops.blocks.BlockEssenceStorage,精华块
magicalcrops:AluminiumCrop,1838,true,magicalcrops,com.mark719.magicalcrops.blocks.crops.AluminiumCrop,铝作物
magicalcrops:ArditeCrop,1839,true,magicalcrops,com.mark719.magicalcrops.blocks.crops.ArditeCrop,阿迪特作物
magicalcrops:CobaltCrop,1840,true,magicalcrops,com.mark719.magicalcrops.blocks.crops.CobaltCrop,钴作物
magicalcrops:CopperCrop,1841,true,magicalcrops,com.mark719.magicalcrops.blocks.crops.CopperCrop,铜作物
magicalcrops:CertusQuartzCrop,1842,true,magicalcrops,com.mark719.magicalcrops.blocks.crops.CertusQuartzCrop,赛特斯石英作物
magicalcrops:LeadCrop,1843,true,magicalcrops,com.mark719.magicalcrops.blocks.crops.LeadCrop,铅作物
magicalcrops:NickelCrop,1844,true,magicalcrops,com.mark719.magicalcrops.blocks.crops.NickelCrop,镍作物
magicalcrops:PlatinumCrop,1845,true,magicalcrops,com.mark719.magicalcrops.blocks.crops.PlatinumCrop,铂作物
magicalcrops:RubberCrop,1846,true,magicalcrops,com.mark719.magicalcrops.blocks.crops.RubberCrop,橡胶作物
magicalcrops:SilverCrop,1847,true,magicalcrops,com.mark719.magicalcrops.blocks.crops.SilverCrop,银作物
magicalcrops:TinCrop,1848,true,magicalcrops,com.mark719.magicalcrops.blocks.crops.TinCrop,锡作物
magicalcrops:SulfurCrop,1849,true,magicalcrops,com.mark719.magicalcrops.blocks.crops.SulfurCrop,硫作物
magicalcrops:YelloriteCrop,1850,true,magicalcrops,com.mark719.magicalcrops.blocks.crops.YelloriteCrop,Yellorite作物
magicalcrops:AlumiteCrop,1851,true,magicalcrops,com.mark719.magicalcrops.blocks.crops.AlumiteCrop,耐酸铝作物
magicalcrops:BlizzCrop,1852,true,magicalcrops,com.mark719.magicalcrops.blocks.crops.BlizzCrop,暴雪作物
magicalcrops:BronzeCrop,1853,true,magicalcrops,com.mark719.magicalcrops.blocks.crops.BronzeCrop,青铜作物
magicalcrops:ElectrumCrop,1854,true,magicalcrops,com.mark719.magicalcrops.blocks.crops.ElectrumCrop,琥珀金作物
magicalcrops:EnderiumCrop,1855,true,magicalcrops,com.mark719.magicalcrops.blocks.crops.EnderiumCrop,末影锭作物
magicalcrops:FluixCrop,1856,true,magicalcrops,com.mark719.magicalcrops.blocks.crops.FluixCrop,福鲁伊克斯作物
magicalcrops:InvarCrop,1857,true,magicalcrops,com.mark719.magicalcrops.blocks.crops.InvarCrop,因瓦合金作物
magicalcrops:LumiumCrop,1858,true,magicalcrops,com.mark719.magicalcrops.blocks.crops.LumiumCrop,流明锭作物
magicalcrops:ManasteelCrop,1859,true,magicalcrops,com.mark719.magicalcrops.blocks.crops.ManasteelCrop,Manasteel作物
magicalcrops:ManyullynCrop,1860,true,magicalcrops,com.mark719.magicalcrops.blocks.crops.ManyullynCrop,玛灵玉作物
magicalcrops:SaltpeterCrop,1861,true,magicalcrops,com.mark719.magicalcrops.blocks.crops.SaltpeterCrop,硝石作物
magicalcrops:SignalumCrop,1862,true,magicalcrops,com.mark719.magicalcrops.blocks.crops.SignalumCrop,信素锭作物
magicalcrops:SteelCrop,1863,true,magicalcrops,com.mark719.magicalcrops.blocks.crops.SteelCrop,钢作物
magicalcrops:TerrasteelCrop,1864,true,magicalcrops,com.mark719.magicalcrops.blocks.crops.TerrasteelCrop,Terrasteel作物
magicalcrops:ElectricalSteelCrop,1865,true,magicalcrops,com.mark719.magicalcrops.blocks.crops.ElectricalSteelCrop,磁钢作物
magicalcrops:EnergeticAlloyCrop,1866,true,magicalcrops,com.mark719.magicalcrops.blocks.crops.EnergeticAlloyCrop,充能合金作物
magicalcrops:RedstoneAlloyCrop,1867,true,magicalcrops,com.mark719.magicalcrops.blocks.crops.RedstoneAlloyCrop,红石合金作物
magicalcrops:ConductiveIronCrop,1868,true,magicalcrops,com.mark719.magicalcrops.blocks.crops.ConductiveIronCrop,导电铁作物
magicalcrops:DarkSteelCrop,1869,true,magicalcrops,com.mark719.magicalcrops.blocks.crops.DarkSteelCrop,玄钢作物
magicalcrops:SoulariumCrop,1870,true,magicalcrops,com.mark719.magicalcrops.blocks.crops.SoulariumCrop,魂金作物
magicalcrops:DraconiumCrop,1871,true,magicalcrops,com.mark719.magicalcrops.blocks.crops.DraconiumCrop,龙作物
ProjRed|Exploration:projectred.exploration.ore,1872,true,ProjRed|Exploration,mrtjp.projectred.exploration.BlockOre,红宝石矿石
ProjRed|Exploration:projectred.exploration.stone,1873,true,ProjRed|Exploration,mrtjp.projectred.exploration.BlockDecoratives,大理石
ProjRed|Exploration:projectred.exploration.stonewalls,1874,true,ProjRed|Exploration,mrtjp.projectred.exploration.BlockDecorativeWalls,大理石墙壁
ProjRed|Exploration:projectred.exploration.lily,1875,true,ProjRed|Exploration,mrtjp.projectred.exploration.BlockLily,百合花
ProjRed|Exploration:projectred.exploration.barrel,1876,true,ProjRed|Exploration,mrtjp.projectred.exploration.BlockBarrel,物品储存桶
ProjRed|Compatibility:projectred.compatibility.liqredstone,1877,true,ProjRed|Compatibility,mrtjp.projectred.compatibility.tconstruct.LiquidFiniteSubstance,熔融红石
ProjRed|Compatibility:projectred.compatibility.liqcondredmetal,1878,true,ProjRed|Compatibility,mrtjp.projectred.compatibility.tconstruct.LiquidFiniteSubstance,熔融红石合金
ProjRed|Expansion:projectred.expansion.machine1,1879,true,ProjRed|Expansion,mrtjp.projectred.expansion.BlockMachine,感应炉
ProjRed|Expansion:projectred.expansion.machine2,1880,true,ProjRed|Expansion,mrtjp.projectred.expansion.BlockMachine,方块破坏机
ProjRed|Fabrication:projectred.integration.icblock,1881,true,ProjRed|Fabrication,mrtjp.projectred.fabrication.BlockICMachine,IC工作台
ProjRed|Illumination:projectred.illumination.lamp,1882,true,ProjRed|Illumination,mrtjp.projectred.illumination.BlockLamp,白色灯
ProjRed|Illumination:projectred.illumination.airousLight,1883,true,ProjRed|Illumination,mrtjp.projectred.illumination.BlockAirousLight,含金灯
Avaritia:infinitato,1884,true,Avaritia,fox.spiteful.avaritia.compat.botania.BlockInfinitato,无尽小土豆
exnihilo:iron_gravel,1885,true,exnihilo,exnihilo.blocks.ores.BlockOre,铁矿砂砾
exnihilo:iron_sand,1886,true,exnihilo,exnihilo.blocks.ores.BlockOre,铁矿沙
exnihilo:iron_dust,1887,true,exnihilo,exnihilo.blocks.ores.BlockOre,铁矿尘土
exnihilo:nether_iron_gravel,1888,true,exnihilo,exnihilo.blocks.ores.BlockOre,铁矿砂砾
exnihilo:gold_gravel,1889,true,exnihilo,exnihilo.blocks.ores.BlockOre,金矿砂砾
exnihilo:gold_sand,1890,true,exnihilo,exnihilo.blocks.ores.BlockOre,金矿沙
exnihilo:gold_dust,1891,true,exnihilo,exnihilo.blocks.ores.BlockOre,金矿尘土
exnihilo:nether_gold_gravel,1892,true,exnihilo,exnihilo.blocks.ores.BlockOre,金矿砂砾
exnihilo:copper_gravel,1893,true,exnihilo,exnihilo.blocks.ores.BlockOre,铜矿砂砾
exnihilo:copper_sand,1894,true,exnihilo,exnihilo.blocks.ores.BlockOre,铜矿沙
exnihilo:copper_dust,1895,true,exnihilo,exnihilo.blocks.ores.BlockOre,铜矿尘土
exnihilo:nether_copper_gravel,1896,true,exnihilo,exnihilo.blocks.ores.BlockOre,铜矿砂砾
exnihilo:tin_gravel,1897,true,exnihilo,exnihilo.blocks.ores.BlockOre,锡矿砂砾
exnihilo:tin_sand,1898,true,exnihilo,exnihilo.blocks.ores.BlockOre,锡矿沙
exnihilo:tin_dust,1899,true,exnihilo,exnihilo.blocks.ores.BlockOre,锡矿尘土
exnihilo:ender_tin_gravel,1900,true,exnihilo,exnihilo.blocks.ores.BlockOre,锡矿砂砾
exnihilo:silver_gravel,1901,true,exnihilo,exnihilo.blocks.ores.BlockOre,银矿砂砾
exnihilo:silver_sand,1902,true,exnihilo,exnihilo.blocks.ores.BlockOre,银矿沙
exnihilo:silver_dust,1903,true,exnihilo,exnihilo.blocks.ores.BlockOre,银矿尘土
exnihilo:ender_silver_gravel,1904,true,exnihilo,exnihilo.blocks.ores.BlockOre,银矿砂砾
exnihilo:lead_gravel,1905,true,exnihilo,exnihilo.blocks.ores.BlockOre,铅矿砂砾
exnihilo:lead_sand,1906,true,exnihilo,exnihilo.blocks.ores.BlockOre,铅矿沙
exnihilo:lead_dust,1907,true,exnihilo,exnihilo.blocks.ores.BlockOre,铅矿尘土
exnihilo:ender_lead_gravel,1908,true,exnihilo,exnihilo.blocks.ores.BlockOre,铅矿砂砾
exnihilo:nickel_gravel,1909,true,exnihilo,exnihilo.blocks.ores.BlockOre,镍矿砂砾
exnihilo:nickel_sand,1910,true,exnihilo,exnihilo.blocks.ores.BlockOre,镍矿沙
exnihilo:nickel_dust,1911,true,exnihilo,exnihilo.blocks.ores.BlockOre,镍矿尘土
exnihilo:nether_nickel_gravel,1912,true,exnihilo,exnihilo.blocks.ores.BlockOre,镍矿砂砾
exnihilo:platinum_gravel,1913,true,exnihilo,exnihilo.blocks.ores.BlockOre,铂矿砂砾
exnihilo:platinum_sand,1914,true,exnihilo,exnihilo.blocks.ores.BlockOre,铂矿沙
exnihilo:platinum_dust,1915,true,exnihilo,exnihilo.blocks.ores.BlockOre,铂矿尘土
exnihilo:ender_platinum_gravel,1916,true,exnihilo,exnihilo.blocks.ores.BlockOre,铂矿砂砾
exnihilo:aluminum_gravel,1917,true,exnihilo,exnihilo.blocks.ores.BlockOre,铝矿砂砾
exnihilo:aluminum_sand,1918,true,exnihilo,exnihilo.blocks.ores.BlockOre,铝矿沙
exnihilo:aluminum_dust,1919,true,exnihilo,exnihilo.blocks.ores.BlockOre,铝矿尘土
DegeneratorCrystal:EndGlowstoneOre,1920,true,DegeneratorCrystal,cubex2.cs3.block.BlockCSNormal,末地萤石矿石
DegeneratorCrystal:NetherStarBlock,1921,true,DegeneratorCrystal,cubex2.cs3.block.BlockCSNormal,下界之星块
DegeneratorCrystal:Frame,1922,true,DegeneratorCrystal,cubex2.cs3.block.BlockCSNormal,设备框架
DegeneratorCrystal:snpbBlock,1923,true,DegeneratorCrystal,cubex2.cs3.block.BlockCSNormal,焊锡块
DegeneratorCrystal:Nablock,1924,true,DegeneratorCrystal,cubex2.cs3.block.BlockCSNormal,钠块
DegeneratorCrystal:AldaBlock,1925,true,DegeneratorCrystal,cubex2.cs3.block.BlockCSNormal,艾德曼合金块
DegeneratorCrystal:TiSkyBlock,1926,true,DegeneratorCrystal,cubex2.cs3.block.BlockCSNormal,镀钛陨石块
DegeneratorCrystal:ZrBlock,1927,true,DegeneratorCrystal,cubex2.cs3.block.BlockCSNormal,锆块
DegeneratorCrystal:GlowstoneOre,1928,true,DegeneratorCrystal,cubex2.cs3.block.BlockCSNormal,萤石矿石
DegeneratorCrystal:SandYellorite,1929,true,DegeneratorCrystal,cubex2.cs3.block.BlockCSGravity,黄铀矿砂砾
DegeneratorCrystal:RutileOre,1930,true,DegeneratorCrystal,cubex2.cs3.block.BlockCSNormal,金红石矿石
DegeneratorCrystal:Tiblock,1931,true,DegeneratorCrystal,cubex2.cs3.block.BlockCSNormal,钛块
DegeneratorCrystal:SandYellorite_1,1932,true,DegeneratorCrystal,cubex2.cs3.block.BlockCSGravity,黄铀矿沙
DegeneratorCrystal:SandYellorite_2,1933,true,DegeneratorCrystal,cubex2.cs3.block.BlockCSGravity,黄铀矿尘土
DegeneratorCrystal:NaLight,1934,true,DegeneratorCrystal,cubex2.cs3.block.BlockCSNormal,钠灯
cb4bq:BlockREB,1935,true,cb4bq,lokko12.CB4BQ.BlockREB,重置任务方块
betterquesting:submit_station,1936,true,betterquesting,betterquesting.blocks.BlockSubmitStation,提交站（OSS）
cb4bq:BlockHSB,1937,true,cb4bq,lokko12.CB4BQ.BlockHSB,极限模式开关
betterquesting:observation_station,1938,true,betterquesting,betterquesting.blocks.BlockObservationStation,观测站（OOS）
cb4bq:BlockDLB,1939,true,cb4bq,lokko12.CB4BQ.BlockDLB,默认加载方块
