Name,ID,Has Block,Mod,Class,Display Name
minecraft:stone,1,true,minecraft,net.minecraft.item.ItemBlock,石头
minecraft:grass,2,true,minecraft,net.minecraft.item.ItemBlock,草方块
minecraft:dirt,3,true,minecraft,net.minecraft.item.ItemMultiTexture,泥土
minecraft:cobblestone,4,true,minecraft,net.minecraft.item.ItemBlock,圆石
minecraft:planks,5,true,minecraft,net.minecraft.item.ItemMultiTexture,橡木木板
minecraft:sapling,6,true,minecraft,net.minecraft.item.ItemMultiTexture,橡树树苗
minecraft:bedrock,7,true,minecraft,net.minecraft.item.ItemBlock,基岩
minecraft:flowing_water,8,true,minecraft,net.minecraft.item.ItemBlock,水
minecraft:water,9,true,minecraft,net.minecraft.item.ItemBlock,水
minecraft:flowing_lava,10,true,minecraft,net.minecraft.item.ItemBlock,岩浆
minecraft:lava,11,true,minecraft,net.minecraft.item.ItemBlock,岩浆
minecraft:sand,12,true,minecraft,net.minecraft.item.ItemMultiTexture,沙子
minecraft:gravel,13,true,minecraft,net.minecraft.item.ItemBlock,沙砾
minecraft:gold_ore,14,true,minecraft,net.minecraft.item.ItemBlock,金矿石
minecraft:iron_ore,15,true,minecraft,net.minecraft.item.ItemBlock,铁矿石
minecraft:coal_ore,16,true,minecraft,net.minecraft.item.ItemBlock,煤矿石
minecraft:log,17,true,minecraft,net.minecraft.item.ItemMultiTexture,橡木
minecraft:leaves,18,true,minecraft,net.minecraft.item.ItemLeaves,橡树树叶
minecraft:sponge,19,true,minecraft,net.minecraft.item.ItemBlock,海绵
minecraft:glass,20,true,minecraft,net.minecraft.item.ItemBlock,玻璃
minecraft:lapis_ore,21,true,minecraft,net.minecraft.item.ItemBlock,青金石矿石
minecraft:lapis_block,22,true,minecraft,net.minecraft.item.ItemBlock,青金石块
minecraft:dispenser,23,true,minecraft,net.minecraft.item.ItemBlock,发射器
minecraft:sandstone,24,true,minecraft,net.minecraft.item.ItemMultiTexture,沙石
minecraft:noteblock,25,true,minecraft,net.minecraft.item.ItemBlock,音符盒
minecraft:golden_rail,27,true,minecraft,net.minecraft.item.ItemBlock,推进轨道
minecraft:detector_rail,28,true,minecraft,net.minecraft.item.ItemBlock,感应轨道
minecraft:sticky_piston,29,true,minecraft,net.minecraft.item.ItemPiston,粘性活塞
minecraft:web,30,true,minecraft,net.minecraft.item.ItemBlock,蜘蛛网
minecraft:tallgrass,31,true,minecraft,net.minecraft.item.ItemColored,灌木
minecraft:deadbush,32,true,minecraft,net.minecraft.item.ItemBlock,枯死的灌木
minecraft:piston,33,true,minecraft,net.minecraft.item.ItemPiston,活塞
minecraft:wool,35,true,minecraft,net.minecraft.item.ItemCloth,羊毛
minecraft:yellow_flower,37,true,minecraft,net.minecraft.item.ItemMultiTexture,蒲公英
minecraft:red_flower,38,true,minecraft,net.minecraft.item.ItemMultiTexture,罂粟
minecraft:brown_mushroom,39,true,minecraft,net.minecraft.item.ItemBlock,蘑菇
minecraft:red_mushroom,40,true,minecraft,net.minecraft.item.ItemBlock,蘑菇
minecraft:gold_block,41,true,minecraft,net.minecraft.item.ItemBlock,金块
minecraft:iron_block,42,true,minecraft,net.minecraft.item.ItemBlock,铁块
minecraft:double_stone_slab,43,true,minecraft,net.minecraft.item.ItemSlab,石台阶
minecraft:stone_slab,44,true,minecraft,net.minecraft.item.ItemSlab,石台阶
minecraft:brick_block,45,true,minecraft,net.minecraft.item.ItemBlock,砖块
minecraft:tnt,46,true,minecraft,net.minecraft.item.ItemBlock,TNT
minecraft:bookshelf,47,true,minecraft,net.minecraft.item.ItemBlock,书架
minecraft:mossy_cobblestone,48,true,minecraft,net.minecraft.item.ItemBlock,苔石
minecraft:obsidian,49,true,minecraft,net.minecraft.item.ItemBlock,黑曜石
minecraft:torch,50,true,minecraft,net.minecraft.item.ItemBlock,火把
minecraft:fire,51,true,minecraft,net.minecraft.item.ItemBlock,火
minecraft:mob_spawner,52,true,minecraft,codechicken.nei.ItemMobSpawner,刷怪箱
minecraft:oak_stairs,53,true,minecraft,net.minecraft.item.ItemBlock,橡木楼梯
minecraft:chest,54,true,minecraft,net.minecraft.item.ItemBlock,箱子
minecraft:diamond_ore,56,true,minecraft,net.minecraft.item.ItemBlock,钻石矿石
minecraft:diamond_block,57,true,minecraft,net.minecraft.item.ItemBlock,钻石块
minecraft:crafting_table,58,true,minecraft,net.minecraft.item.ItemBlock,工作台
minecraft:farmland,60,true,minecraft,net.minecraft.item.ItemBlock,耕地
minecraft:furnace,61,true,minecraft,net.minecraft.item.ItemBlock,熔炉
minecraft:lit_furnace,62,true,minecraft,net.minecraft.item.ItemBlock,熔炉
minecraft:ladder,65,true,minecraft,net.minecraft.item.ItemBlock,梯子
minecraft:rail,66,true,minecraft,net.minecraft.item.ItemBlock,轨道
minecraft:stone_stairs,67,true,minecraft,net.minecraft.item.ItemBlock,石楼梯
minecraft:lever,69,true,minecraft,net.minecraft.item.ItemBlock,拉杆
minecraft:stone_pressure_plate,70,true,minecraft,net.minecraft.item.ItemBlock,压力板
minecraft:wooden_pressure_plate,72,true,minecraft,net.minecraft.item.ItemBlock,压力板
minecraft:redstone_ore,73,true,minecraft,net.minecraft.item.ItemBlock,红石矿石
minecraft:redstone_torch,76,true,minecraft,net.minecraft.item.ItemBlock,红石火把
minecraft:stone_button,77,true,minecraft,net.minecraft.item.ItemBlock,按钮
minecraft:snow_layer,78,true,minecraft,net.minecraft.item.ItemSnow,雪
minecraft:ice,79,true,minecraft,net.minecraft.item.ItemBlock,冰
minecraft:snow,80,true,minecraft,net.minecraft.item.ItemBlock,雪
minecraft:cactus,81,true,minecraft,net.minecraft.item.ItemBlock,仙人掌
minecraft:clay,82,true,minecraft,net.minecraft.item.ItemBlock,粘土块
minecraft:jukebox,84,true,minecraft,net.minecraft.item.ItemBlock,唱片机
minecraft:fence,85,true,minecraft,net.minecraft.item.ItemBlock,栅栏
minecraft:pumpkin,86,true,minecraft,net.minecraft.item.ItemBlock,南瓜
minecraft:netherrack,87,true,minecraft,net.minecraft.item.ItemBlock,地狱岩
minecraft:soul_sand,88,true,minecraft,net.minecraft.item.ItemBlock,灵魂沙
minecraft:glowstone,89,true,minecraft,net.minecraft.item.ItemBlock,萤石
minecraft:portal,90,true,minecraft,net.minecraft.item.ItemBlock,传送门
minecraft:lit_pumpkin,91,true,minecraft,net.minecraft.item.ItemBlock,南瓜灯
minecraft:stained_glass,95,true,minecraft,net.minecraft.item.ItemCloth,白色染色玻璃
minecraft:trapdoor,96,true,minecraft,net.minecraft.item.ItemBlock,活板门
minecraft:monster_egg,97,true,minecraft,net.minecraft.item.ItemMultiTexture,石头怪物蛋
minecraft:stonebrick,98,true,minecraft,net.minecraft.item.ItemMultiTexture,石砖
minecraft:brown_mushroom_block,99,true,minecraft,net.minecraft.item.ItemBlock,蘑菇
minecraft:red_mushroom_block,100,true,minecraft,net.minecraft.item.ItemBlock,蘑菇
minecraft:iron_bars,101,true,minecraft,net.minecraft.item.ItemBlock,铁栏杆
minecraft:glass_pane,102,true,minecraft,net.minecraft.item.ItemBlock,玻璃板
minecraft:melon_block,103,true,minecraft,net.minecraft.item.ItemBlock,西瓜
minecraft:vine,106,true,minecraft,net.minecraft.item.ItemColored,藤蔓
minecraft:fence_gate,107,true,minecraft,net.minecraft.item.ItemBlock,橡木栅栏门
minecraft:brick_stairs,108,true,minecraft,net.minecraft.item.ItemBlock,砖楼梯
minecraft:stone_brick_stairs,109,true,minecraft,net.minecraft.item.ItemBlock,石砖楼梯
minecraft:mycelium,110,true,minecraft,net.minecraft.item.ItemBlock,菌丝
minecraft:waterlily,111,true,minecraft,net.minecraft.item.ItemLilyPad,睡莲
minecraft:nether_brick,112,true,minecraft,net.minecraft.item.ItemBlock,地狱砖块
minecraft:nether_brick_fence,113,true,minecraft,net.minecraft.item.ItemBlock,地狱砖栅栏
minecraft:nether_brick_stairs,114,true,minecraft,net.minecraft.item.ItemBlock,地狱砖楼梯
minecraft:enchanting_table,116,true,minecraft,net.minecraft.item.ItemBlock,附魔台
minecraft:end_portal,119,true,minecraft,net.minecraft.item.ItemBlock,"未命名方块,请报告给作者."
minecraft:end_portal_frame,120,true,minecraft,net.minecraft.item.ItemBlock,末地传送门
minecraft:end_stone,121,true,minecraft,net.minecraft.item.ItemBlock,末地石
minecraft:dragon_egg,122,true,minecraft,net.minecraft.item.ItemBlock,龙蛋
minecraft:redstone_lamp,123,true,minecraft,net.minecraft.item.ItemBlock,红石灯
minecraft:double_wooden_slab,125,true,minecraft,net.minecraft.item.ItemSlab,橡木台阶
minecraft:wooden_slab,126,true,minecraft,net.minecraft.item.ItemSlab,橡木台阶
minecraft:cocoa,127,true,minecraft,net.minecraft.item.ItemBlock,可可果
minecraft:sandstone_stairs,128,true,minecraft,net.minecraft.item.ItemBlock,沙石楼梯
minecraft:emerald_ore,129,true,minecraft,net.minecraft.item.ItemBlock,绿宝石矿石
minecraft:ender_chest,130,true,minecraft,net.minecraft.item.ItemBlock,私人末影箱子
minecraft:tripwire_hook,131,true,minecraft,net.minecraft.item.ItemBlock,绊线钩
minecraft:emerald_block,133,true,minecraft,net.minecraft.item.ItemBlock,绿宝石块
minecraft:spruce_stairs,134,true,minecraft,net.minecraft.item.ItemBlock,云杉木楼梯
minecraft:birch_stairs,135,true,minecraft,net.minecraft.item.ItemBlock,桦木楼梯
minecraft:jungle_stairs,136,true,minecraft,net.minecraft.item.ItemBlock,丛林木楼梯
minecraft:command_block,137,true,minecraft,net.minecraft.item.ItemBlock,命令方块
minecraft:beacon,138,true,minecraft,net.minecraft.item.ItemBlock,信标
minecraft:cobblestone_wall,139,true,minecraft,net.minecraft.item.ItemMultiTexture,圆石墙
minecraft:carrots,141,true,minecraft,net.minecraft.item.ItemBlock,胡萝卜
minecraft:potatoes,142,true,minecraft,net.minecraft.item.ItemBlock,马铃薯
minecraft:wooden_button,143,true,minecraft,net.minecraft.item.ItemBlock,按钮
minecraft:anvil,145,true,minecraft,net.minecraft.item.ItemAnvilBlock,铁砧
minecraft:trapped_chest,146,true,minecraft,net.minecraft.item.ItemBlock,陷阱箱
minecraft:light_weighted_pressure_plate,147,true,minecraft,net.minecraft.item.ItemBlock,测重压力板 (轻质)
minecraft:heavy_weighted_pressure_plate,148,true,minecraft,net.minecraft.item.ItemBlock,测重压力板 (重质)
minecraft:daylight_detector,151,true,minecraft,net.minecraft.item.ItemBlock,阳光传感器
minecraft:redstone_block,152,true,minecraft,net.minecraft.item.ItemBlock,红石块
minecraft:quartz_ore,153,true,minecraft,net.minecraft.item.ItemBlock,下界石英矿石
minecraft:hopper,154,true,minecraft,net.minecraft.item.ItemBlock,漏斗
minecraft:quartz_block,155,true,minecraft,net.minecraft.item.ItemMultiTexture,石英块
minecraft:quartz_stairs,156,true,minecraft,net.minecraft.item.ItemBlock,石英楼梯
minecraft:activator_rail,157,true,minecraft,net.minecraft.item.ItemBlock,激活轨道
minecraft:dropper,158,true,minecraft,net.minecraft.item.ItemBlock,投掷器
minecraft:stained_hardened_clay,159,true,minecraft,net.minecraft.item.ItemCloth,白色染色粘土
minecraft:stained_glass_pane,160,true,minecraft,net.minecraft.item.ItemCloth,白色染色玻璃板
minecraft:leaves2,161,true,minecraft,net.minecraft.item.ItemLeaves,金合欢树叶
minecraft:log2,162,true,minecraft,net.minecraft.item.ItemMultiTexture,金合欢木
minecraft:acacia_stairs,163,true,minecraft,net.minecraft.item.ItemBlock,金合欢木楼梯
minecraft:dark_oak_stairs,164,true,minecraft,net.minecraft.item.ItemBlock,深色橡木楼梯
appliedenergistics2:tile.OreQuartz,165,true,appliedenergistics2,appeng.block.AEBaseItemBlock,赛特斯石英矿石
appliedenergistics2:tile.OreQuartzCharged,166,true,appliedenergistics2,appeng.block.AEBaseItemBlock,充能赛特斯石英矿石
appliedenergistics2:tile.BlockMatrixFrame,167,true,appliedenergistics2,appeng.block.AEBaseItemBlock,矩阵框架
appliedenergistics2:tile.BlockQuartz,168,true,appliedenergistics2,appeng.block.AEBaseItemBlock,赛特斯石英块
appliedenergistics2:tile.BlockQuartzPillar,169,true,appliedenergistics2,appeng.block.AEBaseItemBlock,赛特斯竖纹石英块
minecraft:hay_block,170,true,minecraft,net.minecraft.item.ItemBlock,干草块
minecraft:carpet,171,true,minecraft,net.minecraft.item.ItemCloth,地毯
minecraft:hardened_clay,172,true,minecraft,net.minecraft.item.ItemBlock,硬化粘土
minecraft:coal_block,173,true,minecraft,net.minecraft.item.ItemBlock,煤炭块
minecraft:packed_ice,174,true,minecraft,net.minecraft.item.ItemBlock,浮冰
minecraft:double_plant,175,true,minecraft,net.minecraft.item.ItemDoublePlant,向日葵
appliedenergistics2:tile.BlockQuartzChiseled,176,true,appliedenergistics2,appeng.block.AEBaseItemBlock,錾制赛特斯石英块
appliedenergistics2:tile.BlockQuartzGlass,177,true,appliedenergistics2,appeng.block.AEBaseItemBlock,石英玻璃
appliedenergistics2:tile.BlockQuartzLamp,178,true,appliedenergistics2,appeng.block.AEBaseItemBlock,聚能石英玻璃
appliedenergistics2:tile.BlockQuartzTorch,179,true,appliedenergistics2,appeng.block.AEBaseItemBlock,充能石英火把
appliedenergistics2:tile.BlockFluix,180,true,appliedenergistics2,appeng.block.AEBaseItemBlock,福鲁伊克斯块
appliedenergistics2:tile.BlockSkyStone,181,true,appliedenergistics2,appeng.block.AEBaseItemBlock,陨石
appliedenergistics2:tile.BlockSkyChest,182,true,appliedenergistics2,appeng.block.AEBaseItemBlock,陨石箱子
appliedenergistics2:tile.BlockSkyCompass,183,true,appliedenergistics2,appeng.block.AEBaseItemBlock,陨石罗盘
appliedenergistics2:tile.BlockGrinder,184,true,appliedenergistics2,appeng.block.AEBaseItemBlock,石英磨具
appliedenergistics2:tile.BlockCrank,185,true,appliedenergistics2,appeng.block.AEBaseItemBlock,木质曲柄
appliedenergistics2:tile.BlockInscriber,186,true,appliedenergistics2,appeng.block.AEBaseItemBlock,压印器
appliedenergistics2:tile.BlockAdvancedInscriber,187,true,appliedenergistics2,appeng.block.AEBaseItemBlock,高级压印器
appliedenergistics2:tile.BlockWireless,188,true,appliedenergistics2,appeng.block.AEBaseItemBlock,ME无线访问点
appliedenergistics2:tile.BlockCharger,189,true,appliedenergistics2,appeng.block.AEBaseItemBlock,充能器
appliedenergistics2:tile.BlockTinyTNT,190,true,appliedenergistics2,appeng.block.AEBaseItemBlock,迷你TNT
appliedenergistics2:tile.BlockSecurity,191,true,appliedenergistics2,appeng.block.AEBaseItemBlock,ME安全终端
appliedenergistics2:tile.BlockStorageReshuffle,192,true,appliedenergistics2,appeng.block.AEBaseItemBlock,ME存储整理器
appliedenergistics2:tile.BlockQuantumRing,193,true,appliedenergistics2,appeng.block.AEBaseItemBlock,ME量子环
appliedenergistics2:tile.BlockQuantumLinkChamber,194,true,appliedenergistics2,appeng.block.AEBaseItemBlock,ME量子链接仓
appliedenergistics2:tile.BlockSpatialPylon,195,true,appliedenergistics2,appeng.block.AEBaseItemBlock,空间塔
appliedenergistics2:tile.BlockSpatialIOPort,196,true,appliedenergistics2,appeng.block.AEBaseItemBlock,空间IO端口
appliedenergistics2:tile.BlockSpatialLinkChamber,197,true,appliedenergistics2,appeng.block.AEBaseItemBlock,空间链接仓
appliedenergistics2:tile.BlockSpatialNetworkRelay,198,true,appliedenergistics2,appeng.block.AEBaseItemBlock,空间网络中继器
appliedenergistics2:tile.BlockCableBus,199,true,appliedenergistics2,appeng.block.AEBaseItemBlock,AE线缆/总线
appliedenergistics2:tile.BlockController,200,true,appliedenergistics2,appeng.block.AEBaseItemBlock,ME控制器
appliedenergistics2:tile.BlockCreativeEnergyController,201,true,appliedenergistics2,appeng.block.AEBaseItemBlock,ME自供能控制器
appliedenergistics2:tile.BlockDrive,202,true,appliedenergistics2,appeng.block.AEBaseItemBlock,ME驱动器
appliedenergistics2:tile.BlockChest,203,true,appliedenergistics2,appeng.block.AEBaseItemBlock,ME箱子
appliedenergistics2:tile.BlockInterface,204,true,appliedenergistics2,appeng.block.AEBaseItemBlock,ME接口
appliedenergistics2:tile.BlockCellWorkbench,205,true,appliedenergistics2,appeng.block.AEBaseItemBlock,元件工作台
appliedenergistics2:tile.BlockIOPort,206,true,appliedenergistics2,appeng.block.AEBaseItemBlock,ME-IO端口
appliedenergistics2:tile.BlockCondenser,207,true,appliedenergistics2,appeng.block.AEBaseItemBlock,物质聚合器
appliedenergistics2:tile.BlockEnergyAcceptor,208,true,appliedenergistics2,appeng.block.AEBaseItemBlock,能源接收器
appliedenergistics2:tile.BlockVibrationChamber,209,true,appliedenergistics2,appeng.block.AEBaseItemBlock,谐振仓
appliedenergistics2:tile.BlockQuartzGrowthAccelerator,210,true,appliedenergistics2,appeng.block.AEBaseItemBlock,晶体催生器
appliedenergistics2:tile.BlockEnergyCell,211,true,appliedenergistics2,appeng.block.AEBaseItemBlockChargeable,能源元件
appliedenergistics2:tile.BlockDenseEnergyCell,212,true,appliedenergistics2,appeng.block.AEBaseItemBlockChargeable,致密能源元件
appliedenergistics2:tile.BlockCreativeEnergyCell,213,true,appliedenergistics2,appeng.block.AEBaseItemBlock,创造能源元件
appliedenergistics2:tile.BlockCraftingUnit,214,true,appliedenergistics2,appeng.block.AEBaseItemBlock,合成单元
appliedenergistics2:tile.BlockAdvancedCraftingUnit,215,true,appliedenergistics2,appeng.block.AEBaseItemBlock,64核并行处理单元
appliedenergistics2:tile.BlockCraftingStorage,216,true,appliedenergistics2,appeng.block.crafting.ItemCraftingStorage,1k合成存储器
appliedenergistics2:tile.BlockAdvancedCraftingStorage,217,true,appliedenergistics2,appeng.block.crafting.ItemCraftingStorage,256k合成存储器
appliedenergistics2:tile.BlockSingularityCraftingStorage,218,true,appliedenergistics2,appeng.block.crafting.ItemCraftingStorage,奇点合成存储器
appliedenergistics2:tile.BlockCraftingMonitor,219,true,appliedenergistics2,appeng.block.AEBaseItemBlock,合成监控器
appliedenergistics2:tile.BlockMolecularAssembler,220,true,appliedenergistics2,appeng.block.AEBaseItemBlock,分子装配室
appliedenergistics2:tile.BlockLightDetector,221,true,appliedenergistics2,appeng.block.AEBaseItemBlock,光亮探测器
appliedenergistics2:tile.BlockPaint,222,true,appliedenergistics2,appeng.block.AEBaseItemBlock,染色
appliedenergistics2:tile.BlockPatternOptimizationMatrix,223,true,appliedenergistics2,appeng.block.AEBaseItemBlock,样板优化矩阵
appliedenergistics2:tile.SkyStoneStairBlock,224,true,appliedenergistics2,net.minecraft.item.ItemBlock,陨石楼梯
appliedenergistics2:tile.SkyStoneBlockStairBlock,225,true,appliedenergistics2,net.minecraft.item.ItemBlock,陨石块楼梯
appliedenergistics2:tile.SkyStoneBrickStairBlock,226,true,appliedenergistics2,net.minecraft.item.ItemBlock,陨石石砖楼梯
appliedenergistics2:tile.SkyStoneSmallBrickStairBlock,227,true,appliedenergistics2,net.minecraft.item.ItemBlock,陨石砖块楼梯
appliedenergistics2:tile.FluixStairBlock,228,true,appliedenergistics2,net.minecraft.item.ItemBlock,福鲁伊克斯楼梯
appliedenergistics2:tile.QuartzStairBlock,229,true,appliedenergistics2,net.minecraft.item.ItemBlock,赛特斯石英楼梯
appliedenergistics2:tile.ChiseledQuartzStairBlock,230,true,appliedenergistics2,net.minecraft.item.ItemBlock,錾制赛特斯石英楼梯
appliedenergistics2:tile.QuartzPillarStairBlock,231,true,appliedenergistics2,net.minecraft.item.ItemBlock,竖纹赛特斯石英楼梯
appliedenergistics2:tile.SkyStoneSlabBlock,232,true,appliedenergistics2,appeng.block.AEBaseItemBlockSlab,陨石台阶
appliedenergistics2:tile.SkyStoneSlabBlock.double,233,true,appliedenergistics2,appeng.block.AEBaseItemBlockSlab,陨石台阶
appliedenergistics2:tile.SkyStoneBlockSlabBlock,234,true,appliedenergistics2,appeng.block.AEBaseItemBlockSlab,陨石块台阶
appliedenergistics2:tile.SkyStoneBlockSlabBlock.double,235,true,appliedenergistics2,appeng.block.AEBaseItemBlockSlab,陨石块台阶
appliedenergistics2:tile.SkyStoneBrickSlabBlock,236,true,appliedenergistics2,appeng.block.AEBaseItemBlockSlab,陨石石砖台阶
appliedenergistics2:tile.SkyStoneBrickSlabBlock.double,237,true,appliedenergistics2,appeng.block.AEBaseItemBlockSlab,陨石石砖台阶
appliedenergistics2:tile.SkyStoneSmallBrickSlabBlock,238,true,appliedenergistics2,appeng.block.AEBaseItemBlockSlab,陨石砖块台阶
appliedenergistics2:tile.SkyStoneSmallBrickSlabBlock.double,239,true,appliedenergistics2,appeng.block.AEBaseItemBlockSlab,陨石砖块台阶
appliedenergistics2:tile.FluixSlabBlock,240,true,appliedenergistics2,appeng.block.AEBaseItemBlockSlab,福鲁伊克斯台阶
appliedenergistics2:tile.FluixSlabBlock.double,241,true,appliedenergistics2,appeng.block.AEBaseItemBlockSlab,福鲁伊克斯台阶
appliedenergistics2:tile.QuartzSlabBlock,242,true,appliedenergistics2,appeng.block.AEBaseItemBlockSlab,赛特斯石英台阶
appliedenergistics2:tile.QuartzSlabBlock.double,243,true,appliedenergistics2,appeng.block.AEBaseItemBlockSlab,赛特斯石英台阶
appliedenergistics2:tile.ChiseledQuartzSlabBlock,244,true,appliedenergistics2,appeng.block.AEBaseItemBlockSlab,錾制赛特斯石英台阶
appliedenergistics2:tile.ChiseledQuartzSlabBlock.double,245,true,appliedenergistics2,appeng.block.AEBaseItemBlockSlab,錾制赛特斯石英台阶
appliedenergistics2:tile.QuartzPillarSlabBlock,246,true,appliedenergistics2,appeng.block.AEBaseItemBlockSlab,竖纹赛特斯石英台阶
appliedenergistics2:tile.QuartzPillarSlabBlock.double,247,true,appliedenergistics2,appeng.block.AEBaseItemBlockSlab,竖纹赛特斯石英台阶
appliedenergistics2:tile.BlockSuperMEReplenisher,248,true,appliedenergistics2,appeng.block.AEBaseItemBlock,超级ME补充器
appliedenergistics2:tile.BlockWirelessConnector,249,true,appliedenergistics2,appeng.block.AEBaseItemBlock,无线接入器
appliedenergistics2:tile.BlockWirelessHub,250,true,appliedenergistics2,appeng.block.AEBaseItemBlock,无线集线器
appliedenergistics2:tile.BlockCrystalGrowthChamber,251,true,appliedenergistics2,appeng.block.AEBaseItemBlock,晶体催生仓
ae2fc:certus_quartz_tank,252,true,ae2fc,com.glodblock.github.common.item.ItemCertusQuartzTank,赛特斯石英水槽
ae2fc:fluid_auto_filler,253,true,ae2fc,com.glodblock.github.common.item.FCBaseItemBlock,ME流体自动装填器
ae2fc:level_maintainer,254,true,ae2fc,com.glodblock.github.common.item.FCBaseItemBlock,ME请求器
ae2fc:fluid_pattern_encoder,255,true,ae2fc,appeng.block.AEBaseItemBlock,流体样板编码台
minecraft:iron_shovel,256,false,minecraft,net.minecraft.item.ItemSpade,铁锹
minecraft:iron_pickaxe,257,false,minecraft,net.minecraft.item.ItemPickaxe,铁镐
minecraft:iron_axe,258,false,minecraft,net.minecraft.item.ItemAxe,铁斧
minecraft:flint_and_steel,259,false,minecraft,net.minecraft.item.ItemFlintAndSteel,打火石
minecraft:apple,260,false,minecraft,net.minecraft.item.ItemFood,苹果
minecraft:bow,261,false,minecraft,net.minecraft.item.ItemBow,弓
minecraft:arrow,262,false,minecraft,net.minecraft.item.Item,箭
minecraft:coal,263,false,minecraft,net.minecraft.item.ItemCoal,煤炭
minecraft:diamond,264,false,minecraft,net.minecraft.item.Item,钻石
minecraft:iron_ingot,265,false,minecraft,net.minecraft.item.Item,铁锭
minecraft:gold_ingot,266,false,minecraft,net.minecraft.item.Item,金锭
minecraft:iron_sword,267,false,minecraft,net.minecraft.item.ItemSword,铁剑
minecraft:wooden_sword,268,false,minecraft,net.minecraft.item.ItemSword,木剑
minecraft:wooden_shovel,269,false,minecraft,net.minecraft.item.ItemSpade,木锹
minecraft:wooden_pickaxe,270,false,minecraft,net.minecraft.item.ItemPickaxe,木镐
minecraft:wooden_axe,271,false,minecraft,net.minecraft.item.ItemAxe,木斧
minecraft:stone_sword,272,false,minecraft,net.minecraft.item.ItemSword,石剑
minecraft:stone_shovel,273,false,minecraft,net.minecraft.item.ItemSpade,石锹
minecraft:stone_pickaxe,274,false,minecraft,net.minecraft.item.ItemPickaxe,石镐
minecraft:stone_axe,275,false,minecraft,net.minecraft.item.ItemAxe,石斧
minecraft:diamond_sword,276,false,minecraft,net.minecraft.item.ItemSword,钻石剑
minecraft:diamond_shovel,277,false,minecraft,net.minecraft.item.ItemSpade,钻石锹
minecraft:diamond_pickaxe,278,false,minecraft,net.minecraft.item.ItemPickaxe,钻石镐
minecraft:diamond_axe,279,false,minecraft,net.minecraft.item.ItemAxe,钻石斧
minecraft:stick,280,false,minecraft,net.minecraft.item.Item,木棍
minecraft:bowl,281,false,minecraft,net.minecraft.item.Item,碗
minecraft:mushroom_stew,282,false,minecraft,net.minecraft.item.ItemSoup,蘑菇煲
minecraft:golden_sword,283,false,minecraft,net.minecraft.item.ItemSword,金剑
minecraft:golden_shovel,284,false,minecraft,net.minecraft.item.ItemSpade,金锹
minecraft:golden_pickaxe,285,false,minecraft,net.minecraft.item.ItemPickaxe,金镐
minecraft:golden_axe,286,false,minecraft,net.minecraft.item.ItemAxe,金斧
minecraft:string,287,false,minecraft,net.minecraft.item.ItemReed,线
minecraft:feather,288,false,minecraft,net.minecraft.item.Item,羽毛
minecraft:gunpowder,289,false,minecraft,net.minecraft.item.Item,火药
minecraft:wooden_hoe,290,false,minecraft,net.minecraft.item.ItemHoe,木锄
minecraft:stone_hoe,291,false,minecraft,net.minecraft.item.ItemHoe,石锄
minecraft:iron_hoe,292,false,minecraft,net.minecraft.item.ItemHoe,铁锄
minecraft:diamond_hoe,293,false,minecraft,net.minecraft.item.ItemHoe,钻石锄
minecraft:golden_hoe,294,false,minecraft,net.minecraft.item.ItemHoe,金锄
minecraft:wheat_seeds,295,false,minecraft,net.minecraft.item.ItemSeeds,小麦种子
minecraft:wheat,296,false,minecraft,net.minecraft.item.Item,小麦
minecraft:bread,297,false,minecraft,net.minecraft.item.ItemFood,面包
minecraft:leather_helmet,298,false,minecraft,net.minecraft.item.ItemArmor,皮革帽子
minecraft:leather_chestplate,299,false,minecraft,net.minecraft.item.ItemArmor,皮革外套
minecraft:leather_leggings,300,false,minecraft,net.minecraft.item.ItemArmor,皮革裤子
minecraft:leather_boots,301,false,minecraft,net.minecraft.item.ItemArmor,皮革靴子
minecraft:chainmail_helmet,302,false,minecraft,net.minecraft.item.ItemArmor,锁链头盔
minecraft:chainmail_chestplate,303,false,minecraft,net.minecraft.item.ItemArmor,锁链胸甲
minecraft:chainmail_leggings,304,false,minecraft,net.minecraft.item.ItemArmor,锁链护腿
minecraft:chainmail_boots,305,false,minecraft,net.minecraft.item.ItemArmor,锁链靴子
minecraft:iron_helmet,306,false,minecraft,net.minecraft.item.ItemArmor,铁头盔
minecraft:iron_chestplate,307,false,minecraft,net.minecraft.item.ItemArmor,铁胸甲
minecraft:iron_leggings,308,false,minecraft,net.minecraft.item.ItemArmor,铁护腿
minecraft:iron_boots,309,false,minecraft,net.minecraft.item.ItemArmor,铁靴子
minecraft:diamond_helmet,310,false,minecraft,net.minecraft.item.ItemArmor,钻石头盔
minecraft:diamond_chestplate,311,false,minecraft,net.minecraft.item.ItemArmor,钻石胸甲
minecraft:diamond_leggings,312,false,minecraft,net.minecraft.item.ItemArmor,钻石护腿
minecraft:diamond_boots,313,false,minecraft,net.minecraft.item.ItemArmor,钻石靴子
minecraft:golden_helmet,314,false,minecraft,net.minecraft.item.ItemArmor,金头盔
minecraft:golden_chestplate,315,false,minecraft,net.minecraft.item.ItemArmor,金胸甲
minecraft:golden_leggings,316,false,minecraft,net.minecraft.item.ItemArmor,金护腿
minecraft:golden_boots,317,false,minecraft,net.minecraft.item.ItemArmor,金靴子
minecraft:flint,318,false,minecraft,net.minecraft.item.Item,燧石
minecraft:porkchop,319,false,minecraft,net.minecraft.item.ItemFood,生猪排
minecraft:cooked_porkchop,320,false,minecraft,net.minecraft.item.ItemFood,熟猪排
minecraft:painting,321,false,minecraft,net.minecraft.item.ItemHangingEntity,画
minecraft:golden_apple,322,false,minecraft,net.minecraft.item.ItemAppleGold,金苹果
minecraft:sign,323,false,minecraft,net.minecraft.item.ItemSign,告示牌
minecraft:wooden_door,324,false,minecraft,net.minecraft.item.ItemDoor,木门
minecraft:bucket,325,false,minecraft,net.minecraft.item.ItemBucket,桶
minecraft:water_bucket,326,false,minecraft,net.minecraft.item.ItemBucket,水桶
minecraft:lava_bucket,327,false,minecraft,net.minecraft.item.ItemBucket,岩浆桶
minecraft:minecart,328,false,minecraft,net.minecraft.item.ItemMinecart,矿车
minecraft:saddle,329,false,minecraft,net.minecraft.item.ItemSaddle,鞍
minecraft:iron_door,330,false,minecraft,net.minecraft.item.ItemDoor,铁门
minecraft:redstone,331,false,minecraft,net.minecraft.item.ItemRedstone,红石
minecraft:snowball,332,false,minecraft,net.minecraft.item.ItemSnowball,雪球
minecraft:boat,333,false,minecraft,net.minecraft.item.ItemBoat,船
minecraft:leather,334,false,minecraft,net.minecraft.item.Item,皮革
minecraft:milk_bucket,335,false,minecraft,null,牛奶桶
minecraft:brick,336,false,minecraft,net.minecraft.item.Item,红砖
minecraft:clay_ball,337,false,minecraft,net.minecraft.item.Item,粘土
minecraft:reeds,338,false,minecraft,net.minecraft.item.ItemReed,甘蔗
minecraft:paper,339,false,minecraft,net.minecraft.item.Item,纸
minecraft:book,340,false,minecraft,net.minecraft.item.ItemBook,书
minecraft:slime_ball,341,false,minecraft,net.minecraft.item.Item,粘液球
minecraft:chest_minecart,342,false,minecraft,net.minecraft.item.ItemMinecart,箱子车
minecraft:furnace_minecart,343,false,minecraft,net.minecraft.item.ItemMinecart,熔炉车
minecraft:egg,344,false,minecraft,net.minecraft.item.ItemEgg,鸡蛋
minecraft:compass,345,false,minecraft,net.minecraft.item.Item,指南针
minecraft:fishing_rod,346,false,minecraft,net.minecraft.item.ItemFishingRod,钓鱼竿
minecraft:clock,347,false,minecraft,net.minecraft.item.Item,钟
minecraft:glowstone_dust,348,false,minecraft,net.minecraft.item.Item,萤石粉
minecraft:fish,349,false,minecraft,net.minecraft.item.ItemFishFood,生鱼
minecraft:cooked_fished,350,false,minecraft,net.minecraft.item.ItemFishFood,熟鱼
minecraft:dye,351,false,minecraft,net.minecraft.item.ItemDye,墨囊
minecraft:bone,352,false,minecraft,net.minecraft.item.Item,骨头
minecraft:sugar,353,false,minecraft,net.minecraft.item.Item,糖
minecraft:cake,354,false,minecraft,net.minecraft.item.ItemReed,蛋糕
minecraft:bed,355,false,minecraft,net.minecraft.item.ItemBed,床
minecraft:repeater,356,false,minecraft,net.minecraft.item.ItemReed,红石中继器
minecraft:cookie,357,false,minecraft,net.minecraft.item.ItemFood,曲奇
minecraft:filled_map,358,false,minecraft,net.minecraft.item.ItemMap,地图 #0
minecraft:shears,359,false,minecraft,net.minecraft.item.ItemShears,剪刀
minecraft:melon,360,false,minecraft,net.minecraft.item.ItemFood,西瓜
minecraft:pumpkin_seeds,361,false,minecraft,net.minecraft.item.ItemSeeds,南瓜种子
minecraft:melon_seeds,362,false,minecraft,net.minecraft.item.ItemSeeds,西瓜种子
minecraft:beef,363,false,minecraft,net.minecraft.item.ItemFood,生牛肉
minecraft:cooked_beef,364,false,minecraft,net.minecraft.item.ItemFood,牛排
minecraft:chicken,365,false,minecraft,net.minecraft.item.ItemFood,生鸡肉
minecraft:cooked_chicken,366,false,minecraft,net.minecraft.item.ItemFood,熟鸡肉
minecraft:rotten_flesh,367,false,minecraft,net.minecraft.item.ItemFood,腐肉
minecraft:ender_pearl,368,false,minecraft,net.minecraft.item.ItemEnderPearl,末影珍珠
minecraft:blaze_rod,369,false,minecraft,net.minecraft.item.Item,烈焰棒
minecraft:ghast_tear,370,false,minecraft,net.minecraft.item.Item,恶魂之泪
minecraft:gold_nugget,371,false,minecraft,net.minecraft.item.Item,金粒
minecraft:nether_wart,372,false,minecraft,net.minecraft.item.ItemSeeds,地狱疣
minecraft:potion,373,false,minecraft,net.minecraft.item.ItemPotion,水瓶
minecraft:glass_bottle,374,false,minecraft,net.minecraft.item.ItemGlassBottle,玻璃瓶
minecraft:spider_eye,375,false,minecraft,net.minecraft.item.ItemFood,蜘蛛眼
minecraft:fermented_spider_eye,376,false,minecraft,net.minecraft.item.Item,发酵蛛眼
minecraft:blaze_powder,377,false,minecraft,net.minecraft.item.Item,烈焰粉
minecraft:magma_cream,378,false,minecraft,net.minecraft.item.Item,岩浆膏
minecraft:brewing_stand,379,false,minecraft,net.minecraft.item.ItemReed,酿造台
minecraft:cauldron,380,false,minecraft,net.minecraft.item.ItemReed,炼药锅
minecraft:ender_eye,381,false,minecraft,net.minecraft.item.ItemEnderEye,末影之眼
minecraft:speckled_melon,382,false,minecraft,net.minecraft.item.Item,闪烁的西瓜
minecraft:spawn_egg,383,false,minecraft,net.minecraft.item.ItemMonsterPlacer,生成
minecraft:experience_bottle,384,false,minecraft,net.minecraft.item.ItemExpBottle,附魔之瓶
minecraft:fire_charge,385,false,minecraft,net.minecraft.item.ItemFireball,火焰弹
minecraft:writable_book,386,false,minecraft,net.minecraft.item.ItemWritableBook,书与笔
minecraft:written_book,387,false,minecraft,net.minecraft.item.ItemEditableBook,成书
minecraft:emerald,388,false,minecraft,net.minecraft.item.Item,绿宝石
minecraft:item_frame,389,false,minecraft,net.minecraft.item.ItemHangingEntity,物品展示框
minecraft:flower_pot,390,false,minecraft,net.minecraft.item.ItemReed,花盆
minecraft:carrot,391,false,minecraft,net.minecraft.item.ItemSeedFood,胡萝卜
minecraft:potato,392,false,minecraft,net.minecraft.item.ItemSeedFood,马铃薯
minecraft:baked_potato,393,false,minecraft,net.minecraft.item.ItemFood,烤马铃薯
minecraft:poisonous_potato,394,false,minecraft,net.minecraft.item.ItemFood,毒马铃薯
minecraft:map,395,false,minecraft,net.minecraft.item.ItemEmptyMap,空地图
minecraft:golden_carrot,396,false,minecraft,net.minecraft.item.ItemFood,金萝卜
minecraft:skull,397,false,minecraft,net.minecraft.item.ItemSkull,骷髅头颅
minecraft:carrot_on_a_stick,398,false,minecraft,net.minecraft.item.ItemCarrotOnAStick,萝卜钓竿
minecraft:nether_star,399,false,minecraft,net.minecraft.item.ItemSimpleFoiled,下界之星
minecraft:pumpkin_pie,400,false,minecraft,net.minecraft.item.ItemFood,南瓜派
minecraft:fireworks,401,false,minecraft,net.minecraft.item.ItemFirework,烟花火箭
minecraft:firework_charge,402,false,minecraft,net.minecraft.item.ItemFireworkCharge,烟火之星
minecraft:enchanted_book,403,false,minecraft,net.minecraft.item.ItemEnchantedBook,附魔书
minecraft:comparator,404,false,minecraft,net.minecraft.item.ItemReed,红石比较器
minecraft:netherbrick,405,false,minecraft,net.minecraft.item.Item,地狱砖
minecraft:quartz,406,false,minecraft,net.minecraft.item.Item,下界石英
minecraft:tnt_minecart,407,false,minecraft,net.minecraft.item.ItemMinecart,TNT车
minecraft:hopper_minecart,408,false,minecraft,net.minecraft.item.ItemMinecart,漏斗车
ae2fc:fluid_packet_decoder,409,true,ae2fc,com.glodblock.github.common.item.FCBaseItemBlock,ME流体封包解码器
ae2fc:fluid_interface,410,true,ae2fc,appeng.block.AEBaseItemBlock,ME二合一接口
ae2fc:ingredient_buffer,411,true,ae2fc,appeng.block.AEBaseItemBlock,原材料缓存仓
ae2fc:fluid_buffer,412,true,ae2fc,com.glodblock.github.common.item.FCBaseItemBlock,ME流体缓存器
ae2fc:large_ingredient_buffer,413,true,ae2fc,appeng.block.AEBaseItemBlock,大型原材料缓存仓
ae2fc:walrus,414,true,ae2fc,com.glodblock.github.common.item.BaseItemBlockContainer,海象
ae2fc:super_stock_replenisher,415,true,ae2fc,appeng.block.AEBaseItemBlock,超级库存补充器
ae2stuff:Encoder,416,true,ae2stuff,net.bdew.lib.block.ItemBlockKeepData,样板编码台
minecraft:iron_horse_armor,417,false,minecraft,net.minecraft.item.Item,铁马铠
minecraft:golden_horse_armor,418,false,minecraft,net.minecraft.item.Item,金马铠
minecraft:diamond_horse_armor,419,false,minecraft,net.minecraft.item.Item,钻石马铠
minecraft:lead,420,false,minecraft,net.minecraft.item.ItemLead,拴绳
minecraft:name_tag,421,false,minecraft,net.minecraft.item.ItemNameTag,命名牌
minecraft:command_block_minecart,422,false,minecraft,net.minecraft.item.ItemMinecart,命令方块矿车
ae2stuff:Grower,423,true,ae2stuff,net.bdew.lib.block.ItemBlockKeepData,晶体催生仓
ae2stuff:Inscriber,424,true,ae2stuff,net.bdew.lib.block.ItemBlockKeepData,高级压印器
ae2stuff:Wireless,425,true,ae2stuff,net.bdew.ae2stuff.machines.wireless.ItemBlockWireless,无线接入器
Botania:flower,426,true,Botania,vazkii.botania.common.item.block.ItemBlockWithMetadataAndName,白色神秘花
Botania:altar,427,true,Botania,vazkii.botania.common.item.block.ItemBlockWithMetadataAndName,花药台
Botania:livingrock,428,true,Botania,vazkii.botania.common.item.block.ItemCubeWithMetadataAndName,活石
Botania:livingwood,429,true,Botania,vazkii.botania.common.item.block.ItemCubeWithMetadataAndName,活木
Botania:specialFlower,430,true,Botania,vazkii.botania.common.item.block.ItemBlockSpecialFlower,植物魔法花
Botania:spreader,431,true,Botania,vazkii.botania.common.item.block.ItemBlockWithMetadataAndName,魔力发射器
Botania:pool,432,true,Botania,vazkii.botania.common.item.block.ItemBlockPool,魔力池
Botania:runeAltar,433,true,Botania,vazkii.botania.common.item.block.ItemBlockMod,符文祭坛
Botania:unstableBlock,434,true,Botania,vazkii.botania.common.item.block.ItemBlockWithMetadataAndName,白色不稳定立方
Botania:pylon,435,true,Botania,vazkii.botania.common.item.block.ItemBlockWithMetadataAndName,魔法水晶
Botania:pistonRelay,436,true,Botania,vazkii.botania.common.item.block.ItemCubeMod,力量传递器
Botania:distributor,437,true,Botania,vazkii.botania.common.item.block.ItemBlockMod,魔力分配器
Botania:manaBeacon,438,true,Botania,vazkii.botania.common.item.block.ItemBlockWithMetadataAndName,白色不稳定信标
Botania:manaVoid,439,true,Botania,vazkii.botania.common.item.block.ItemBlockMod,魔力销毁器
Botania:manaDetector,440,true,Botania,vazkii.botania.common.item.block.ItemBlockMod,魔力检测器
Botania:enchanter,441,true,Botania,vazkii.botania.common.item.block.ItemBlockMod,魔力附魔台
Botania:turntable,442,true,Botania,vazkii.botania.common.item.block.ItemBlockMod,发射器旋转台
Botania:tinyPlanetBlock,443,true,Botania,vazkii.botania.common.item.block.ItemBlockMod,魔力环绕器
Botania:alchemyCatalyst,444,true,Botania,vazkii.botania.common.item.block.ItemCubeMod,炼金催化器
Botania:openCrate,445,true,Botania,vazkii.botania.common.item.block.ItemCubeWithMetadataAndName,花格箱
Botania:forestEye,446,true,Botania,vazkii.botania.common.item.block.ItemBlockMod,远古之眼
Botania:storage,447,true,Botania,vazkii.botania.common.item.block.ItemBlockStorage,魔力钢块
Botania:forestDrum,448,true,Botania,vazkii.botania.common.item.block.ItemBlockWithMetadataAndName,狂野之鼓
Botania:shinyFlower,449,true,Botania,vazkii.botania.common.item.block.ItemBlockWithMetadataAndName,白色荧光花
Botania:platform,450,true,Botania,vazkii.botania.common.item.block.ItemCubeWithMetadataAndName,奥秘平台
Botania:alfheimPortal,451,true,Botania,vazkii.botania.common.item.block.ItemBlockMod,精灵门核心
Botania:dreamwood,452,true,Botania,vazkii.botania.common.item.block.ItemBlockDreamwood,梦之木
Botania:conjurationCatalyst,453,true,Botania,vazkii.botania.common.item.block.ItemCubeMod,炼造催化器
Botania:bifrost,454,true,Botania,vazkii.botania.common.item.block.ItemBlockMod,临时彩虹桥方块
Botania:solidVine,455,true,Botania,vazkii.botania.common.item.block.ItemBlockMod,tile.botania:solidVine.name
Botania:buriedPetals,456,true,Botania,vazkii.botania.common.item.block.ItemBlockWithMetadataAndName,埋藏白色花瓣
Botania:prismarine,457,true,Botania,vazkii.botania.common.item.block.ItemCubeWithMetadataAndName,海晶石
Botania:seaLamp,458,true,Botania,vazkii.botania.common.item.block.ItemCubeMod,海晶灯
Botania:miniIsland,459,true,Botania,vazkii.botania.common.item.block.ItemBlockWithMetadataAndName,白色浮空花
Botania:tinyPotato,460,true,Botania,vazkii.botania.common.item.block.ItemBlockTinyPotato,小土豆
Botania:spawnerClaw,461,true,Botania,vazkii.botania.common.item.block.ItemBlockMod,生命灌注器
Botania:reedBlock,462,true,Botania,vazkii.botania.common.item.block.ItemCubeMod,甘蔗块
Botania:thatch,463,true,Botania,vazkii.botania.common.item.block.ItemCubeMod,茅草块
Botania:customBrick,464,true,Botania,vazkii.botania.common.item.block.ItemCubeWithMetadataAndName,炼狱砖块
Botania:enderEyeBlock,465,true,Botania,vazkii.botania.common.item.block.ItemBlockMod,末影监视者
Botania:starfield,466,true,Botania,vazkii.botania.common.item.block.ItemBlockMod,星空制造器
Botania:rfGenerator,467,true,Botania,vazkii.botania.common.item.block.ItemBlockMod,魔力转换器
Botania:elfGlass,468,true,Botania,vazkii.botania.common.item.block.ItemBlockElven,精灵玻璃
Botania:brewery,469,true,Botania,vazkii.botania.common.item.block.ItemBlockMod,植物酿造台
Botania:manaGlass,470,true,Botania,vazkii.botania.common.item.block.ItemCubeMod,魔力玻璃
Botania:terraPlate,471,true,Botania,vazkii.botania.common.item.block.ItemBlockMod,泰拉凝聚板
Botania:redStringContainer,472,true,Botania,vazkii.botania.common.item.block.ItemBlockMod,红线容器
Botania:redStringDispenser,473,true,Botania,vazkii.botania.common.item.block.ItemBlockMod,红线发射器
Botania:redStringFertilizer,474,true,Botania,vazkii.botania.common.item.block.ItemBlockMod,红线施肥器
Botania:redStringComparator,475,true,Botania,vazkii.botania.common.item.block.ItemBlockMod,红线比较器
Botania:redStringRelay,476,true,Botania,vazkii.botania.common.item.block.ItemBlockMod,红线继电器
Botania:floatingSpecialFlower,477,true,Botania,vazkii.botania.common.item.block.ItemBlockFloatingSpecialFlower,浮空植物魔法花
Botania:manaFlame,478,true,Botania,vazkii.botania.common.item.block.ItemBlockMod,魔力闪光
Botania:prism,479,true,Botania,vazkii.botania.common.item.block.ItemBlockMod,魔力棱镜
Botania:dirtPath,480,true,Botania,vazkii.botania.common.item.block.ItemCubeMod,沙土
Botania:enchantedSoil,481,true,Botania,vazkii.botania.common.item.block.ItemCubeMod,蕴魔土
Botania:petalBlock,482,true,Botania,vazkii.botania.common.item.block.ItemCubeWithMetadataAndName,白色花瓣块
Botania:corporeaIndex,483,true,Botania,vazkii.botania.common.item.block.ItemBlockMod,多媒体索引
Botania:corporeaFunnel,484,true,Botania,vazkii.botania.common.item.block.ItemBlockMod,多媒体漏斗
Botania:endStoneBrick,485,true,Botania,vazkii.botania.common.item.block.ItemCubeWithMetadataAndName,末地石砖
Botania:mushroom,486,true,Botania,vazkii.botania.common.item.block.ItemBlockWithMetadataAndName,白色微光蘑菇
Botania:pump,487,true,Botania,vazkii.botania.common.item.block.ItemBlockMod,魔力泵
Botania:doubleFlower1,488,true,Botania,vazkii.botania.common.item.block.ItemBlockWithMetadataAndName,白色高神秘花
Botania:doubleFlower2,489,true,Botania,vazkii.botania.common.item.block.ItemBlockWithMetadataAndName,淡灰色高神秘花
Botania:fakeAir,490,true,Botania,vazkii.botania.common.item.block.ItemBlockMod,tile.botania:fakeAir.name
Botania:blazeBlock,491,true,Botania,vazkii.botania.common.item.block.ItemCubeMod,烈焰灯
Botania:corporeaInterceptor,492,true,Botania,vazkii.botania.common.item.block.ItemBlockMod,多媒体拦截器
Botania:corporeaCrystalCube,493,true,Botania,vazkii.botania.common.item.block.ItemBlockMod,多媒体水晶魔方
Botania:incensePlate,494,true,Botania,vazkii.botania.common.item.block.ItemBlockMod,香盘
Botania:hourglass,495,true,Botania,vazkii.botania.common.item.block.ItemBlockMod,悬浮沙漏
Botania:ghostRail,496,true,Botania,vazkii.botania.common.item.block.ItemBlockMod,幻影轨道
Botania:sparkChanger,497,true,Botania,vazkii.botania.common.item.block.ItemBlockMod,火花工匠台
Botania:root,498,true,Botania,vazkii.botania.common.item.block.ItemCubeMod,活根
Botania:felPumpkin,499,true,Botania,vazkii.botania.common.item.block.ItemCubeMod,恶魔头南瓜
Botania:cocoon,500,true,Botania,vazkii.botania.common.item.block.ItemBlockMod,随想之茧
Botania:lightRelay,501,true,Botania,vazkii.botania.common.item.block.ItemBlockWithMetadataAndName,微光
Botania:lightLauncher,502,true,Botania,vazkii.botania.common.item.block.ItemCubeMod,微光发射器
Botania:manaBomb,503,true,Botania,vazkii.botania.common.item.block.ItemCubeMod,魔力风暴
Botania:cacophoniumBlock,504,true,Botania,vazkii.botania.common.item.block.ItemBlockMod,不和谐之音方块
Botania:bellows,505,true,Botania,vazkii.botania.common.item.block.ItemBlockMod,魔源风箱
Botania:bifrostPerm,506,true,Botania,vazkii.botania.common.item.block.ItemCubeMod,彩虹桥方块
Botania:cellBlock,507,true,Botania,vazkii.botania.common.item.block.ItemBlockMod,细胞方块
Botania:redStringInterceptor,508,true,Botania,vazkii.botania.common.item.block.ItemBlockMod,红线拦截器
Botania:gaiaHeadBlock,509,true,Botania,vazkii.botania.common.item.block.ItemBlockMod,盖亚守护者的头
Botania:corporeaRetainer,510,true,Botania,vazkii.botania.common.item.block.ItemBlockMod,多媒体固定器
Botania:teruTeruBozu,511,true,Botania,vazkii.botania.common.item.block.ItemBlockMod,晴天娃娃
Botania:shimmerrock,512,true,Botania,vazkii.botania.common.item.block.ItemCubeMod,微光石
Botania:shimmerwoodPlanks,513,true,Botania,vazkii.botania.common.item.block.ItemCubeMod,微光木板
Botania:avatar,514,true,Botania,vazkii.botania.common.item.block.ItemBlockMod,活木枝化身
Botania:altGrass,515,true,Botania,vazkii.botania.common.item.block.ItemCubeWithMetadataAndName,干草地
Botania:livingwood0Stairs,516,true,Botania,vazkii.botania.common.item.block.ItemCubeMod,活木楼梯
Botania:livingwood0Wall,517,true,Botania,vazkii.botania.common.item.block.ItemCubeMod,活木墙
Botania:livingwood1Stairs,518,true,Botania,vazkii.botania.common.item.block.ItemCubeMod,活木板楼梯
Botania:livingrock0Stairs,519,true,Botania,vazkii.botania.common.item.block.ItemCubeMod,活石楼梯
Botania:livingrock0Wall,520,true,Botania,vazkii.botania.common.item.block.ItemCubeMod,活石墙
Botania:livingrock1Stairs,521,true,Botania,vazkii.botania.common.item.block.ItemCubeMod,活石砖楼梯
Botania:dreamwood0Stairs,522,true,Botania,vazkii.botania.common.item.block.ItemCubeMod,梦之木楼梯
Botania:dreamwood0Wall,523,true,Botania,vazkii.botania.common.item.block.ItemCubeMod,梦之木墙
Botania:dreamwood1Stairs,524,true,Botania,vazkii.botania.common.item.block.ItemCubeMod,梦之木楼梯
Botania:prismarine0Stairs,525,true,Botania,vazkii.botania.common.item.block.ItemCubeMod,海晶石楼梯
Botania:prismarine0Wall,526,true,Botania,vazkii.botania.common.item.block.ItemCubeMod,海晶石墙
Botania:prismarine1Stairs,527,true,Botania,vazkii.botania.common.item.block.ItemCubeMod,海晶石砖楼梯
Botania:prismarine2Stairs,528,true,Botania,vazkii.botania.common.item.block.ItemCubeMod,深色海晶石楼梯
Botania:reedBlock0Stairs,529,true,Botania,vazkii.botania.common.item.block.ItemCubeMod,甘蔗楼梯
Botania:reedBlock0Wall,530,true,Botania,vazkii.botania.common.item.block.ItemCubeMod,甘蔗围墙
Botania:thatch0Stairs,531,true,Botania,vazkii.botania.common.item.block.ItemCubeMod,茅草楼梯
Botania:customBrick0Stairs,532,true,Botania,vazkii.botania.common.item.block.ItemCubeMod,炼狱砖楼梯
Botania:customBrick1Stairs,533,true,Botania,vazkii.botania.common.item.block.ItemCubeMod,灵魂砖楼梯
Botania:customBrick2Stairs,534,true,Botania,vazkii.botania.common.item.block.ItemCubeMod,霜冻砖楼梯
Botania:customBrick3Stairs,535,true,Botania,vazkii.botania.common.item.block.ItemCubeMod,瓦块楼梯
Botania:biomeStoneA,536,true,Botania,vazkii.botania.common.item.block.ItemCubeWithMetadataAndName,变质森林石头
Botania:biomeStoneB,537,true,Botania,vazkii.botania.common.item.block.ItemCubeWithMetadataAndName,变质森林石砖
Botania:stone,538,true,Botania,vazkii.botania.common.item.block.ItemCubeWithMetadataAndName,安山岩
Botania:pavement,539,true,Botania,vazkii.botania.common.item.block.ItemCubeWithMetadataAndName,白色葡萄牙路面
Botania:quartzTypeDark,540,true,Botania,vazkii.botania.common.item.block.ItemBlockSpecialQuartz,烟熏石英块
Botania:quartzStairsDark,541,true,Botania,vazkii.botania.common.item.block.ItemCubeMod,烟熏石英楼梯
Botania:quartzTypeMana,542,true,Botania,vazkii.botania.common.item.block.ItemBlockSpecialQuartz,魔力石英块
Botania:quartzStairsMana,543,true,Botania,vazkii.botania.common.item.block.ItemCubeMod,魔力石英楼梯
Botania:quartzTypeBlaze,544,true,Botania,vazkii.botania.common.item.block.ItemBlockSpecialQuartz,烈焰石英块
Botania:quartzStairsBlaze,545,true,Botania,vazkii.botania.common.item.block.ItemCubeMod,烈焰石英楼梯
Botania:quartzTypeLavender,546,true,Botania,vazkii.botania.common.item.block.ItemBlockSpecialQuartz,熏香石英块
Botania:quartzStairsLavender,547,true,Botania,vazkii.botania.common.item.block.ItemCubeMod,熏香石英楼梯
Botania:quartzTypeRed,548,true,Botania,vazkii.botania.common.item.block.ItemBlockSpecialQuartz,红色石英块
Botania:quartzStairsRed,549,true,Botania,vazkii.botania.common.item.block.ItemCubeMod,红色石英楼梯
Botania:quartzTypeElf,550,true,Botania,vazkii.botania.common.item.block.ItemBlockSpecialQuartz,精灵石英块
Botania:quartzStairsElf,551,true,Botania,vazkii.botania.common.item.block.ItemCubeMod,精灵石英楼梯
Botania:quartzTypeSunny,552,true,Botania,vazkii.botania.common.item.block.ItemBlockSpecialQuartz,金黄石英块
Botania:quartzStairsSunny,553,true,Botania,vazkii.botania.common.item.block.ItemCubeMod,金黄石英楼梯
Botania:biomeStoneA0Stairs,554,true,Botania,vazkii.botania.common.item.block.ItemCubeMod,变质森林石头楼梯
Botania:biomeStoneA1Stairs,555,true,Botania,vazkii.botania.common.item.block.ItemCubeMod,变质平原石头楼梯
Botania:biomeStoneA2Stairs,556,true,Botania,vazkii.botania.common.item.block.ItemCubeMod,变质高山石头楼梯
Botania:biomeStoneA3Stairs,557,true,Botania,vazkii.botania.common.item.block.ItemCubeMod,变质菌丝石头楼梯
Botania:biomeStoneA4Stairs,558,true,Botania,vazkii.botania.common.item.block.ItemCubeMod,变质沼泽石头楼梯
Botania:biomeStoneA5Stairs,559,true,Botania,vazkii.botania.common.item.block.ItemCubeMod,变质沙漠石头楼梯
Botania:biomeStoneA6Stairs,560,true,Botania,vazkii.botania.common.item.block.ItemCubeMod,变质雪原石头楼梯
Botania:biomeStoneA7Stairs,561,true,Botania,vazkii.botania.common.item.block.ItemCubeMod,变质高原石头楼梯
Botania:biomeStoneA8Stairs,562,true,Botania,vazkii.botania.common.item.block.ItemCubeMod,变质森林圆石楼梯
Botania:biomeStoneA9Stairs,563,true,Botania,vazkii.botania.common.item.block.ItemCubeMod,变质平原圆石楼梯
Botania:biomeStoneA10Stairs,564,true,Botania,vazkii.botania.common.item.block.ItemCubeMod,变质高山圆石楼梯
Botania:biomeStoneA11Stairs,565,true,Botania,vazkii.botania.common.item.block.ItemCubeMod,变质菌丝圆石楼梯
Botania:biomeStoneA12Stairs,566,true,Botania,vazkii.botania.common.item.block.ItemCubeMod,变质沼泽圆石楼梯
Botania:biomeStoneA13Stairs,567,true,Botania,vazkii.botania.common.item.block.ItemCubeMod,变质沙漠圆石楼梯
Botania:biomeStoneA14Stairs,568,true,Botania,vazkii.botania.common.item.block.ItemCubeMod,变质雪原圆石楼梯
Botania:biomeStoneA15Stairs,569,true,Botania,vazkii.botania.common.item.block.ItemCubeMod,变质高原圆石楼梯
Botania:biomeStoneB0Stairs,570,true,Botania,vazkii.botania.common.item.block.ItemCubeMod,变质森林石砖楼梯
Botania:biomeStoneB1Stairs,571,true,Botania,vazkii.botania.common.item.block.ItemCubeMod,变质平原石砖楼梯
Botania:biomeStoneB2Stairs,572,true,Botania,vazkii.botania.common.item.block.ItemCubeMod,变质高山石砖楼梯
Botania:biomeStoneB3Stairs,573,true,Botania,vazkii.botania.common.item.block.ItemCubeMod,变质菌丝石砖楼梯
Botania:biomeStoneB4Stairs,574,true,Botania,vazkii.botania.common.item.block.ItemCubeMod,变质沼泽石砖楼梯
Botania:biomeStoneB5Stairs,575,true,Botania,vazkii.botania.common.item.block.ItemCubeMod,变质沙漠石砖楼梯
Botania:biomeStoneB6Stairs,576,true,Botania,vazkii.botania.common.item.block.ItemCubeMod,变质雪原石砖楼梯
Botania:biomeStoneB7Stairs,577,true,Botania,vazkii.botania.common.item.block.ItemCubeMod,变质高原石砖楼梯
Botania:biomeStoneA0Wall,578,true,Botania,vazkii.botania.common.item.block.ItemCubeWithMetadataAndName,变质森林石墙
Botania:stone0Stairs,579,true,Botania,vazkii.botania.common.item.block.ItemCubeMod,安山岩楼梯
Botania:stone1Stairs,580,true,Botania,vazkii.botania.common.item.block.ItemCubeMod,玄武岩楼梯
Botania:stone2Stairs,581,true,Botania,vazkii.botania.common.item.block.ItemCubeMod,闪长岩楼梯
Botania:stone3Stairs,582,true,Botania,vazkii.botania.common.item.block.ItemCubeMod,花岗岩楼梯
Botania:stone8Stairs,583,true,Botania,vazkii.botania.common.item.block.ItemCubeMod,安山岩砖楼梯
Botania:stone9Stairs,584,true,Botania,vazkii.botania.common.item.block.ItemCubeMod,玄武岩砖楼梯
Botania:stone10Stairs,585,true,Botania,vazkii.botania.common.item.block.ItemCubeMod,闪长岩砖楼梯
Botania:stone11Stairs,586,true,Botania,vazkii.botania.common.item.block.ItemCubeMod,花岗岩砖楼梯
Botania:stone0Wall,587,true,Botania,vazkii.botania.common.item.block.ItemCubeWithMetadataAndName,安山岩石墙
Botania:pavement0Stairs,588,true,Botania,vazkii.botania.common.item.block.ItemCubeMod,白色葡萄牙楼梯
Botania:pavement1Stairs,589,true,Botania,vazkii.botania.common.item.block.ItemCubeMod,黑色葡萄牙楼梯
Botania:pavement2Stairs,590,true,Botania,vazkii.botania.common.item.block.ItemCubeMod,蓝色葡萄牙楼梯
Botania:pavement3Stairs,591,true,Botania,vazkii.botania.common.item.block.ItemCubeMod,红色葡萄牙楼梯
Botania:pavement4Stairs,592,true,Botania,vazkii.botania.common.item.block.ItemCubeMod,黄色葡萄牙楼梯
Botania:pavement5Stairs,593,true,Botania,vazkii.botania.common.item.block.ItemCubeMod,绿色葡萄牙楼梯
Botania:endStoneBrick0Stairs,594,true,Botania,vazkii.botania.common.item.block.ItemCubeMod,末地石砖楼梯
Botania:endStoneBrick2Stairs,595,true,Botania,vazkii.botania.common.item.block.ItemCubeMod,末影石砖楼梯
Botania:shimmerrock0Stairs,596,true,Botania,vazkii.botania.common.item.block.ItemCubeMod,微光石楼梯
Botania:shimmerwoodPlanks0Stairs,597,true,Botania,vazkii.botania.common.item.block.ItemCubeMod,微光木板楼梯
Botania:manaGlassPane,598,true,Botania,vazkii.botania.common.item.block.ItemBlockMod,魔力玻璃板
Botania:elfGlassPane,599,true,Botania,vazkii.botania.common.item.block.ItemBlockMod,精灵玻璃板
Botania:bifrostPermPane,600,true,Botania,vazkii.botania.common.item.block.ItemBlockMod,彩虹玻璃板
Botania:quartzSlabDarkHalf,601,true,Botania,vazkii.botania.common.item.block.ItemBlockModSlab,烟熏石英台阶
Botania:quartzSlabDarkFull,602,true,Botania,vazkii.botania.common.item.block.ItemBlockModSlab,烟熏石英台阶
Botania:quartzSlabManaHalf,603,true,Botania,vazkii.botania.common.item.block.ItemBlockModSlab,魔力石英台阶
Botania:quartzSlabManaFull,604,true,Botania,vazkii.botania.common.item.block.ItemBlockModSlab,魔力石英台阶
Botania:quartzSlabBlazeHalf,605,true,Botania,vazkii.botania.common.item.block.ItemBlockModSlab,烈焰石英台阶
Botania:quartzSlabBlazeFull,606,true,Botania,vazkii.botania.common.item.block.ItemBlockModSlab,烈焰石英台阶
Botania:quartzSlabLavenderHalf,607,true,Botania,vazkii.botania.common.item.block.ItemBlockModSlab,熏香石英台阶
Botania:quartzSlabLavenderFull,608,true,Botania,vazkii.botania.common.item.block.ItemBlockModSlab,熏香石英台阶
Botania:quartzSlabRedHalf,609,true,Botania,vazkii.botania.common.item.block.ItemBlockModSlab,红色石英台阶
Botania:quartzSlabRedFull,610,true,Botania,vazkii.botania.common.item.block.ItemBlockModSlab,红色石英台阶
Botania:quartzSlabElfHalf,611,true,Botania,vazkii.botania.common.item.block.ItemBlockModSlab,精灵石英台阶
Botania:quartzSlabElfFull,612,true,Botania,vazkii.botania.common.item.block.ItemBlockModSlab,精灵石英台阶
Botania:quartzSlabSunnyHalf,613,true,Botania,vazkii.botania.common.item.block.ItemBlockModSlab,金黄石英台阶
Botania:quartzSlabSunnyFull,614,true,Botania,vazkii.botania.common.item.block.ItemBlockModSlab,金黄石英台阶
Botania:livingwood0Slab,615,true,Botania,vazkii.botania.common.item.block.ItemBlockModSlab,活木台阶
Botania:livingwood0SlabFull,616,true,Botania,vazkii.botania.common.item.block.ItemBlockModSlab,活木台阶
Botania:livingwood1Slab,617,true,Botania,vazkii.botania.common.item.block.ItemBlockModSlab,活木板台阶
Botania:livingwood1SlabFull,618,true,Botania,vazkii.botania.common.item.block.ItemBlockModSlab,活木板台阶
Botania:livingrock0Slab,619,true,Botania,vazkii.botania.common.item.block.ItemBlockModSlab,活石台阶
Botania:livingrock0SlabFull,620,true,Botania,vazkii.botania.common.item.block.ItemBlockModSlab,活石台阶
Botania:livingrock1Slab,621,true,Botania,vazkii.botania.common.item.block.ItemBlockModSlab,活石砖台阶
Botania:livingrock1SlabFull,622,true,Botania,vazkii.botania.common.item.block.ItemBlockModSlab,活石砖台阶
Botania:dreamwood0Slab,623,true,Botania,vazkii.botania.common.item.block.ItemBlockModSlab,梦之木台阶
Botania:dreamwood0SlabFull,624,true,Botania,vazkii.botania.common.item.block.ItemBlockModSlab,梦之木台阶
Botania:dreamwood1Slab,625,true,Botania,vazkii.botania.common.item.block.ItemBlockModSlab,梦之木台阶
Botania:dreamwood1SlabFull,626,true,Botania,vazkii.botania.common.item.block.ItemBlockModSlab,梦之木台阶
Botania:reedBlock0Slab,627,true,Botania,vazkii.botania.common.item.block.ItemBlockModSlab,甘蔗台阶
Botania:reedBlock0SlabFull,628,true,Botania,vazkii.botania.common.item.block.ItemBlockModSlab,甘蔗台阶
Botania:thatch0Slab,629,true,Botania,vazkii.botania.common.item.block.ItemBlockModSlab,茅草台阶
Botania:thatch0SlabFull,630,true,Botania,vazkii.botania.common.item.block.ItemBlockModSlab,茅草台阶
Botania:prismarine0Slab,631,true,Botania,vazkii.botania.common.item.block.ItemBlockModSlab,海晶石台阶
Botania:prismarine0SlabFull,632,true,Botania,vazkii.botania.common.item.block.ItemBlockModSlab,海晶石台阶
Botania:prismarine1Slab,633,true,Botania,vazkii.botania.common.item.block.ItemBlockModSlab,海晶石砖台阶
Botania:prismarine1SlabFull,634,true,Botania,vazkii.botania.common.item.block.ItemBlockModSlab,海晶石砖台阶
Botania:prismarine2Slab,635,true,Botania,vazkii.botania.common.item.block.ItemBlockModSlab,深色海晶石台阶
Botania:prismarine2SlabFull,636,true,Botania,vazkii.botania.common.item.block.ItemBlockModSlab,深色海晶石台阶
Botania:customBrick0Slab,637,true,Botania,vazkii.botania.common.item.block.ItemBlockModSlab,炼狱砖台阶
Botania:customBrick0SlabFull,638,true,Botania,vazkii.botania.common.item.block.ItemBlockModSlab,炼狱砖台阶
Botania:customBrick1Slab,639,true,Botania,vazkii.botania.common.item.block.ItemBlockModSlab,灵魂砖台阶
Botania:customBrick1SlabFull,640,true,Botania,vazkii.botania.common.item.block.ItemBlockModSlab,灵魂砖台阶
Botania:customBrick2Slab,641,true,Botania,vazkii.botania.common.item.block.ItemBlockModSlab,霜冻砖台阶
Botania:customBrick2SlabFull,642,true,Botania,vazkii.botania.common.item.block.ItemBlockModSlab,霜冻砖台阶
Botania:customBrick3Slab,643,true,Botania,vazkii.botania.common.item.block.ItemBlockModSlab,瓦块台阶
Botania:customBrick3SlabFull,644,true,Botania,vazkii.botania.common.item.block.ItemBlockModSlab,瓦块台阶
Botania:dirtPath0Slab,645,true,Botania,vazkii.botania.common.item.block.ItemBlockModSlab,沙土台阶
Botania:dirtPath0SlabFull,646,true,Botania,vazkii.botania.common.item.block.ItemBlockModSlab,沙土台阶
Botania:endStoneBrick0Slab,647,true,Botania,vazkii.botania.common.item.block.ItemBlockModSlab,末地石砖台阶
Botania:endStoneBrick0SlabFull,648,true,Botania,vazkii.botania.common.item.block.ItemBlockModSlab,末地石砖台阶
Botania:endStoneBrick2Slab,649,true,Botania,vazkii.botania.common.item.block.ItemBlockModSlab,末影石砖台阶
Botania:endStoneBrick2SlabFull,650,true,Botania,vazkii.botania.common.item.block.ItemBlockModSlab,末影石砖台阶
Botania:shimmerrock0Slab,651,true,Botania,vazkii.botania.common.item.block.ItemBlockModSlab,微光石台阶
Botania:shimmerrock0SlabFull,652,true,Botania,vazkii.botania.common.item.block.ItemBlockModSlab,微光石台阶
Botania:shimmerwoodPlanks0Slab,653,true,Botania,vazkii.botania.common.item.block.ItemBlockModSlab,微光木板台阶
Botania:shimmerwoodPlanks0SlabFull,654,true,Botania,vazkii.botania.common.item.block.ItemBlockModSlab,微光木板台阶
Botania:biomeStoneA0Slab,655,true,Botania,vazkii.botania.common.item.block.ItemBlockModSlab,变质森林石头台阶
Botania:biomeStoneA0SlabFull,656,true,Botania,vazkii.botania.common.item.block.ItemBlockModSlab,变质森林石头台阶
Botania:biomeStoneA1Slab,657,true,Botania,vazkii.botania.common.item.block.ItemBlockModSlab,变质平原石头台阶
Botania:biomeStoneA1SlabFull,658,true,Botania,vazkii.botania.common.item.block.ItemBlockModSlab,变质平原石头台阶
Botania:biomeStoneA2Slab,659,true,Botania,vazkii.botania.common.item.block.ItemBlockModSlab,变质高山石头台阶
Botania:biomeStoneA2SlabFull,660,true,Botania,vazkii.botania.common.item.block.ItemBlockModSlab,变质高山石头台阶
Botania:biomeStoneA3Slab,661,true,Botania,vazkii.botania.common.item.block.ItemBlockModSlab,变质菌丝石头台阶
Botania:biomeStoneA3SlabFull,662,true,Botania,vazkii.botania.common.item.block.ItemBlockModSlab,变质菌丝石头台阶
Botania:biomeStoneA4Slab,663,true,Botania,vazkii.botania.common.item.block.ItemBlockModSlab,变质沼泽石头台阶
Botania:biomeStoneA4SlabFull,664,true,Botania,vazkii.botania.common.item.block.ItemBlockModSlab,变质沼泽石头台阶
Botania:biomeStoneA5Slab,665,true,Botania,vazkii.botania.common.item.block.ItemBlockModSlab,变质沙漠石头台阶
Botania:biomeStoneA5SlabFull,666,true,Botania,vazkii.botania.common.item.block.ItemBlockModSlab,变质沙漠石头台阶
Botania:biomeStoneA6Slab,667,true,Botania,vazkii.botania.common.item.block.ItemBlockModSlab,变质雪原石头台阶
Botania:biomeStoneA6SlabFull,668,true,Botania,vazkii.botania.common.item.block.ItemBlockModSlab,变质高原石头台阶
Botania:biomeStoneA7Slab,669,true,Botania,vazkii.botania.common.item.block.ItemBlockModSlab,变质高原石头台阶
Botania:biomeStoneA7SlabFull,670,true,Botania,vazkii.botania.common.item.block.ItemBlockModSlab,变质高原石头台阶
Botania:biomeStoneA8Slab,671,true,Botania,vazkii.botania.common.item.block.ItemBlockModSlab,变质森林圆石台阶
Botania:biomeStoneA8SlabFull,672,true,Botania,vazkii.botania.common.item.block.ItemBlockModSlab,变质森林圆石台阶
Botania:biomeStoneA9Slab,673,true,Botania,vazkii.botania.common.item.block.ItemBlockModSlab,变质平原圆石台阶
Botania:biomeStoneA9SlabFull,674,true,Botania,vazkii.botania.common.item.block.ItemBlockModSlab,变质平原圆石台阶
Botania:biomeStoneA10Slab,675,true,Botania,vazkii.botania.common.item.block.ItemBlockModSlab,变质高山圆石台阶
Botania:biomeStoneA10SlabFull,676,true,Botania,vazkii.botania.common.item.block.ItemBlockModSlab,变质高山圆石台阶
Botania:biomeStoneA11Slab,677,true,Botania,vazkii.botania.common.item.block.ItemBlockModSlab,变质菌丝圆石台阶
Botania:biomeStoneA11SlabFull,678,true,Botania,vazkii.botania.common.item.block.ItemBlockModSlab,变质菌丝圆石台阶
Botania:biomeStoneA12Slab,679,true,Botania,vazkii.botania.common.item.block.ItemBlockModSlab,变质沼泽圆石台阶
Botania:biomeStoneA12SlabFull,680,true,Botania,vazkii.botania.common.item.block.ItemBlockModSlab,变质沼泽圆石台阶
Botania:biomeStoneA13Slab,681,true,Botania,vazkii.botania.common.item.block.ItemBlockModSlab,变质沙漠圆石台阶
Botania:biomeStoneA13SlabFull,682,true,Botania,vazkii.botania.common.item.block.ItemBlockModSlab,变质沙漠圆石台阶
Botania:biomeStoneA14Slab,683,true,Botania,vazkii.botania.common.item.block.ItemBlockModSlab,变质雪原圆石台阶
Botania:biomeStoneA14SlabFull,684,true,Botania,vazkii.botania.common.item.block.ItemBlockModSlab,变质雪原圆石台阶
Botania:biomeStoneA15Slab,685,true,Botania,vazkii.botania.common.item.block.ItemBlockModSlab,变质高原圆石台阶
Botania:biomeStoneA15SlabFull,686,true,Botania,vazkii.botania.common.item.block.ItemBlockModSlab,变质高原圆石台阶
Botania:biomeStoneB0Slab,687,true,Botania,vazkii.botania.common.item.block.ItemBlockModSlab,变质森林石砖台阶
Botania:biomeStoneB0SlabFull,688,true,Botania,vazkii.botania.common.item.block.ItemBlockModSlab,变质森林石砖台阶
Botania:biomeStoneB1Slab,689,true,Botania,vazkii.botania.common.item.block.ItemBlockModSlab,变质平原石砖台阶
Botania:biomeStoneB1SlabFull,690,true,Botania,vazkii.botania.common.item.block.ItemBlockModSlab,变质平原石砖台阶
Botania:biomeStoneB2Slab,691,true,Botania,vazkii.botania.common.item.block.ItemBlockModSlab,变质高山石砖台阶
Botania:biomeStoneB2SlabFull,692,true,Botania,vazkii.botania.common.item.block.ItemBlockModSlab,变质高山石砖台阶
Botania:biomeStoneB3Slab,693,true,Botania,vazkii.botania.common.item.block.ItemBlockModSlab,变质菌丝石砖台阶
Botania:biomeStoneB3SlabFull,694,true,Botania,vazkii.botania.common.item.block.ItemBlockModSlab,变质菌丝石砖台阶
Botania:biomeStoneB4Slab,695,true,Botania,vazkii.botania.common.item.block.ItemBlockModSlab,变质沼泽石砖台阶
Botania:biomeStoneB4SlabFull,696,true,Botania,vazkii.botania.common.item.block.ItemBlockModSlab,变质沼泽石砖台阶
Botania:biomeStoneB5Slab,697,true,Botania,vazkii.botania.common.item.block.ItemBlockModSlab,变质沙漠石砖台阶
Botania:biomeStoneB5SlabFull,698,true,Botania,vazkii.botania.common.item.block.ItemBlockModSlab,变质沙漠石砖台阶
Botania:biomeStoneB6Slab,699,true,Botania,vazkii.botania.common.item.block.ItemBlockModSlab,变质雪原石砖台阶
Botania:biomeStoneB6SlabFull,700,true,Botania,vazkii.botania.common.item.block.ItemBlockModSlab,变质雪原石砖台阶
Botania:biomeStoneB7Slab,701,true,Botania,vazkii.botania.common.item.block.ItemBlockModSlab,变质高原石砖台阶
Botania:biomeStoneB7SlabFull,702,true,Botania,vazkii.botania.common.item.block.ItemBlockModSlab,变质高原石砖台阶
Botania:stone0Slab,703,true,Botania,vazkii.botania.common.item.block.ItemBlockModSlab,安山岩台阶
Botania:stone0SlabFull,704,true,Botania,vazkii.botania.common.item.block.ItemBlockModSlab,安山岩台阶
Botania:stone1Slab,705,true,Botania,vazkii.botania.common.item.block.ItemBlockModSlab,玄武岩台阶
Botania:stone1SlabFull,706,true,Botania,vazkii.botania.common.item.block.ItemBlockModSlab,玄武岩台阶
Botania:stone2Slab,707,true,Botania,vazkii.botania.common.item.block.ItemBlockModSlab,闪长岩台阶
Botania:stone2SlabFull,708,true,Botania,vazkii.botania.common.item.block.ItemBlockModSlab,闪长岩台阶
Botania:stone3Slab,709,true,Botania,vazkii.botania.common.item.block.ItemBlockModSlab,花岗岩台阶
Botania:stone3SlabFull,710,true,Botania,vazkii.botania.common.item.block.ItemBlockModSlab,花岗岩台阶
Botania:stone8Slab,711,true,Botania,vazkii.botania.common.item.block.ItemBlockModSlab,安山岩砖台阶
Botania:stone8SlabFull,712,true,Botania,vazkii.botania.common.item.block.ItemBlockModSlab,安山岩砖台阶
Botania:stone9Slab,713,true,Botania,vazkii.botania.common.item.block.ItemBlockModSlab,玄武岩砖台阶
Botania:stone9SlabFull,714,true,Botania,vazkii.botania.common.item.block.ItemBlockModSlab,玄武岩砖台阶
Botania:stone10Slab,715,true,Botania,vazkii.botania.common.item.block.ItemBlockModSlab,闪长岩砖台阶
Botania:stone10SlabFull,716,true,Botania,vazkii.botania.common.item.block.ItemBlockModSlab,闪长岩砖台阶
Botania:stone11Slab,717,true,Botania,vazkii.botania.common.item.block.ItemBlockModSlab,花岗岩砖台阶
Botania:stone11SlabFull,718,true,Botania,vazkii.botania.common.item.block.ItemBlockModSlab,花岗岩砖台阶
Botania:pavement0Slab,719,true,Botania,vazkii.botania.common.item.block.ItemBlockModSlab,白色葡萄牙台阶
Botania:pavement0SlabFull,720,true,Botania,vazkii.botania.common.item.block.ItemBlockModSlab,白色葡萄牙台阶
Botania:pavement1Slab,721,true,Botania,vazkii.botania.common.item.block.ItemBlockModSlab,黑色葡萄牙台阶
Botania:pavement1SlabFull,722,true,Botania,vazkii.botania.common.item.block.ItemBlockModSlab,黑色葡萄牙台阶
Botania:pavement2Slab,723,true,Botania,vazkii.botania.common.item.block.ItemBlockModSlab,蓝色葡萄牙台阶
Botania:pavement2SlabFull,724,true,Botania,vazkii.botania.common.item.block.ItemBlockModSlab,蓝色葡萄牙台阶
Botania:pavement3Slab,725,true,Botania,vazkii.botania.common.item.block.ItemBlockModSlab,红色葡萄牙台阶
Botania:pavement3SlabFull,726,true,Botania,vazkii.botania.common.item.block.ItemBlockModSlab,红色葡萄牙台阶
Botania:pavement4Slab,727,true,Botania,vazkii.botania.common.item.block.ItemBlockModSlab,黄色葡萄牙台阶
Botania:pavement4SlabFull,728,true,Botania,vazkii.botania.common.item.block.ItemBlockModSlab,黄色葡萄牙台阶
Botania:pavement5Slab,729,true,Botania,vazkii.botania.common.item.block.ItemBlockModSlab,绿色葡萄牙台阶
Botania:pavement5SlabFull,730,true,Botania,vazkii.botania.common.item.block.ItemBlockModSlab,绿色葡萄牙台阶
Botania:flower_structurelib,731,true,Botania,vazkii.botania.common.item.block.ItemBlockMod,任意植物魔法的花
Avaritia:Double_Craft,732,true,Avaritia,net.minecraft.item.ItemBlock,压缩工作台
Avaritia:Triple_Craft,733,true,Avaritia,net.minecraft.item.ItemBlock,二重压缩工作台
Avaritia:Dire_Crafting,734,true,Avaritia,net.minecraft.item.ItemBlock,终极工作台
Avaritia:Crystal_Matrix,735,true,Avaritia,net.minecraft.item.ItemBlock,水晶矩阵
Avaritia:Resource_Block,736,true,Avaritia,fox.spiteful.avaritia.blocks.ItemBlockResource,宇宙中子态素块
Avaritia:Neutron_Collector,737,true,Avaritia,net.minecraft.item.ItemBlock,中子态素收集器
Avaritia:Neutronium_Compressor,738,true,Avaritia,net.minecraft.item.ItemBlock,中子态素压缩机
Avaritia:cluster_opener,739,true,Avaritia,fox.spiteful.avaritia.items.ItemMatterClusterOpener,物质团解压器
avaritiaddons:CompressedChest,740,true,avaritiaddons,wanion.avaritiaddons.block.chest.ItemBlockAvaritiaddonsChest,压缩箱子
avaritiaddons:InfinityChest,741,true,avaritiaddons,wanion.avaritiaddons.block.chest.ItemBlockAvaritiaddonsChest,无尽箱子
avaritiaddons:ExtremeAutoCrafter,742,true,avaritiaddons,net.minecraft.item.ItemBlock,梦魇工作台
BiblioCraft:tile.BiblioFramedChest,743,true,BiblioCraft,jds.bibliocraft.blocks.BlockItemFramedChest,镶框箱子
BiblioCraft:BiblioPaneler,744,true,BiblioCraft,jds.bibliocraft.blocks.BlockItemFurniturePaneler,橡木家具板材机
BiblioCraft:BiblioClipboard,745,true,BiblioCraft,net.minecraft.item.ItemBlock,写字板
BiblioCraft:BiblioTypewriter,746,true,BiblioCraft,jds.bibliocraft.blocks.BlockItemTypewriter,白色打字机
BiblioCraft:BiblioClock,747,true,BiblioCraft,jds.bibliocraft.blocks.BlockItemClock,橡木时钟
BiblioCraft:BiblioFlatPainting,748,true,BiblioCraft,jds.bibliocraft.blocks.BlockItemPaintingFrameFlat,橡木画框
BiblioCraft:BiblioSimplePainting,749,true,BiblioCraft,jds.bibliocraft.blocks.BlockItemPaintingFrameSimple,橡木画框
BiblioCraft:BiblioMiddlePainting,750,true,BiblioCraft,jds.bibliocraft.blocks.BlockItemPaintingFrameMiddle,橡木画框
BiblioCraft:BiblioFancyPainting,751,true,BiblioCraft,jds.bibliocraft.blocks.BlockItemPaintingFrameFancy,橡木画框
BiblioCraft:BiblioBorderlessPainting,752,true,BiblioCraft,jds.bibliocraft.blocks.BlockItemPaintingFrameBorderless,橡木画框
BiblioCraft:BiblioPaintPress,753,true,BiblioCraft,net.minecraft.item.ItemBlock,压印机
BiblioCraft:BiblioSwordPedestal,754,true,BiblioCraft,jds.bibliocraft.blocks.BlockItemSwordPedestal,剑座
BiblioCraft:BiblioFancySign,755,true,BiblioCraft,jds.bibliocraft.blocks.BlockItemFancySign,橡木精致木牌
BiblioCraft:BiblioWorkbench,756,true,BiblioCraft,jds.bibliocraft.blocks.BlockItemFancyWorkbench,橡木精致工作台
BiblioCraft:BiblioBell,757,true,BiblioCraft,net.minecraft.item.ItemBlock,按铃
BiblioCraft:Bibliotheca,758,true,BiblioCraft,jds.bibliocraft.blocks.BlockItemBookcaseMaster,橡木书架
BiblioCraft:BookcaseFilled,759,true,BiblioCraft,jds.bibliocraft.blocks.BlockItemBookcaseCreative,橡木书架
BiblioCraft:BiblioPotionShelf,760,true,BiblioCraft,jds.bibliocraft.blocks.BlockItemPotionShelfMaster,橡木药水架
BiblioCraft:BiblioShelf,761,true,BiblioCraft,jds.bibliocraft.blocks.BlockItemGenericShelfMaster,橡木架子
BiblioCraft:BiblioRack,762,true,BiblioCraft,jds.bibliocraft.blocks.BlockItemWeaponRackMaster,橡木工具架
BiblioCraft:BiblioCase,763,true,BiblioCraft,jds.bibliocraft.blocks.BlockItemWeaponCaseMaster,橡木展示盒
BiblioCraft:BiblioLabel,764,true,BiblioCraft,jds.bibliocraft.blocks.BlockItemLabelMaster,橡木标签
BiblioCraft:BiblioDesk,765,true,BiblioCraft,jds.bibliocraft.blocks.BlockItemWritingDesk,橡木书桌
BiblioCraft:BiblioTable,766,true,BiblioCraft,jds.bibliocraft.blocks.BlockItemTable,橡木桌子
BiblioCraft:Armor Stand,767,true,BiblioCraft,net.minecraft.item.ItemBlock,衣架
BiblioCraft:Typesetting Machine,768,true,BiblioCraft,net.minecraft.item.ItemBlock,排版台
BiblioCraft:Printing Press,769,true,BiblioCraft,net.minecraft.item.ItemBlock,拓印机
BiblioCraft:BiblioLantern,770,true,BiblioCraft,jds.bibliocraft.blocks.BlockItemLantern,精致灯笼
BiblioCraft:BiblioIronLantern,771,true,BiblioCraft,jds.bibliocraft.blocks.BlockItemLantern,精致灯笼
BiblioCraft:BiblioLamp,772,true,BiblioCraft,jds.bibliocraft.blocks.BlockItemLamp,精致灯具
BiblioCraft:BiblioIronLamp,773,true,BiblioCraft,jds.bibliocraft.blocks.BlockItemLamp,精致灯具
BiblioCraft:BiblioStuffs,774,true,BiblioCraft,jds.bibliocraft.blocks.BlockItemStuffsMaster,曲奇罐
BiblioCraft:BiblioMapFrames,775,true,BiblioCraft,jds.bibliocraft.blocks.BlockItemMapFrame,橡木地图框架
BiblioCraft:BiblioSeats,776,true,BiblioCraft,jds.bibliocraft.blocks.BlockItemSeat,橡木椅
ThermalFoundation:Ore,777,true,ThermalFoundation,cofh.thermalfoundation.block.ItemBlockOre,铜矿石
ThermalFoundation:Storage,778,true,ThermalFoundation,cofh.thermalfoundation.block.ItemBlockStorage,铜块
ThermalFoundation:FluidRedstone,779,true,ThermalFoundation,net.minecraft.item.ItemBlock,熔融红石
ThermalFoundation:FluidGlowstone,780,true,ThermalFoundation,net.minecraft.item.ItemBlock,充能液态荧石
ThermalFoundation:FluidEnder,781,true,ThermalFoundation,net.minecraft.item.ItemBlock,谐振熔融末影珍珠
ThermalFoundation:FluidPyrotheum,782,true,ThermalFoundation,net.minecraft.item.ItemBlock,烈焰之炽焱
ThermalFoundation:FluidCryotheum,783,true,ThermalFoundation,net.minecraft.item.ItemBlock,极寒之凛冰
ThermalFoundation:FluidAerotheum,784,true,ThermalFoundation,net.minecraft.item.ItemBlock,和谐之空气
ThermalFoundation:FluidPetrotheum,785,true,ThermalFoundation,net.minecraft.item.ItemBlock,构造之地岩
ThermalFoundation:FluidMana,786,true,ThermalFoundation,net.minecraft.item.ItemBlock,元始魔力
ThermalFoundation:FluidSteam,787,true,ThermalFoundation,net.minecraft.item.ItemBlock,蒸汽
ThermalFoundation:FluidCoal,788,true,ThermalFoundation,net.minecraft.item.ItemBlock,液态煤炭
BigReactors:YelloriteOre,789,true,BigReactors,erogenousbeef.bigreactors.common.item.ItemBlockBigReactors,黄铀矿石
BigReactors:BRMetalBlock,790,true,BigReactors,erogenousbeef.bigreactors.common.item.ItemBlockBigReactors,黄铀块
BigReactors:YelloriumFuelRod,791,true,BigReactors,net.minecraft.item.ItemBlock,黄铀燃料棒
BigReactors:BRReactorPart,792,true,BigReactors,erogenousbeef.bigreactors.common.item.ItemBlockBigReactors,反应堆外壳
BigReactors:BRMultiblockGlass,793,true,BigReactors,erogenousbeef.bigreactors.common.item.ItemBlockBigReactors,反应堆玻璃
BigReactors:BRReactorRedstonePort,794,true,BigReactors,net.minecraft.item.ItemBlock,反应堆红石端口
BigReactors:BRTurbinePart,795,true,BigReactors,erogenousbeef.bigreactors.common.item.ItemBlockBigReactors,涡轮机外壳
BigReactors:BRTurbineRotorPart,796,true,BigReactors,erogenousbeef.bigreactors.common.item.ItemBlockBigReactors,涡轮机转轴
BigReactors:BRDevice,797,true,BigReactors,erogenousbeef.bigreactors.common.item.ItemBlockBigReactors,蓝晶再加工机
BigReactors:tile.fluid.yellorium.still,798,true,BigReactors,net.minecraft.item.ItemBlock,液态黄铀
BigReactors:tile.fluid.cyanite.still,799,true,BigReactors,net.minecraft.item.ItemBlock,液态蓝晶
BigReactors:BRMultiblockCreativePart,800,true,BigReactors,erogenousbeef.bigreactors.common.item.ItemBlockBigReactors,创造模式冷却端口
structurelib:blockhint,801,true,structurelib,com.gtnewhorizon.structurelib.item.ItemBlockHint,提示方块[1]
chisel:aluminumblock,803,true,chisel,team.chisel.item.ItemCarvable,铝块
chisel:aluminum_stairs.0,804,true,chisel,team.chisel.item.ItemCarvable,铝制楼梯
chisel:aluminum_stairs.1,805,true,chisel,team.chisel.item.ItemCarvable,铝制楼梯
chisel:aluminum_stairs.2,806,true,chisel,team.chisel.item.ItemCarvable,铝制楼梯
chisel:andesite,807,true,chisel,team.chisel.item.ItemCarvable,安山岩
chisel:antiBlock,808,true,chisel,team.chisel.item.ItemCarvable,纯色方块
chisel:autoChisel,809,true,chisel,net.minecraft.item.ItemBlock,自动雕刻机
chisel:beacon,810,true,chisel,team.chisel.item.ItemCarvable,信标
chisel:bookshelf,811,true,chisel,team.chisel.item.ItemCarvable,书架
chisel:brickCustom2,812,true,chisel,team.chisel.item.ItemCarvable,砖块
chisel:brickCustom,813,true,chisel,team.chisel.item.ItemCarvable,砖块
chisel:bronzeblock,814,true,chisel,team.chisel.item.ItemCarvable,青铜块
chisel:carpet_block,815,true,chisel,team.chisel.item.ItemCarvable,地毯
chisel:carpet,816,true,chisel,team.chisel.item.ItemCarvable,地毯
chisel:cloud,817,true,chisel,team.chisel.item.ItemCarvable,云朵
chisel:cobblestone,818,true,chisel,team.chisel.item.ItemCarvable,圆石
chisel:mossy_cobblestone,819,true,chisel,team.chisel.item.ItemCarvable,苔石
chisel:concrete,820,true,chisel,team.chisel.item.ItemCarvable,混凝土
chisel:concrete_slab,821,true,chisel,team.chisel.item.ItemCarvableSlab,混凝土台阶
chisel:concrete_slab_top,822,true,chisel,net.minecraft.item.ItemBlock,混凝土台阶
chisel:concrete_stairs.0,823,true,chisel,team.chisel.item.ItemCarvable,混凝土楼梯
chisel:concrete_stairs.1,824,true,chisel,team.chisel.item.ItemCarvable,混凝土楼梯
chisel:concrete_stairs.2,825,true,chisel,team.chisel.item.ItemCarvable,混凝土楼梯
chisel:concrete_stairs.3,826,true,chisel,team.chisel.item.ItemCarvable,混凝土楼梯
chisel:concrete_stairs.4,827,true,chisel,team.chisel.item.ItemCarvable,混凝土楼梯
chisel:concrete_stairs.5,828,true,chisel,team.chisel.item.ItemCarvable,混凝土楼梯
chisel:copperblock,829,true,chisel,team.chisel.item.ItemCarvable,铜块
chisel:cubit,830,true,chisel,team.chisel.item.ItemCarvable,立方休
chisel:diamond_block,831,true,chisel,team.chisel.item.ItemCarvable,钻石块
chisel:diorite,832,true,chisel,team.chisel.item.ItemCarvable,闪长岩
chisel:dirt,833,true,chisel,team.chisel.item.ItemCarvable,泥土
chisel:emerald_block,834,true,chisel,team.chisel.item.ItemCarvable,绿宝石块
chisel:end_Stone,835,true,chisel,team.chisel.item.ItemCarvable,末地石
chisel:factoryblock,836,true,chisel,team.chisel.item.ItemCarvable,工厂方块
chisel:factoryblock2,837,true,chisel,team.chisel.item.ItemCarvable,工厂方块
chisel:fantasyblock,838,true,chisel,team.chisel.item.ItemCarvable,紫色幻想石
chisel:fantasyblock2,839,true,chisel,team.chisel.item.ItemCarvable,幻想石
chisel:futura,840,true,chisel,team.chisel.item.ItemCarvable,科幻方块
chisel:futuraCircuit,841,true,chisel,team.chisel.item.ItemCarvable,科幻电路
chisel:glass,842,true,chisel,team.chisel.item.ItemCarvable,玻璃
chisel:glass2,843,true,chisel,team.chisel.item.ItemCarvable,玻璃
chisel:glass_pane,844,true,chisel,team.chisel.item.ItemCarvable,玻璃板
chisel:stained_glass_forestry,845,true,chisel,team.chisel.item.ItemCarvable,染色玻璃
chisel:stained_glass_white,846,true,chisel,team.chisel.item.ItemCarvable,染色玻璃
chisel:stained_glass_yellow,847,true,chisel,team.chisel.item.ItemCarvable,染色玻璃
chisel:stained_glass_lightgray,848,true,chisel,team.chisel.item.ItemCarvable,染色玻璃
chisel:stained_glass_brown,849,true,chisel,team.chisel.item.ItemCarvable,染色玻璃
chisel:stained_glass_pane_white,850,true,chisel,team.chisel.item.ItemCarvable,染色玻璃板
chisel:stained_glass_pane_magenta,851,true,chisel,team.chisel.item.ItemCarvable,染色玻璃板
chisel:stained_glass_pane_yellow,852,true,chisel,team.chisel.item.ItemCarvable,染色玻璃板
chisel:stained_glass_pane_pink,853,true,chisel,team.chisel.item.ItemCarvable,染色玻璃板
chisel:stained_glass_pane_lightgray,854,true,chisel,team.chisel.item.ItemCarvable,染色玻璃板
chisel:stained_glass_pane_purple,855,true,chisel,team.chisel.item.ItemCarvable,染色玻璃板
chisel:stained_glass_pane_brown,856,true,chisel,team.chisel.item.ItemCarvable,染色玻璃板
chisel:stained_glass_pane_red,857,true,chisel,team.chisel.item.ItemCarvable,染色玻璃板
chisel:glotek,858,true,chisel,team.chisel.item.ItemCarvable,GloTek
chisel:glowstone,859,true,chisel,team.chisel.item.ItemCarvable,荧石
chisel:gold2,860,true,chisel,team.chisel.item.ItemCarvable,金块
chisel:gold_block,861,true,chisel,team.chisel.item.ItemCarvable,金块
chisel:granite,862,true,chisel,team.chisel.item.ItemCarvable,花岗岩
chisel:grimstone,863,true,chisel,team.chisel.item.ItemCarvable,阴森石
chisel:hardened_clay,864,true,chisel,team.chisel.item.ItemCarvable,陶瓦
chisel:hardened_clay2,865,true,chisel,team.chisel.item.ItemCarvable,陶瓦
chisel:hardened_clay_white,866,true,chisel,team.chisel.item.ItemCarvable,白色陶瓦
chisel:hardened_clay_white2,867,true,chisel,team.chisel.item.ItemCarvable,白色陶瓦
chisel:hardened_clay_orange,868,true,chisel,team.chisel.item.ItemCarvable,橙色陶瓦
chisel:hardened_clay_orange2,869,true,chisel,team.chisel.item.ItemCarvable,橙色陶瓦
chisel:hardened_clay_magenta,870,true,chisel,team.chisel.item.ItemCarvable,品红色陶瓦
chisel:hardened_clay_magenta2,871,true,chisel,team.chisel.item.ItemCarvable,品红色陶瓦
chisel:hardened_clay_lightblue,872,true,chisel,team.chisel.item.ItemCarvable,淡蓝色陶瓦
chisel:hardened_clay_lightblue2,873,true,chisel,team.chisel.item.ItemCarvable,淡蓝色陶瓦
chisel:hardened_clay_yellow,874,true,chisel,team.chisel.item.ItemCarvable,黄色陶瓦
chisel:hardened_clay_yellow2,875,true,chisel,team.chisel.item.ItemCarvable,黄色陶瓦
chisel:hardened_clay_lime,876,true,chisel,team.chisel.item.ItemCarvable,黄绿色陶瓦
chisel:hardened_clay_lime2,877,true,chisel,team.chisel.item.ItemCarvable,黄绿色陶瓦
chisel:hardened_clay_pink,878,true,chisel,team.chisel.item.ItemCarvable,粉红色陶瓦
chisel:hardened_clay_pink2,879,true,chisel,team.chisel.item.ItemCarvable,粉红色陶瓦
chisel:hardened_clay_gray,880,true,chisel,team.chisel.item.ItemCarvable,灰色陶瓦
chisel:hardened_clay_gray2,881,true,chisel,team.chisel.item.ItemCarvable,灰色陶瓦
chisel:hardened_clay_lightgray,882,true,chisel,team.chisel.item.ItemCarvable,淡灰色陶瓦
chisel:hardened_clay_lightgray2,883,true,chisel,team.chisel.item.ItemCarvable,淡灰色陶瓦
chisel:hardened_clay_cyan,884,true,chisel,team.chisel.item.ItemCarvable,青色陶瓦
chisel:hardened_clay_cyan2,885,true,chisel,team.chisel.item.ItemCarvable,青色陶瓦
chisel:hardened_clay_purple,886,true,chisel,team.chisel.item.ItemCarvable,紫色陶瓦
chisel:hardened_clay_purple2,887,true,chisel,team.chisel.item.ItemCarvable,紫色陶瓦
chisel:hardened_clay_blue,888,true,chisel,team.chisel.item.ItemCarvable,蓝色陶瓦
chisel:hardened_clay_blue2,889,true,chisel,team.chisel.item.ItemCarvable,蓝色陶瓦
chisel:hardened_clay_brown,890,true,chisel,team.chisel.item.ItemCarvable,棕色陶瓦
chisel:hardened_clay_brown2,891,true,chisel,team.chisel.item.ItemCarvable,棕色陶瓦
chisel:hardened_clay_green,892,true,chisel,team.chisel.item.ItemCarvable,绿色陶瓦
chisel:hardened_clay_green2,893,true,chisel,team.chisel.item.ItemCarvable,绿色陶瓦
chisel:hardened_clay_red,894,true,chisel,team.chisel.item.ItemCarvable,红色陶瓦
chisel:hardened_clay_red2,895,true,chisel,team.chisel.item.ItemCarvable,红色陶瓦
chisel:hardened_clay_black,896,true,chisel,team.chisel.item.ItemCarvable,黑色陶瓦
chisel:hardened_clay_black2,897,true,chisel,team.chisel.item.ItemCarvable,黑色陶瓦
chisel:hexPlating,898,true,chisel,team.chisel.item.ItemCarvable,六角金属镀层块
chisel:hexLargePlating,899,true,chisel,team.chisel.item.ItemCarvable,大型六角金属镀层块
chisel:holystone,900,true,chisel,team.chisel.item.ItemCarvable,神圣石
chisel:hempcrete,901,true,chisel,team.chisel.item.ItemCarvable,汉麻混凝土
chisel:hempcretesand,902,true,chisel,team.chisel.item.ItemCarvable,粉状汉麻混凝土
chisel:ice,903,true,chisel,team.chisel.item.ItemCarvable,冰
chisel:ice_pillar,904,true,chisel,team.chisel.item.ItemCarvable,冰柱
chisel:ice_stairs.0,905,true,chisel,team.chisel.item.ItemCarvable,冰楼梯
chisel:ice_stairs.1,906,true,chisel,team.chisel.item.ItemCarvable,冰楼梯
chisel:ice_stairs.2,907,true,chisel,team.chisel.item.ItemCarvable,冰楼梯
chisel:ice_stairs.3,908,true,chisel,team.chisel.item.ItemCarvable,冰楼梯
chisel:ice_stairs.4,909,true,chisel,team.chisel.item.ItemCarvable,冰楼梯
chisel:ice_stairs.5,910,true,chisel,team.chisel.item.ItemCarvable,冰楼梯
chisel:ice_stairs.6,911,true,chisel,team.chisel.item.ItemCarvable,冰楼梯
chisel:ice_stairs.7,912,true,chisel,team.chisel.item.ItemCarvable,冰楼梯
chisel:iron_bars,913,true,chisel,team.chisel.item.ItemCarvable,铁栅栏
chisel:iron2,914,true,chisel,team.chisel.item.ItemCarvable,铁块
chisel:iron_block,915,true,chisel,team.chisel.item.ItemCarvable,铁块
chisel:jackolantern1,916,true,chisel,team.chisel.item.ItemCarvablePumpkin,南瓜灯
chisel:jackolantern2,917,true,chisel,team.chisel.item.ItemCarvablePumpkin,南瓜灯
chisel:jackolantern3,918,true,chisel,team.chisel.item.ItemCarvablePumpkin,南瓜灯
chisel:jackolantern4,919,true,chisel,team.chisel.item.ItemCarvablePumpkin,南瓜灯
chisel:jackolantern5,920,true,chisel,team.chisel.item.ItemCarvablePumpkin,南瓜灯
chisel:jackolantern6,921,true,chisel,team.chisel.item.ItemCarvablePumpkin,南瓜灯
chisel:jackolantern7,922,true,chisel,team.chisel.item.ItemCarvablePumpkin,南瓜灯
chisel:jackolantern8,923,true,chisel,team.chisel.item.ItemCarvablePumpkin,南瓜灯
chisel:jackolantern9,924,true,chisel,team.chisel.item.ItemCarvablePumpkin,南瓜灯
chisel:jackolantern10,925,true,chisel,team.chisel.item.ItemCarvablePumpkin,南瓜灯
chisel:jackolantern11,926,true,chisel,team.chisel.item.ItemCarvablePumpkin,南瓜灯
chisel:jackolantern12,927,true,chisel,team.chisel.item.ItemCarvablePumpkin,南瓜灯
chisel:jackolantern13,928,true,chisel,team.chisel.item.ItemCarvablePumpkin,南瓜灯
chisel:jackolantern14,929,true,chisel,team.chisel.item.ItemCarvablePumpkin,南瓜灯
chisel:jackolantern15,930,true,chisel,team.chisel.item.ItemCarvablePumpkin,南瓜灯
chisel:jackolantern16,931,true,chisel,team.chisel.item.ItemCarvablePumpkin,南瓜灯
chisel:laboratoryblock,932,true,chisel,team.chisel.item.ItemCarvable,实验室方块
chisel:lapis_block,933,true,chisel,team.chisel.item.ItemCarvable,青金石块
chisel:lavastone,934,true,chisel,team.chisel.item.ItemCarvable,熔岩石
chisel:leadblock,935,true,chisel,team.chisel.item.ItemCarvable,铅块
chisel:leaves,936,true,chisel,team.chisel.item.ItemCarvable,树叶
chisel:limestone,937,true,chisel,team.chisel.item.ItemCarvable,石灰岩
chisel:limestone_slab,938,true,chisel,team.chisel.item.ItemCarvableSlab,石灰岩台阶
chisel:limestone_slab_top,939,true,chisel,net.minecraft.item.ItemBlock,石灰岩台阶
chisel:limestone_stairs.0,940,true,chisel,team.chisel.item.ItemCarvable,石灰岩楼梯
chisel:limestone_stairs.1,941,true,chisel,team.chisel.item.ItemCarvable,石灰岩楼梯
chisel:limestone_stairs.2,942,true,chisel,team.chisel.item.ItemCarvable,石灰岩楼梯
chisel:limestone_stairs.3,943,true,chisel,team.chisel.item.ItemCarvable,石灰岩楼梯
chisel:limestone_stairs.4,944,true,chisel,team.chisel.item.ItemCarvable,石灰岩楼梯
chisel:limestone_stairs.5,945,true,chisel,team.chisel.item.ItemCarvable,石灰岩楼梯
chisel:limestone_stairs.6,946,true,chisel,team.chisel.item.ItemCarvable,石灰岩楼梯
chisel:limestone_stairs.7,947,true,chisel,team.chisel.item.ItemCarvable,石灰岩楼梯
chisel:marble,948,true,chisel,team.chisel.item.ItemCarvable,大理石
chisel:marble_slab,949,true,chisel,team.chisel.item.ItemCarvableSlab,大理石台阶
chisel:marble_slab_top,950,true,chisel,net.minecraft.item.ItemBlock,大理石台阶
chisel:marble_stairs.0,951,true,chisel,team.chisel.item.ItemCarvable,大理石楼梯
chisel:marble_stairs.1,952,true,chisel,team.chisel.item.ItemCarvable,大理石楼梯
chisel:marble_stairs.2,953,true,chisel,team.chisel.item.ItemCarvable,大理石楼梯
chisel:marble_stairs.3,954,true,chisel,team.chisel.item.ItemCarvable,大理石楼梯
chisel:marble_stairs.4,955,true,chisel,team.chisel.item.ItemCarvable,大理石楼梯
chisel:marble_stairs.5,956,true,chisel,team.chisel.item.ItemCarvable,大理石楼梯
chisel:marble_stairs.6,957,true,chisel,team.chisel.item.ItemCarvable,大理石楼梯
chisel:marble_stairs.7,958,true,chisel,team.chisel.item.ItemCarvable,大理石楼梯
chisel:marble_pillar,959,true,chisel,team.chisel.item.ItemCarvable,大理石柱
chisel:marble_pillar_slab,960,true,chisel,team.chisel.item.ItemCarvableSlab,大理石柱板
chisel:marble_pillar_slab_top,961,true,chisel,net.minecraft.item.ItemBlock,大理石柱板
chisel:nation,962,true,chisel,team.chisel.item.ItemCarvable,帝国方块
chisel:rebel,963,true,chisel,team.chisel.item.ItemCarvable,叛军方块
chisel:neonite,964,true,chisel,team.chisel.item.ItemCarvable,霓虹石
chisel:nether_brick,965,true,chisel,team.chisel.item.ItemCarvable,地狱砖
chisel:netherrack,966,true,chisel,team.chisel.item.ItemCarvable,地狱岩
chisel:nucrete,967,true,chisel,team.chisel.item.ItemCarvable,结构混凝土
chisel:obsidian,968,true,chisel,team.chisel.item.ItemCarvable,黑曜石
chisel:packedice,969,true,chisel,team.chisel.item.ItemCarvable,浮冰
chisel:packedice_pillar,970,true,chisel,team.chisel.item.ItemCarvable,浮冰柱
chisel:packedice_stairs.0,971,true,chisel,team.chisel.item.ItemCarvable,浮冰楼梯
chisel:packedice_stairs.1,972,true,chisel,team.chisel.item.ItemCarvable,浮冰楼梯
chisel:packedice_stairs.2,973,true,chisel,team.chisel.item.ItemCarvable,浮冰楼梯
chisel:packedice_stairs.3,974,true,chisel,team.chisel.item.ItemCarvable,浮冰楼梯
chisel:packedice_stairs.4,975,true,chisel,team.chisel.item.ItemCarvable,浮冰楼梯
chisel:packedice_stairs.5,976,true,chisel,team.chisel.item.ItemCarvable,浮冰楼梯
chisel:packedice_stairs.6,977,true,chisel,team.chisel.item.ItemCarvable,浮冰楼梯
chisel:packedice_stairs.7,978,true,chisel,team.chisel.item.ItemCarvable,浮冰楼梯
chisel:paperwall,979,true,chisel,team.chisel.item.ItemCarvable,障子
chisel:paperwall_block,980,true,chisel,team.chisel.item.ItemCarvable,障子方块
chisel:present,981,true,chisel,team.chisel.item.ItemBlockPresent,礼物
chisel:pumpkin1,982,true,chisel,team.chisel.item.ItemCarvablePumpkin,南瓜
chisel:pumpkin2,983,true,chisel,team.chisel.item.ItemCarvablePumpkin,南瓜
chisel:pumpkin3,984,true,chisel,team.chisel.item.ItemCarvablePumpkin,南瓜
chisel:pumpkin4,985,true,chisel,team.chisel.item.ItemCarvablePumpkin,南瓜
chisel:pumpkin5,986,true,chisel,team.chisel.item.ItemCarvablePumpkin,南瓜
chisel:pumpkin6,987,true,chisel,team.chisel.item.ItemCarvablePumpkin,南瓜
chisel:pumpkin7,988,true,chisel,team.chisel.item.ItemCarvablePumpkin,南瓜
chisel:pumpkin8,989,true,chisel,team.chisel.item.ItemCarvablePumpkin,南瓜
chisel:pumpkin9,990,true,chisel,team.chisel.item.ItemCarvablePumpkin,南瓜
chisel:pumpkin10,991,true,chisel,team.chisel.item.ItemCarvablePumpkin,南瓜
chisel:pumpkin11,992,true,chisel,team.chisel.item.ItemCarvablePumpkin,南瓜
chisel:pumpkin12,993,true,chisel,team.chisel.item.ItemCarvablePumpkin,南瓜
chisel:pumpkin13,994,true,chisel,team.chisel.item.ItemCarvablePumpkin,南瓜
chisel:pumpkin14,995,true,chisel,team.chisel.item.ItemCarvablePumpkin,南瓜
chisel:pumpkin15,996,true,chisel,team.chisel.item.ItemCarvablePumpkin,南瓜
chisel:pumpkin16,997,true,chisel,team.chisel.item.ItemCarvablePumpkin,南瓜
chisel:purpur,998,true,chisel,team.chisel.item.ItemCarvable,紫珀块
chisel:redstone_block,999,true,chisel,team.chisel.item.ItemCarvable,红石块
chisel:road_line,1000,true,chisel,team.chisel.item.ItemCarvable,道路标线
chisel:sandstone,1001,true,chisel,team.chisel.item.ItemCarvable,沙石
chisel:sandstone2,1002,true,chisel,team.chisel.item.ItemCarvable,沙石
chisel:sandstone_scribbles,1003,true,chisel,team.chisel.item.ItemCarvable,刻文沙石
chisel:silverblock,1004,true,chisel,team.chisel.item.ItemCarvable,银块
chisel:sand_snakestone,1005,true,chisel,team.chisel.item.ItemCarvable,蛇纹沙石
chisel:stone_snakestone,1006,true,chisel,team.chisel.item.ItemCarvable,蛇纹石头
chisel:obsidian_snakestone,1007,true,chisel,team.chisel.item.ItemCarvable,蛇纹黑曜石
chisel:steelblock,1008,true,chisel,team.chisel.item.ItemCarvable,钢块
chisel:stonebricksmooth,1009,true,chisel,team.chisel.item.ItemCarvable,石砖
chisel:sveltstone,1010,true,chisel,team.chisel.item.ItemCarvable,精致石头
chisel:technical,1011,true,chisel,team.chisel.item.ItemCarvable,工艺方块
chisel:technical2,1012,true,chisel,team.chisel.item.ItemCarvable,简易工艺方块
chisel:technical3,1013,true,chisel,team.chisel.item.ItemCarvable,工业工艺方块
chisel:technical4,1014,true,chisel,team.chisel.item.ItemCarvable,工艺方块
chisel:templeblock,1015,true,chisel,team.chisel.item.ItemCarvable,神庙石
chisel:mossy_templeblock,1016,true,chisel,team.chisel.item.ItemCarvable,神庙苔石
chisel:tinblock,1017,true,chisel,team.chisel.item.ItemCarvable,锡块
chisel:torch1,1018,true,chisel,team.chisel.compat.fmp.ItemBlockChiselTorchPart,火把
chisel:torch2,1019,true,chisel,team.chisel.compat.fmp.ItemBlockChiselTorchPart,火把
chisel:torch3,1020,true,chisel,team.chisel.compat.fmp.ItemBlockChiselTorchPart,火把
chisel:torch4,1021,true,chisel,team.chisel.compat.fmp.ItemBlockChiselTorchPart,火把
chisel:torch5,1022,true,chisel,team.chisel.compat.fmp.ItemBlockChiselTorchPart,火把
chisel:torch6,1023,true,chisel,team.chisel.compat.fmp.ItemBlockChiselTorchPart,火把
chisel:torch7,1024,true,chisel,team.chisel.compat.fmp.ItemBlockChiselTorchPart,火把
chisel:torch8,1025,true,chisel,team.chisel.compat.fmp.ItemBlockChiselTorchPart,火把
chisel:torch9,1026,true,chisel,team.chisel.compat.fmp.ItemBlockChiselTorchPart,火把
chisel:torch10,1027,true,chisel,team.chisel.compat.fmp.ItemBlockChiselTorchPart,火把
chisel:tyrian,1028,true,chisel,team.chisel.item.ItemCarvable,未来风格金属块
chisel:uraniumblock,1029,true,chisel,team.chisel.item.ItemCarvable,铀块
chisel:valentines,1030,true,chisel,team.chisel.item.ItemCarvable,爱之方块
chisel:voidstone,1031,true,chisel,team.chisel.item.ItemCarvable,虚空石
chisel:voidstone2,1032,true,chisel,team.chisel.item.ItemCarvable,充能虚空石
chisel:voidstoneRunic,1033,true,chisel,team.chisel.item.ItemCarvable,符文虚空石
chisel:voidstonePillar,1034,true,chisel,team.chisel.item.ItemCarvable,虚空石柱
chisel:voidstonePillar2,1035,true,chisel,team.chisel.item.ItemCarvable,充能虚空石柱
chisel:warningSign,1036,true,chisel,team.chisel.item.ItemCarvable,警告标志
chisel:waterstone,1037,true,chisel,team.chisel.item.ItemCarvable,水磨石
chisel:oak_planks,1038,true,chisel,team.chisel.item.ItemCarvable,橡木木板
chisel:spruce_planks,1039,true,chisel,team.chisel.item.ItemCarvable,云杉木板
chisel:birch_planks,1040,true,chisel,team.chisel.item.ItemCarvable,白桦木板
chisel:jungle_planks,1041,true,chisel,team.chisel.item.ItemCarvable,丛林木板
chisel:acacia_planks,1042,true,chisel,team.chisel.item.ItemCarvable,金合欢木板
chisel:dark_oak_planks,1043,true,chisel,team.chisel.item.ItemCarvable,深色橡木木板
chisel:woolen_clay,1044,true,chisel,team.chisel.item.ItemCarvable,羊毛黏土
chisel:froglight,1045,true,chisel,team.chisel.item.ItemCarvable,蛙明灯
chisel:lantern,1046,true,chisel,team.chisel.item.ItemCarvable,灯笼
chisel:sheetmetal,1047,true,chisel,team.chisel.item.ItemCarvable,板金属
chisel:moss,1048,true,chisel,team.chisel.item.ItemCarvable,苔藓
chisel:moss_carpet,1049,true,chisel,team.chisel.item.ItemCarvable,覆地苔藓
chisel:electrumblock,1050,true,chisel,team.chisel.item.ItemCarvable,琥珀金块
chisel:invarblock,1051,true,chisel,team.chisel.item.ItemCarvable,殷钢块
chisel:nickelblock,1052,true,chisel,team.chisel.item.ItemCarvable,镍块
chisel:platinumblock,1053,true,chisel,team.chisel.item.ItemCarvable,铂块
chisel:castironblock,1054,true,chisel,team.chisel.item.ItemCarvable,Block of Cast Iron
chisel:titaniumblock,1055,true,chisel,team.chisel.item.ItemCarvable,钛块
chisel:stainlesssteelblock,1056,true,chisel,team.chisel.item.ItemCarvable,不锈钢块
chisel:tungstensteelblock,1057,true,chisel,team.chisel.item.ItemCarvable,钨钢块
chisel:rppblock,1058,true,chisel,team.chisel.item.ItemCarvable,镀铑钯块
chisel:iridiumblock,1059,true,chisel,team.chisel.item.ItemCarvable,铱块
chisel:osmiumblock,1060,true,chisel,team.chisel.item.ItemCarvable,锇块
chisel:cobaltblock,1061,true,chisel,team.chisel.item.ItemCarvable,钴块
chisel:coral,1062,true,chisel,team.chisel.item.ItemCarvable,珊瑚
chisel:mud,1063,true,chisel,team.chisel.item.ItemCarvable,泥
chisel:albumblock2,1064,true,chisel,team.chisel.item.ItemCarvable,音乐方块
chisel:albumblock,1065,true,chisel,team.chisel.item.ItemCarvable,音乐方块
chisel:brutalism,1066,true,chisel,team.chisel.item.ItemCarvable,粗野主义方块
chisel:porcelain,1067,true,chisel,team.chisel.item.ItemCarvable,瓷器方块
chisel:alabaster,1068,true,chisel,team.chisel.item.ItemCarvable,雪花石膏块
chisel:road2,1069,true,chisel,team.chisel.item.ItemCarvable,道路方块
chisel:road,1070,true,chisel,team.chisel.item.ItemCarvable,道路方块
ExtraUtilities:chestMini,1071,true,ExtraUtilities,net.minecraft.item.ItemBlock,迷你箱
ExtraUtilities:chestFull,1072,true,ExtraUtilities,net.minecraft.item.ItemBlock,稍大的箱子
ExtraUtilities:enderCollector,1073,true,ExtraUtilities,net.minecraft.item.ItemBlock,末影收集器
ExtraUtilities:endConstructor,1074,true,ExtraUtilities,com.rwtema.extrautils.item.ItemBlockQED,QED（类星纠缠设备Quasar Entanglement Device）
ExtraUtilities:endMarker,1075,true,ExtraUtilities,net.minecraft.item.ItemBlock,末影路标
ExtraUtilities:curtains,1076,true,ExtraUtilities,net.minecraft.item.ItemBlock,黑幕布帘
ExtraUtilities:angelBlock,1077,true,ExtraUtilities,com.rwtema.extrautils.item.ItemAngelBlock,天使方块
ExtraUtilities:budoff,1078,true,ExtraUtilities,com.rwtema.extrautils.item.ItemBlockMetadata,方块更新检测器
ExtraUtilities:chandelier,1079,true,ExtraUtilities,net.minecraft.item.ItemBlock,奢华吊顶灯
ExtraUtilities:decorativeBlock1,1080,true,ExtraUtilities,com.rwtema.extrautils.item.ItemBlockMetadata,镶边石砖
ExtraUtilities:decorativeBlock2,1081,true,ExtraUtilities,com.rwtema.extrautils.item.ItemBlockMetadata,增厚玻璃
ExtraUtilities:pureLove,1082,true,ExtraUtilities,net.minecraft.item.ItemBlock,纯洁的爱
ExtraUtilities:block_bedrockium,1083,true,ExtraUtilities,com.rwtema.extrautils.block.BlockBedrockium.ItemBedrockium,基岩块
ExtraUtilities:datablock,1084,true,ExtraUtilities,net.minecraft.item.ItemBlock,tile.extrautils:datablock.name
ExtraUtilities:colorStoneBrick,1085,true,ExtraUtilities,com.rwtema.extrautils.item.ItemBlockColor,染色 石砖（白色）
ExtraUtilities:colorWoodPlanks,1086,true,ExtraUtilities,com.rwtema.extrautils.item.ItemBlockColor,染色 橡木木板（白色）
ExtraUtilities:color_lightgem,1087,true,ExtraUtilities,com.rwtema.extrautils.item.ItemBlockColor,染色 萤石（白色）
ExtraUtilities:color_stone,1088,true,ExtraUtilities,com.rwtema.extrautils.item.ItemBlockColor,染色 石头（白色）
ExtraUtilities:color_quartzBlock,1089,true,ExtraUtilities,com.rwtema.extrautils.item.ItemBlockColor,染色 石英块（白色）
ExtraUtilities:color_hellsand,1090,true,ExtraUtilities,com.rwtema.extrautils.item.ItemBlockColor,染色 灵魂沙（白色）
ExtraUtilities:color_redstoneLight,1091,true,ExtraUtilities,com.rwtema.extrautils.item.ItemBlockColor,染色 红石灯（白色）
ExtraUtilities:color_brick,1092,true,ExtraUtilities,com.rwtema.extrautils.item.ItemBlockColor,染色 砖块（白色）
ExtraUtilities:color_stonebrick,1093,true,ExtraUtilities,com.rwtema.extrautils.item.ItemBlockColor,染色 圆石（白色）
ExtraUtilities:color_blockLapis,1094,true,ExtraUtilities,com.rwtema.extrautils.item.ItemBlockColor,染色 青金石块（白色）
ExtraUtilities:color_obsidian,1095,true,ExtraUtilities,com.rwtema.extrautils.item.ItemBlockColor,染色 黑曜石（白色）
ExtraUtilities:color_blockRedstone,1096,true,ExtraUtilities,com.rwtema.extrautils.item.ItemBlockColor,染色 红石块（白色）
ExtraUtilities:color_blockCoal,1097,true,ExtraUtilities,com.rwtema.extrautils.item.ItemBlockColor,染色 煤炭块（白色）
ExtraUtilities:cobblestone_compressed,1098,true,ExtraUtilities,com.rwtema.extrautils.item.ItemBlockMetadata,压缩圆石
ExtraUtilities:conveyor,1099,true,ExtraUtilities,net.minecraft.item.ItemBlock,传送带
ExtraUtilities:filing,1100,true,ExtraUtilities,com.rwtema.extrautils.item.ItemFilingCabinet,文档柜
ExtraUtilities:greenscreen,1101,true,ExtraUtilities,com.rwtema.extrautils.item.ItemBlockMetadata,苍雪之纯色光屏（白）
ExtraUtilities:peaceful_table_top,1102,true,ExtraUtilities,net.minecraft.item.ItemBlock,和平之桌
ExtraUtilities:trading_post,1103,true,ExtraUtilities,net.minecraft.item.ItemBlock,贸易站
ExtraUtilities:sound_muffler,1104,true,ExtraUtilities,com.rwtema.extrautils.item.ItemBlockMetadata,消音器
ExtraUtilities:extractor_base,1105,true,ExtraUtilities,com.rwtema.extrautils.tileentity.transfernodes.multiparts.ItemBlockTransferNodeMultiPart,传输节点（物品）
ExtraUtilities:extractor_base_remote,1106,true,ExtraUtilities,com.rwtema.extrautils.tileentity.transfernodes.multiparts.ItemBlockTransferNodeMultiPart,检索节点（物品）
ExtraUtilities:pipes,1107,true,ExtraUtilities,com.rwtema.extrautils.tileentity.transfernodes.multiparts.ItemBlockTransferPipeMultiPart,运输管道
ExtraUtilities:pipes.1,1108,true,ExtraUtilities,com.rwtema.extrautils.tileentity.transfernodes.multiparts.ItemBlockTransferPipeMultiPart,超越分配管道
ExtraUtilities:cursedearthside,1109,true,ExtraUtilities,com.rwtema.extrautils.item.ItemBlockMetadata,诅咒之土
ExtraUtilities:trashcan,1110,true,ExtraUtilities,com.rwtema.extrautils.item.ItemBlockMetadata,垃圾桶
ExtraUtilities:spike_base,1111,true,ExtraUtilities,com.rwtema.extrautils.item.ItemBlockSpike,铁锥
ExtraUtilities:spike_base_diamond,1112,true,ExtraUtilities,com.rwtema.extrautils.item.ItemBlockSpike,钻石锥刺
ExtraUtilities:spike_base_gold,1113,true,ExtraUtilities,com.rwtema.extrautils.item.ItemBlockSpike,黄金锥刺
ExtraUtilities:spike_base_wood,1114,true,ExtraUtilities,com.rwtema.extrautils.item.ItemBlockSpike,木质锥刺
ExtraUtilities:enderThermicPump,1115,true,ExtraUtilities,net.minecraft.item.ItemBlock,末影岩浆泵
ExtraUtilities:enderQuarry,1116,true,ExtraUtilities,net.minecraft.item.ItemBlock,末影采石场
ExtraUtilities:enderQuarryUpgrade,1117,true,ExtraUtilities,com.rwtema.extrautils.item.ItemBlockMetadata,末影采石场升级基座
ExtraUtilities:plant/ender_lilly,1118,true,ExtraUtilities,com.rwtema.extrautils.item.ItemBlockEnderLily,末影百合种子
ExtraUtilities:timer,1119,true,ExtraUtilities,net.minecraft.item.ItemBlock,红石钟
ExtraUtilities:magnumTorch,1120,true,ExtraUtilities,com.rwtema.extrautils.multipart.ItemBlockMultiPartMagnumTorch,卓越火炬
ExtraUtilities:drum,1121,true,ExtraUtilities,com.rwtema.extrautils.item.ItemBlockDrum,筒
ExtraUtilities:generator,1122,true,ExtraUtilities,com.rwtema.extrautils.item.ItemBlockGenerator,生存者发电机
ExtraUtilities:generator.8,1123,true,ExtraUtilities,com.rwtema.extrautils.item.ItemBlockGenerator,生存者发电机
ExtraUtilities:generator.64,1124,true,ExtraUtilities,com.rwtema.extrautils.item.ItemBlockGenerator,生存者发电机
ExtraUtilities:dark_portal,1125,true,ExtraUtilities,com.rwtema.extrautils.item.ItemBlockMetadata,漆黑之门
ExtraUtilities:etherealglass,1126,true,ExtraUtilities,com.rwtema.extrautils.item.ItemBlockMetadata,天域玻璃
ImmersiveEngineering:ore,1127,true,ImmersiveEngineering,blusunrize.immersiveengineering.common.blocks.ItemBlockIEBase,铜矿石
ImmersiveEngineering:storage,1128,true,ImmersiveEngineering,blusunrize.immersiveengineering.common.blocks.ItemBlockIEBase,铜块
ImmersiveEngineering:storageSlab,1129,true,ImmersiveEngineering,blusunrize.immersiveengineering.common.blocks.ItemBlockIESlabs,铜台阶
ImmersiveEngineering:stoneSlab,1130,true,ImmersiveEngineering,blusunrize.immersiveengineering.common.blocks.ItemBlockIESlabs,麻凝土台阶
ImmersiveEngineering:metalDevice,1131,true,ImmersiveEngineering,blusunrize.immersiveengineering.common.blocks.metal.ItemBlockMetalDevices,低压接线器
ImmersiveEngineering:metalDevice2,1132,true,ImmersiveEngineering,blusunrize.immersiveengineering.common.blocks.metal.ItemBlockMetalDevices2,断路刀闸
ImmersiveEngineering:metalDecoration,1133,true,ImmersiveEngineering,blusunrize.immersiveengineering.common.blocks.metal.ItemBlockMetalDecorations,钢栅栏
ImmersiveEngineering:metalDecoration2,1134,true,ImmersiveEngineering,blusunrize.immersiveengineering.common.blocks.metal.ItemBlockMetalDecorations,铝板金属块
ImmersiveEngineering:metalMultiblock,1135,true,ImmersiveEngineering,blusunrize.immersiveengineering.common.blocks.ItemBlockIEBase,避雷针基座
ImmersiveEngineering:woodenDevice,1136,true,ImmersiveEngineering,blusunrize.immersiveengineering.common.blocks.wooden.ItemBlockWoodenDevices,木杆
ImmersiveEngineering:woodenDecoration,1137,true,ImmersiveEngineering,blusunrize.immersiveengineering.common.blocks.wooden.ItemBlockWoodenDecoration,防腐木板
ImmersiveEngineering:treatedWood,1138,true,ImmersiveEngineering,blusunrize.immersiveengineering.common.blocks.ItemBlockIEBase,防腐木板
ImmersiveEngineering:woodenStairs,1139,true,ImmersiveEngineering,blusunrize.immersiveengineering.common.blocks.ItemBlockIEStairs,防腐木楼梯
ImmersiveEngineering:woodenStairs1,1140,true,ImmersiveEngineering,blusunrize.immersiveengineering.common.blocks.ItemBlockIEStairs,防腐木楼梯
ImmersiveEngineering:woodenStairs2,1141,true,ImmersiveEngineering,blusunrize.immersiveengineering.common.blocks.ItemBlockIEStairs,防腐木楼梯
ImmersiveEngineering:stoneDevice,1142,true,ImmersiveEngineering,blusunrize.immersiveengineering.common.blocks.stone.ItemBlockStoneDevices,麻凝土
ImmersiveEngineering:stoneDecoration,1143,true,ImmersiveEngineering,blusunrize.immersiveengineering.common.blocks.ItemBlockIEBase,麻凝土
ImmersiveEngineering:concreteStairs,1144,true,ImmersiveEngineering,blusunrize.immersiveengineering.common.blocks.ItemBlockIEStairs,混凝土楼梯
ImmersiveEngineering:concreteTileStairs,1145,true,ImmersiveEngineering,blusunrize.immersiveengineering.common.blocks.ItemBlockIEStairs,混凝土砖楼梯
ImmersiveEngineering:hemp,1146,true,ImmersiveEngineering,net.minecraft.item.ItemBlock,工业大麻
ImmersiveEngineering:fakeLight,1147,true,ImmersiveEngineering,blusunrize.immersiveengineering.common.blocks.ItemBlockIEBase,tile.ImmersiveEngineering.fakeLight.name
ImmersiveEngineering:clothDevice,1148,true,ImmersiveEngineering,blusunrize.immersiveengineering.common.blocks.cloth.ItemBlockClothDevices,气球
MineFactoryReloaded:conveyor,1149,true,MineFactoryReloaded,powercrystals.minefactoryreloaded.block.ItemBlockConveyor,白色传送带
MineFactoryReloaded:machineblock,1150,true,MineFactoryReloaded,powercrystals.minefactoryreloaded.block.ItemBlockFactory,工厂机械块
MineFactoryReloaded:machine.0,1151,true,MineFactoryReloaded,powercrystals.minefactoryreloaded.block.ItemBlockFactoryMachine,播种机
MineFactoryReloaded:machine.1,1152,true,MineFactoryReloaded,powercrystals.minefactoryreloaded.block.ItemBlockFactoryMachine,弹射器
MineFactoryReloaded:machine.2,1153,true,MineFactoryReloaded,powercrystals.minefactoryreloaded.block.ItemBlockFactoryMachine,镭射钻
MineFactoryReloaded:tank,1154,true,MineFactoryReloaded,powercrystals.minefactoryreloaded.block.ItemBlockTank,塑料水槽
MineFactoryReloaded:cable.plastic,1155,true,MineFactoryReloaded,powercrystals.minefactoryreloaded.block.ItemBlockFactory,塑料管道
MineFactoryReloaded:cable.redstone,1156,true,MineFactoryReloaded,powercrystals.minefactoryreloaded.block.ItemBlockFactory,红石线缆
MineFactoryReloaded:rednet.logic,1157,true,MineFactoryReloaded,powercrystals.minefactoryreloaded.block.ItemBlockRedNetLogic,可编程红石控制器
MineFactoryReloaded:rednet.panel,1158,true,MineFactoryReloaded,powercrystals.minefactoryreloaded.block.ItemBlockRedNetPanel,波形记录器
MineFactoryReloaded:rail.cargo.pickup,1159,true,MineFactoryReloaded,net.minecraft.item.ItemBlock,货运装载轨道
MineFactoryReloaded:rail.cargo.dropoff,1160,true,MineFactoryReloaded,net.minecraft.item.ItemBlock,货运卸载轨道
MineFactoryReloaded:rail.passenger.pickup,1161,true,MineFactoryReloaded,net.minecraft.item.ItemBlock,乘客搭车轨道
MineFactoryReloaded:rail.passenger.dropoff,1162,true,MineFactoryReloaded,net.minecraft.item.ItemBlock,乘客下车轨道
MineFactoryReloaded:rubberwood.sapling,1163,true,MineFactoryReloaded,powercrystals.minefactoryreloaded.block.ItemBlockFactoryTree,橡胶树树苗
MineFactoryReloaded:rubberwood.log,1164,true,MineFactoryReloaded,net.minecraft.item.ItemBlock,橡胶木
MineFactoryReloaded:rubberwood.leaves,1165,true,MineFactoryReloaded,powercrystals.minefactoryreloaded.block.ItemBlockFactoryLeaves,橡胶树叶
MineFactoryReloaded:stainedglass.block,1166,true,MineFactoryReloaded,powercrystals.minefactoryreloaded.block.ItemBlockFactory,白色玻璃
MineFactoryReloaded:stainedglass.pane,1167,true,MineFactoryReloaded,powercrystals.minefactoryreloaded.block.ItemBlockFactory,白色玻璃板
MineFactoryReloaded:road,1168,true,MineFactoryReloaded,powercrystals.minefactoryreloaded.block.ItemBlockFactoryRoad,铺路砖
MineFactoryReloaded:plastic,1169,true,MineFactoryReloaded,powercrystals.minefactoryreloaded.block.ItemBlockFactory,塑料块
MineFactoryReloaded:brick,1170,true,MineFactoryReloaded,powercrystals.minefactoryreloaded.block.ItemBlockFactory,冰砖块
MineFactoryReloaded:stone,1171,true,MineFactoryReloaded,powercrystals.minefactoryreloaded.block.ItemBlockFactory,光滑黑岩
MineFactoryReloaded:pinkslime.block,1172,true,MineFactoryReloaded,powercrystals.minefactoryreloaded.block.ItemBlockFactory,粉色粘液块
MineFactoryReloaded:vinescaffold,1173,true,MineFactoryReloaded,powercrystals.minefactoryreloaded.block.ItemBlockVineScaffold,藤蔓脚手架
MineFactoryReloaded:farmland,1174,true,MineFactoryReloaded,powercrystals.minefactoryreloaded.block.ItemBlockFactory,沃土
MineFactoryReloaded:detcord,1175,true,MineFactoryReloaded,powercrystals.minefactoryreloaded.block.ItemBlockDetCord,引爆线圈
MineFactoryReloaded:milk.still,1177,true,MineFactoryReloaded,net.minecraft.item.ItemBlock,牛奶
MineFactoryReloaded:sludge.still,1178,true,MineFactoryReloaded,net.minecraft.item.ItemBlock,污泥
MineFactoryReloaded:sewage.still,1179,true,MineFactoryReloaded,net.minecraft.item.ItemBlock,污水
MineFactoryReloaded:mobessence.still,1180,true,MineFactoryReloaded,net.minecraft.item.ItemBlock,精华液
MineFactoryReloaded:biofuel.still,1181,true,MineFactoryReloaded,net.minecraft.item.ItemBlock,生物燃油
MineFactoryReloaded:meat.still,1182,true,MineFactoryReloaded,net.minecraft.item.ItemBlock,肉汤
MineFactoryReloaded:pinkslime.still,1183,true,MineFactoryReloaded,net.minecraft.item.ItemBlock,粉色粘液
MineFactoryReloaded:chocolatemilk.still,1184,true,MineFactoryReloaded,net.minecraft.item.ItemBlock,巧克力牛奶
MineFactoryReloaded:mushroomsoup.still,1185,true,MineFactoryReloaded,net.minecraft.item.ItemBlock,蘑菇汤
MineFactoryReloaded:steam.still,1186,true,MineFactoryReloaded,net.minecraft.item.ItemBlock,蒸汽
TConstruct:liquid.slime,1187,true,TConstruct,net.minecraft.item.ItemBlock,液态史莱姆
TConstruct:MeatBlock,1188,true,TConstruct,tconstruct.world.itemblocks.HamboneItemBlock,火腿块
TConstruct:WoolSlab1,1189,true,TConstruct,tconstruct.world.itemblocks.WoolSlab1Item,羊毛台阶
TConstruct:WoolSlab2,1190,true,TConstruct,tconstruct.world.itemblocks.WoolSlab2Item,淡灰色羊毛台阶
TConstruct:trap.punji,1191,true,TConstruct,net.minecraft.item.ItemBlock,尖竹钉
TConstruct:trap.barricade.oak,1192,true,TConstruct,tconstruct.world.itemblocks.BarricadeItem,橡木篱笆
TConstruct:trap.barricade.spruce,1193,true,TConstruct,tconstruct.world.itemblocks.BarricadeItem,云杉木篱笆
TConstruct:trap.barricade.birch,1194,true,TConstruct,tconstruct.world.itemblocks.BarricadeItem,白桦木篱笆
TConstruct:trap.barricade.jungle,1195,true,TConstruct,tconstruct.world.itemblocks.BarricadeItem,丛林木篱笆
TConstruct:explosive.slime,1196,true,TConstruct,tconstruct.common.itemblocks.MetadataItemBlock,SDX黏性炸药
TConstruct:slime.gel,1197,true,TConstruct,tconstruct.world.itemblocks.SlimeGelItemBlock,蓝色凝固史莱姆块
TConstruct:slime.grass,1198,true,TConstruct,tconstruct.world.itemblocks.SlimeGrassItemBlock,史莱姆草方块
TConstruct:slime.grass.tall,1199,true,TConstruct,tconstruct.world.itemblocks.SlimeTallGrassItem,史莱姆草
TConstruct:slime.leaves,1200,true,TConstruct,tconstruct.world.itemblocks.SlimeLeavesItemBlock,史莱姆树叶
TConstruct:slime.sapling,1201,true,TConstruct,tconstruct.world.itemblocks.SlimeSaplingItemBlock,史莱姆树苗
TConstruct:slime.channel,1202,true,TConstruct,net.minecraft.item.ItemBlock,史莱姆通道
TConstruct:blood.channel,1203,true,TConstruct,net.minecraft.item.ItemBlock,血通道
TConstruct:slime.pad,1204,true,TConstruct,net.minecraft.item.ItemBlock,弹跳板
TConstruct:decoration.stonetorch,1205,true,TConstruct,net.minecraft.item.ItemBlock,石柄火把
TConstruct:decoration.stoneladder,1206,true,TConstruct,net.minecraft.item.ItemBlock,石头梯子
TConstruct:decoration.multibrick,1207,true,TConstruct,tconstruct.tools.itemblocks.MultiBrickItem,黑曜石砖块
TConstruct:decoration.multibrickfancy,1208,true,TConstruct,tconstruct.tools.itemblocks.MultiBrickFancyItem,精致黑曜石砖块
TConstruct:decoration.multibrickmetal,1209,true,TConstruct,tconstruct.tools.itemblocks.MultiBrickMetalItem,耐酸铝砖块
TConstruct:ore.berries.one,1210,true,TConstruct,tconstruct.world.itemblocks.OreberryBushItem,铁矿莓丛
TConstruct:ore.berries.two,1211,true,TConstruct,tconstruct.world.itemblocks.OreberryBushSecondItem,铝矿莓丛
TConstruct:SearedBrick,1212,true,TConstruct,tconstruct.world.itemblocks.MetalOreItemBlock,地狱岩碎片
TConstruct:GravelOre,1213,true,TConstruct,tconstruct.world.itemblocks.GravelOreItem,铁矿沙砾
TConstruct:rail.wood,1214,true,TConstruct,net.minecraft.item.ItemBlock,木轨道
TConstruct:MetalBlock,1215,true,TConstruct,tconstruct.smeltery.itemblocks.MetalItemBlock,钴块
TConstruct:ToolStationBlock,1216,true,TConstruct,tconstruct.tools.itemblocks.ToolStationItemBlock,工具组装台
TConstruct:ToolForgeBlock,1217,true,TConstruct,tconstruct.common.itemblocks.MetadataItemBlock,工具装配台
TConstruct:CraftingStation,1218,true,TConstruct,net.minecraft.item.ItemBlock,合成站
TConstruct:CraftingSlab,1219,true,TConstruct,tconstruct.tools.itemblocks.CraftingSlabItemBlock,合成站
TConstruct:FurnaceSlab,1220,true,TConstruct,net.minecraft.item.ItemBlock,半砖熔炉
TConstruct:HeldItemBlock,1221,true,TConstruct,net.minecraft.item.ItemBlock,煎锅
TConstruct:BattleSignBlock,1222,true,TConstruct,net.minecraft.item.ItemBlock,tile.Battlesign.name
TConstruct:CraftedSoil,1223,true,TConstruct,tconstruct.world.itemblocks.CraftedSoilItemBlock,黏滑泥泞
TConstruct:fluid.molten.iron,1224,true,TConstruct,net.minecraft.item.ItemBlock,熔融铁
TConstruct:fluid.molten.gold,1225,true,TConstruct,net.minecraft.item.ItemBlock,熔融金
TConstruct:fluid.molten.copper,1226,true,TConstruct,net.minecraft.item.ItemBlock,熔融铜
TConstruct:fluid.molten.tin,1227,true,TConstruct,net.minecraft.item.ItemBlock,熔融锡
TConstruct:fluid.molten.aluminum,1228,true,TConstruct,net.minecraft.item.ItemBlock,熔融铝
TConstruct:fluid.molten.cobalt,1229,true,TConstruct,net.minecraft.item.ItemBlock,熔融钴
TConstruct:fluid.molten.ardite,1230,true,TConstruct,net.minecraft.item.ItemBlock,熔融阿迪特
TConstruct:fluid.molten.bronze,1231,true,TConstruct,net.minecraft.item.ItemBlock,熔融青铜
TConstruct:fluid.molten.alubrass,1232,true,TConstruct,net.minecraft.item.ItemBlock,熔融铝黄铜
TConstruct:fluid.molten.manyullyn,1233,true,TConstruct,net.minecraft.item.ItemBlock,熔融玛玉灵
TConstruct:fluid.molten.alumite,1234,true,TConstruct,net.minecraft.item.ItemBlock,熔融耐酸铝
TConstruct:fluid.molten.obsidian,1235,true,TConstruct,net.minecraft.item.ItemBlock,熔融黑曜石
TConstruct:fluid.molten.steel,1236,true,TConstruct,net.minecraft.item.ItemBlock,熔融钢
TConstruct:fluid.molten.glass,1237,true,TConstruct,net.minecraft.item.ItemBlock,熔融玻璃
TConstruct:molten.stone,1238,true,TConstruct,net.minecraft.item.ItemBlock,熔融石头
TConstruct:molten.emerald,1239,true,TConstruct,net.minecraft.item.ItemBlock,熔融绿宝石
TConstruct:molten.quartz,1240,true,TConstruct,net.minecraft.item.ItemBlock,熔融下界石英
TConstruct:fluid.molten.nickel,1241,true,TConstruct,net.minecraft.item.ItemBlock,熔融镍
TConstruct:fluid.molten.lead,1242,true,TConstruct,net.minecraft.item.ItemBlock,熔融铅
TConstruct:fluid.molten.silver,1243,true,TConstruct,net.minecraft.item.ItemBlock,熔融银
TConstruct:fluid.molten.shiny,1244,true,TConstruct,net.minecraft.item.ItemBlock,熔融铂金
TConstruct:fluid.molten.invar,1245,true,TConstruct,net.minecraft.item.ItemBlock,熔融殷钢
TConstruct:fluid.molten.electrum,1246,true,TConstruct,net.minecraft.item.ItemBlock,熔融琥珀金
TConstruct:fluid.ender,1247,true,TConstruct,net.minecraft.item.ItemBlock,熔融末影珍珠
TConstruct:fluid.molten.lumium,1248,true,TConstruct,net.minecraft.item.ItemBlock,熔融流明
TConstruct:fluid.molten.signalum,1249,true,TConstruct,net.minecraft.item.ItemBlock,熔融信素
TConstruct:fluid.molten.mithril,1250,true,TConstruct,net.minecraft.item.ItemBlock,熔融蕴魔金属
TConstruct:fluid.molten.enderium,1251,true,TConstruct,net.minecraft.item.ItemBlock,熔融末影
TConstruct:liquid.blood,1252,true,TConstruct,net.minecraft.item.ItemBlock,血
TConstruct:liquid.glue,1253,true,TConstruct,net.minecraft.item.ItemBlock,凝胶
TConstruct:fluid.molten.pigiron,1254,true,TConstruct,net.minecraft.item.ItemBlock,熔融生铁
TConstruct:SearedSlab,1255,true,TConstruct,tconstruct.smeltery.itemblocks.SearedSlabItem,焦黑砖块台阶
TConstruct:SpeedSlab,1256,true,TConstruct,tconstruct.smeltery.itemblocks.SpeedSlabItem,粗质褐岩台阶
TConstruct:GlueBlock,1257,true,TConstruct,net.minecraft.item.ItemBlock,凝胶方块
TConstruct:Smeltery,1258,true,TConstruct,tconstruct.smeltery.itemblocks.SmelteryItemBlock,冶炼炉控制器
TConstruct:SmelteryNether,1259,true,TConstruct,tconstruct.smeltery.itemblocks.SmelteryItemBlock,冶炼炉控制器
TConstruct:LavaTank,1260,true,TConstruct,tconstruct.smeltery.itemblocks.LavaTankItemBlock,焦黑储罐
TConstruct:LavaTankNether,1261,true,TConstruct,tconstruct.smeltery.itemblocks.LavaTankItemBlock,焦黑储罐
TConstruct:SearedBlock,1262,true,TConstruct,tconstruct.smeltery.itemblocks.SearedTableItemBlock,浇铸台
TConstruct:SearedBlockNether,1263,true,TConstruct,tconstruct.smeltery.itemblocks.SearedTableItemBlock,浇铸台
TConstruct:CastingChannel,1264,true,TConstruct,tconstruct.smeltery.itemblocks.CastingChannelItem,浇注道
TConstruct:SpeedBlock,1265,true,TConstruct,tconstruct.smeltery.itemblocks.SpeedBlockItem,粗质褐岩
TConstruct:GlassBlock,1266,true,TConstruct,tconstruct.smeltery.itemblocks.GlassBlockItem,通透玻璃
TConstruct:GlassPane,1267,true,TConstruct,tconstruct.smeltery.itemblocks.GlassPaneItem,通透玻璃板
TConstruct:GlassBlock.StainedClear,1268,true,TConstruct,tconstruct.smeltery.itemblocks.StainedGlassClearItem,白色玻璃
TConstruct:GlassPaneClearStained,1269,true,TConstruct,tconstruct.smeltery.itemblocks.StainedGlassClearPaneItem,白色玻璃板
TConstruct:Redstone.Landmine,1270,true,TConstruct,tconstruct.mechworks.itemblocks.ItemBlockLandmine,地雷
TConstruct:Armor.DryingRack,1271,true,TConstruct,net.minecraft.item.ItemBlock,晾干架
DraconicEvolution:xRayBlock,1272,true,DraconicEvolution,net.minecraft.item.ItemBlock,透视方块
DraconicEvolution:weatherController,1273,true,DraconicEvolution,net.minecraft.item.ItemBlock,气象控制器
DraconicEvolution:sunDial,1274,true,DraconicEvolution,net.minecraft.item.ItemBlock,日晷
DraconicEvolution:draconiumOre,1275,true,DraconicEvolution,net.minecraft.item.ItemBlock,龙矿
DraconicEvolution:grinder,1276,true,DraconicEvolution,net.minecraft.item.ItemBlock,怪物粉碎机
DraconicEvolution:potentiometer,1277,true,DraconicEvolution,net.minecraft.item.ItemBlock,电位器
DraconicEvolution:rainSensor,1278,true,DraconicEvolution,net.minecraft.item.ItemBlock,雨水传感器
DraconicEvolution:particleGenerator,1279,true,DraconicEvolution,net.minecraft.item.ItemBlock,粒子发生器
DraconicEvolution:playerDetector,1280,true,DraconicEvolution,net.minecraft.item.ItemBlock,玩家探测器
DraconicEvolution:playerDetectorAdvanced,1281,true,DraconicEvolution,net.minecraft.item.ItemBlock,高级玩家探测器
DraconicEvolution:energyInfuser,1282,true,DraconicEvolution,net.minecraft.item.ItemBlock,能量注入器
DraconicEvolution:customSpawner,1283,true,DraconicEvolution,net.minecraft.item.ItemBlock,稳定刷怪笼
DraconicEvolution:generator,1284,true,DraconicEvolution,net.minecraft.item.ItemBlock,发电机
DraconicEvolution:energyStorageCore,1285,true,DraconicEvolution,net.minecraft.item.ItemBlock,能量核心
DraconicEvolution:earth,1286,true,DraconicEvolution,net.minecraft.item.ItemBlock,地
DraconicEvolution:draconium,1287,true,DraconicEvolution,com.brandon3055.draconicevolution.common.blocks.itemblocks.DraconiumItemBlock,龙块
DraconicEvolution:invisibleMultiblock,1288,true,DraconicEvolution,net.minecraft.item.ItemBlock,能量核心（隐藏）
DraconicEvolution:energyPylon,1289,true,DraconicEvolution,net.minecraft.item.ItemBlock,能量塔
DraconicEvolution:placedItem,1290,true,DraconicEvolution,net.minecraft.item.ItemBlock,放置的物品
DraconicEvolution:safetyFlame,1291,true,DraconicEvolution,net.minecraft.item.ItemBlock,安全的火焰
DraconicEvolution:cKeyStone,1292,true,DraconicEvolution,com.brandon3055.draconicevolution.common.blocks.itemblocks.CKeyStoneItemBlock,创造锁
DraconicEvolution:dissEnchanter,1293,true,DraconicEvolution,net.minecraft.item.ItemBlock,祛魔台
DraconicEvolution:teleporterStand,1294,true,DraconicEvolution,net.minecraft.item.ItemBlock,错位宝石底座
DraconicEvolution:draconiumChest,1295,true,DraconicEvolution,com.brandon3055.draconicevolution.common.blocks.itemblocks.DraconiumChestItemBlock,龙箱
DraconicEvolution:draconicBlock,1296,true,DraconicEvolution,net.minecraft.item.ItemBlock,觉醒龙块
DraconicEvolution:energyCrystal,1297,true,DraconicEvolution,com.brandon3055.draconicevolution.common.blocks.itemblocks.EnergyCrystalItemBlock,能量中继器
DraconicEvolution:infusedObsidian,1298,true,DraconicEvolution,com.brandon3055.draconicevolution.common.blocks.InfusedObsidian.InfusedObsidianItemBlock,注入龙力的黑曜石
DraconicEvolution:dislocatorReceptacle,1299,true,DraconicEvolution,net.minecraft.item.ItemBlock,错位容器
DraconicEvolution:portal,1300,true,DraconicEvolution,net.minecraft.item.ItemBlock,门
DraconicEvolution:reactorCore,1301,true,DraconicEvolution,net.minecraft.item.ItemBlock,反应堆核心
DraconicEvolution:flowGate,1302,true,DraconicEvolution,com.brandon3055.draconicevolution.common.blocks.itemblocks.ItemBlockFrowGate,能量阀门
DraconicEvolution:reactorStabilizer,1303,true,DraconicEvolution,net.minecraft.item.ItemBlock,反应堆稳定器
DraconicEvolution:reactorEnergyInjector,1304,true,DraconicEvolution,net.minecraft.item.ItemBlock,反应堆能量喷射器
DraconicEvolution:chaosCrystal,1305,true,DraconicEvolution,net.minecraft.item.ItemBlock,混沌晶体
DraconicEvolution:upgradeModifier,1306,true,DraconicEvolution,net.minecraft.item.ItemBlock,升级调整器
DraconicEvolution:dislocatorInhibitor,1307,true,DraconicEvolution,com.brandon3055.draconicevolution.common.blocks.machine.DislocatorInhibitor.DislocatorInhibitorItemBlock,错位宝石抑制器
DraconicEvolution:longRangeDislocator,1308,true,DraconicEvolution,com.brandon3055.draconicevolution.common.blocks.itemblocks.LRDItemBlock,长距离错位宝石
DraconicEvolution:chaosShardAtmos,1309,true,DraconicEvolution,net.minecraft.item.ItemBlock,混沌碎片
EnderIO:blockStirlingGenerator,1310,true,EnderIO,net.minecraft.item.ItemBlock,斯特林发电机
EnderIO:blockCombustionGenerator,1311,true,EnderIO,net.minecraft.item.ItemBlock,燃烧发电机
EnderIO:blockZombieGenerator,1312,true,EnderIO,net.minecraft.item.ItemBlock,僵尸发电机
EnderIO:blockFrankenzombieGenerator,1313,true,EnderIO,net.minecraft.item.ItemBlock,人造僵尸发电机
EnderIO:blockEnderGenerator,1314,true,EnderIO,net.minecraft.item.ItemBlock,末影人发电机
EnderIO:blockSolarPanel,1315,true,EnderIO,crazypants.enderio.machine.solar.BlockItemSolarPanel,光伏板
EnderIO:blockSagMill,1316,true,EnderIO,net.minecraft.item.ItemBlock,SAG磨粉机
EnderIO:blockAlloySmelter,1317,true,EnderIO,net.minecraft.item.ItemBlock,合金炉
EnderIO:blockCapBank,1318,true,EnderIO,crazypants.enderio.machine.capbank.BlockItemCapBank,创造模式电容库
EnderIO:blockPainter,1319,true,EnderIO,net.minecraft.item.ItemBlock,喷涂机
EnderIO:blockPaintedFence,1320,true,EnderIO,crazypants.enderio.machine.painter.BlockItemPaintedFence,喷涂栅栏
EnderIO:blockPaintedFenceGate,1321,true,EnderIO,crazypants.enderio.machine.painter.BlockItemPaintedFenceGate,喷涂门
EnderIO:blockPaintedWall,1322,true,EnderIO,crazypants.enderio.machine.painter.BlockItemPaintedWall,喷涂墙
EnderIO:blockPaintedStair,1323,true,EnderIO,crazypants.enderio.machine.painter.BlockItemPaintedStair,喷涂楼梯
EnderIO:blockPaintedSlab,1324,true,EnderIO,crazypants.enderio.machine.painter.BlockItemPaintedSlab,喷涂台阶
EnderIO:blockPaintedDoubleSlab,1325,true,EnderIO,crazypants.enderio.machine.painter.BlockItemPaintedSlab,喷涂台阶
EnderIO:blockCrafter,1326,true,EnderIO,net.minecraft.item.ItemBlock,装配器
EnderIO:blockPaintedGlowstone,1327,true,EnderIO,crazypants.enderio.machine.painter.BlockItemPaintedGlowstone,喷涂荧石
EnderIO:blockPaintedCarpet,1328,true,EnderIO,crazypants.enderio.machine.painter.BlockItemPaintedCarpet,喷涂地毯
EnderIO:blockVat,1329,true,EnderIO,net.minecraft.item.ItemBlock,酿液桶
EnderIO:blockPowerMonitor,1330,true,EnderIO,net.minecraft.item.ItemBlock,能量监控器
EnderIO:blockFarmStation,1331,true,EnderIO,net.minecraft.item.ItemBlock,种植站
EnderIO:blockWirelessCharger,1332,true,EnderIO,net.minecraft.item.ItemBlock,无线充能器
EnderIO:blockHyperCube,1333,true,EnderIO,net.minecraft.item.ItemBlock,空间传送器（弃用）
EnderIO:blockTank,1334,true,EnderIO,crazypants.enderio.machine.tank.BlockItemTank,流体箱
EnderIO:blockReservoir,1335,true,EnderIO,net.minecraft.item.ItemBlock,蓄水库
EnderIO:blockVacuumChest,1336,true,EnderIO,net.minecraft.item.ItemBlock,虚空箱子
EnderIO:blockTransceiver,1337,true,EnderIO,net.minecraft.item.ItemBlock,空间传送器
EnderIO:blockBuffer,1338,true,EnderIO,crazypants.enderio.machine.buffer.BlockItemBuffer,物品缓存器
EnderIO:blockInventoryPanel,1339,true,EnderIO,crazypants.enderio.machine.invpanel.BlockItemInventoryPanel,存储控制面板
EnderIO:blockEnderIo,1340,true,EnderIO,net.minecraft.item.ItemBlock,末影接口
EnderIO:blockTravelAnchor,1341,true,EnderIO,net.minecraft.item.ItemBlock,旅行锚
EnderIO:blockTelePad,1342,true,EnderIO,net.minecraft.item.ItemBlock,传送台
EnderIO:blockSliceAndSplice,1343,true,EnderIO,net.minecraft.item.ItemBlock,头颅装配机
EnderIO:blockSoulBinder,1344,true,EnderIO,net.minecraft.item.ItemBlock,灵魂绑定器
EnderIO:blockPoweredSpawner,1345,true,EnderIO,net.minecraft.item.ItemBlock,电动刷怪笼
EnderIO:blockKillerJoe,1346,true,EnderIO,net.minecraft.item.ItemBlock,杀手乔
EnderIO:blockAttractor,1347,true,EnderIO,net.minecraft.item.ItemBlock,生物诱引方尖碑
EnderIO:blockSpawnGuard,1348,true,EnderIO,net.minecraft.item.ItemBlock,生物排除方尖碑
EnderIO:blockExperienceObelisk,1349,true,EnderIO,net.minecraft.item.ItemBlock,经验交换方尖碑
EnderIO:blockWeatherObelisk,1350,true,EnderIO,net.minecraft.item.ItemBlock,气象方尖碑
EnderIO:blockInhibitorObelisk,1351,true,EnderIO,net.minecraft.item.ItemBlock,tile.blockInhibitorObelisk.name
EnderIO:blockEnchanter,1352,true,EnderIO,net.minecraft.item.ItemBlock,附魔器
EnderIO:blockDarkSteelPressurePlate,1353,true,EnderIO,crazypants.enderio.block.BlockItemDarkSteelPressurePlate,玄钢压力板
EnderIO:blockDarkSteelAnvil,1354,true,EnderIO,net.minecraft.item.ItemAnvilBlock,玄钢砧
EnderIO:blockDarkSteelLadder,1355,true,EnderIO,net.minecraft.item.ItemBlock,玄钢梯子
EnderIO:blockElectricLight,1356,true,EnderIO,crazypants.enderio.machine.light.BlockItemElectricLight,电灯
EnderIO:blockLightNode,1357,true,EnderIO,net.minecraft.item.ItemBlock,明亮节点
EnderIO:blockReinforcedObsidian,1358,true,EnderIO,net.minecraft.item.ItemBlock,强化黑曜石
EnderIO:blockFusedQuartz,1359,true,EnderIO,crazypants.enderio.material.ItemFusedQuartz,石英玻璃
EnderIO:blockEnderRail,1360,true,EnderIO,net.minecraft.item.ItemBlock,末影轨道
EnderIO:blockConduitBundle,1361,true,EnderIO,net.minecraft.item.ItemBlock,导管接口
EnderIO:blockConduitFacade,1362,true,EnderIO,net.minecraft.item.ItemBlock,导管框架
EnderIO:blockEndermanSkull,1363,true,EnderIO,crazypants.enderio.item.skull.ItemEndermanSkull,末影人头
EnderIO:blockNutrient_distillation,1364,true,EnderIO,net.minecraft.item.ItemBlock,营养精华液
EnderIO:blockHootch,1365,true,EnderIO,net.minecraft.item.ItemBlock,烈酒
EnderIO:blockRocket_fuel,1366,true,EnderIO,net.minecraft.item.ItemBlock,火箭燃料
EnderIO:blockFire_water,1367,true,EnderIO,net.minecraft.item.ItemBlock,火焰水
EnderIO:blockLiquid_sunshine,1368,true,EnderIO,net.minecraft.item.ItemBlock,液态阳光
EnderIO:blockCloud_seed,1369,true,EnderIO,net.minecraft.item.ItemBlock,云之精华
EnderIO:blockCloud_seed_concentrated,1370,true,EnderIO,net.minecraft.item.ItemBlock,浓缩云之精华
EnderIO:blockEnder_distillation,1371,true,EnderIO,net.minecraft.item.ItemBlock,深渊露水
EnderIO:blockVapor_of_levity,1372,true,EnderIO,net.minecraft.item.ItemBlock,轻盈之气
EnderIO:blockIngotStorage,1373,true,EnderIO,crazypants.enderio.material.BlockItemIngotStorage,磁钢块
EnderIO:blockIngotStorageEndergy,1374,true,EnderIO,crazypants.enderio.material.endergy.BlockItemIngotStorageEndergy,复合黏土块
EnderIO:blockDarkIronBars,1375,true,EnderIO,crazypants.enderio.material.BlockItemDarkIronBars,玄钢栅栏
EnderIO:blockSoulariumBars,1376,true,EnderIO,crazypants.enderio.material.BlockItemDarkIronBars,魂金栅栏
EnderIO:blockEndSteelBars,1377,true,EnderIO,crazypants.enderio.material.BlockItemDarkIronBars,末影钢栅栏
EnderIOAddons:blockBrine1,1378,true,EnderIOAddons,net.minecraft.item.ItemBlock,淡盐水
EnderIOAddons:blockBrine2,1379,true,EnderIOAddons,net.minecraft.item.ItemBlock,盐水
EnderIOAddons:blockBrine3,1380,true,EnderIOAddons,net.minecraft.item.ItemBlock,浓盐水
EnderIOAddons:blockBrine4,1381,true,EnderIOAddons,net.minecraft.item.ItemBlock,固态盐水
EnderIOAddons:blockMilk,1382,true,EnderIOAddons,net.minecraft.item.ItemBlock,牛奶
EnderIOAddons:blockDrain,1383,true,EnderIOAddons,loenwind.enderioaddons.machine.drain.BlockItemDrain,充能排液器
EnderIOAddons:blockDummy,1384,true,EnderIOAddons,net.minecraft.item.ItemBlock,tile.blockDummy.name
EnderIOAddons:blockCobbleworks,1385,true,EnderIOAddons,net.minecraft.item.ItemBlock,原石制造工厂
EnderIOAddons:blockWaterworks,1386,true,EnderIOAddons,net.minecraft.item.ItemBlock,水提取工厂
EnderIOAddons:blockIHopper,1387,true,EnderIOAddons,net.minecraft.item.ItemBlock,脉冲漏斗
EnderIOAddons:blockNiard,1388,true,EnderIOAddons,loenwind.enderioaddons.machine.niard.BlockItemNiard,液闸
EnderIOAddons:blockVoidTank,1389,true,EnderIOAddons,loenwind.enderioaddons.machine.voidtank.BlockItemVoidTank,传送门流体箱
EnderIOAddons:blockPMon,1390,true,EnderIOAddons,net.minecraft.item.ItemBlock,图形能量监控器
EnderIOAddons:blockTcom,1391,true,EnderIOAddons,net.minecraft.item.ItemBlock,战利品回收器
EnderIOAddons:blockFlag,1392,true,EnderIOAddons,loenwind.enderioaddons.machine.flag.ItemFlag,磁引旗帜
EnderIOAddons:blockMagCharger,1393,true,EnderIOAddons,net.minecraft.item.ItemBlock,磁化器
EnderIOAddons:blockChassis,1394,true,EnderIOAddons,loenwind.enderioaddons.machine.chassis.ItemChassis,机器底架装饰方块
EnderIOAddons:rlever10,1395,true,EnderIOAddons,net.minecraft.item.ItemBlock,自我重置拉杆(10秒)
EnderIOAddons:rlever30,1396,true,EnderIOAddons,net.minecraft.item.ItemBlock,自我重置拉杆(30秒)
EnderIOAddons:rlever60,1397,true,EnderIOAddons,net.minecraft.item.ItemBlock,自我重置拉杆(1分钟)
EnderIOAddons:rlever300,1398,true,EnderIOAddons,net.minecraft.item.ItemBlock,自我重置拉杆(5分钟)
EnderTech:endertech.enderTankPart,1399,true,EnderTech,io.endertech.multiblock.item.ItemBlockTankPart,末影水槽框架
EnderTech:endertech.multiblockGlass,1400,true,EnderTech,io.endertech.block.ItemBlockBasic,末影水槽视窗
EnderTech:endertech.enderTankController,1401,true,EnderTech,io.endertech.block.ItemBlockBasic,末影水槽控制器
EnderTech:chargePad,1402,true,EnderTech,io.endertech.item.ItemBlockChargePad,创造充能平台
EnderTech:healthPad,1403,true,EnderTech,io.endertech.item.ItemBlockHealthPad,创造恢复平台
EnderZoo:blockConfusingCharge,1404,true,EnderZoo,net.minecraft.item.ItemBlock,混乱炸药
EnderZoo:blockEnderCharge,1405,true,EnderZoo,net.minecraft.item.ItemBlock,末影炸药
EnderZoo:blockConcussionCharge,1406,true,EnderZoo,net.minecraft.item.ItemBlock,震荡炸药
exnihilo:barrel,1407,true,exnihilo,exnihilo.blocks.itemBlocks.ItemBlockBarrel,橡木桶
exnihilo:barrel_stone,1408,true,exnihilo,exnihilo.blocks.itemBlocks.ItemBlockBarrelStone,石桶
exnihilo:crucible,1409,true,exnihilo,exnihilo.blocks.itemBlocks.ItemBlockCrucible,坩埚
exnihilo:crucible_unfired,1410,true,exnihilo,exnihilo.blocks.itemBlocks.ItemBlockCrucibleUnfired,未烧制的坩埚
exnihilo:dust,1411,true,exnihilo,net.minecraft.item.ItemBlock,尘土
exnihilo:infested_leaves,1412,true,exnihilo,exnihilo.blocks.itemBlocks.ItemBlockLeavesInfested,寄生树叶
exnihilo:sifting_table,1413,true,exnihilo,exnihilo.blocks.itemBlocks.ItemBlockSieve,橡木筛子
exnihilo:bee_trap,1414,true,exnihilo,net.minecraft.item.ItemBlock,人造蜂窝
exnihilo:bee_trap_treated,1415,true,exnihilo,net.minecraft.item.ItemBlock,人造芳香蜂窝
exnihilo:exnihilo.gravel_nether,1416,true,exnihilo,net.minecraft.item.ItemBlock,粉碎地狱岩
exnihilo:exnihilo.gravel_ender,1417,true,exnihilo,net.minecraft.item.ItemBlock,粉碎末地石
exnihilo:witchwater,1418,true,exnihilo,net.minecraft.item.ItemBlock,巫水
extracells:certustank,1419,true,extracells,extracells.item.ItemBlockCertusTank,赛特斯石英水槽
extracells:walrus,1420,true,extracells,net.minecraft.item.ItemBlock,海象
extracells:fluidcrafter,1421,true,extracells,net.minecraft.item.ItemBlock,ME流体装配室
extracells:ecbaseblock,1422,true,extracells,extracells.item.ItemBlockECBase,ME流体接口
extracells:hardmedrive,1423,true,extracells,net.minecraft.item.ItemBlock,防爆ME驱动器[WIP]
extracells:vibrantchamberfluid,1424,true,extracells,net.minecraft.item.ItemBlock,流体谐振仓
extracells:craftingstorage,1425,true,extracells,extracells.item.ItemCraftingStorage,256k合成存储器
harvestcraft:cuttingboard,1426,true,harvestcraft,net.minecraft.item.ItemBlock,砧板
harvestcraft:pot,1427,true,harvestcraft,net.minecraft.item.ItemBlock,锅
harvestcraft:beehive,1428,true,harvestcraft,net.minecraft.item.ItemBlock,蜂巢
harvestcraft:apiary,1429,true,harvestcraft,net.minecraft.item.ItemBlock,蜂箱
harvestcraft:presser,1430,true,harvestcraft,net.minecraft.item.ItemBlock,压榨机
harvestcraft:sink,1431,true,harvestcraft,com.pam.harvestcraft.ItemPamSink,提水筒
harvestcraft:market,1432,true,harvestcraft,net.minecraft.item.ItemBlock,集市交易方块
harvestcraft:oven,1433,true,harvestcraft,net.minecraft.item.ItemBlock,烤箱
harvestcraft:ovenon,1434,true,harvestcraft,net.minecraft.item.ItemBlock,烤箱
harvestcraft:churn,1435,true,harvestcraft,net.minecraft.item.ItemBlock,搅拌机
harvestcraft:churnon,1436,true,harvestcraft,net.minecraft.item.ItemBlock,搅拌机
harvestcraft:quern,1437,true,harvestcraft,net.minecraft.item.ItemBlock,石磨
harvestcraft:quernon,1438,true,harvestcraft,net.minecraft.item.ItemBlock,石磨
harvestcraft:fishtrap,1439,true,harvestcraft,net.minecraft.item.ItemBlock,渔栅
harvestcraft:animaltrap,1440,true,harvestcraft,net.minecraft.item.ItemBlock,捕兽笼
harvestcraft:salt,1441,true,harvestcraft,net.minecraft.item.ItemBlock,盐矿
harvestcraft:spamcompressedsaltBlockalt,1442,true,harvestcraft,net.minecraft.item.ItemBlock,压缩盐块
harvestcraft:berrygarden,1443,true,harvestcraft,com.pam.harvestcraft.ItemPamGarden,草莓果园
harvestcraft:desertgarden,1444,true,harvestcraft,com.pam.harvestcraft.ItemPamGarden,沙漠菜园
harvestcraft:grassgarden,1445,true,harvestcraft,com.pam.harvestcraft.ItemPamGarden,草地菜园
harvestcraft:gourdgarden,1446,true,harvestcraft,com.pam.harvestcraft.ItemPamGarden,葫芦菜园
harvestcraft:groundgarden,1447,true,harvestcraft,com.pam.harvestcraft.ItemPamGarden,陆地菜园
harvestcraft:herbgarden,1448,true,harvestcraft,com.pam.harvestcraft.ItemPamGarden,草本菜园
harvestcraft:leafygarden,1449,true,harvestcraft,com.pam.harvestcraft.ItemPamGarden,多叶菜园
harvestcraft:mushroomgarden,1450,true,harvestcraft,com.pam.harvestcraft.ItemPamGarden,蘑菇菜园
harvestcraft:stalkgarden,1451,true,harvestcraft,com.pam.harvestcraft.ItemPamGarden,植茎菜园
harvestcraft:textilegarden,1452,true,harvestcraft,com.pam.harvestcraft.ItemPamGarden,纺织菜园
harvestcraft:tropicalgarden,1453,true,harvestcraft,com.pam.harvestcraft.ItemPamGarden,热带菜园
harvestcraft:watergarden,1454,true,harvestcraft,com.pam.harvestcraft.ItemPamGarden,海域菜园
harvestcraft:pamappleSapling,1455,true,harvestcraft,net.minecraft.item.ItemBlock,苹果树苗
harvestcraft:pamalmondSapling,1456,true,harvestcraft,net.minecraft.item.ItemBlock,扁桃树苗
harvestcraft:pamapricotSapling,1457,true,harvestcraft,net.minecraft.item.ItemBlock,杏树树苗
harvestcraft:pamavocadoSapling,1458,true,harvestcraft,net.minecraft.item.ItemBlock,鳄梨树苗
harvestcraft:pambananaSapling,1459,true,harvestcraft,net.minecraft.item.ItemBlock,香蕉树苗
harvestcraft:pamcashewSapling,1460,true,harvestcraft,net.minecraft.item.ItemBlock,腰果树苗
harvestcraft:pamcherrySapling,1461,true,harvestcraft,net.minecraft.item.ItemBlock,樱桃树苗
harvestcraft:pamchestnutSapling,1462,true,harvestcraft,net.minecraft.item.ItemBlock,板栗树苗
harvestcraft:pamcinnamonSapling,1463,true,harvestcraft,net.minecraft.item.ItemBlock,肉桂树苗
harvestcraft:pamcoconutSapling,1464,true,harvestcraft,net.minecraft.item.ItemBlock,椰子树苗
harvestcraft:pamdateSapling,1465,true,harvestcraft,net.minecraft.item.ItemBlock,枣椰树苗
harvestcraft:pamdragonfruitSapling,1466,true,harvestcraft,net.minecraft.item.ItemBlock,火龙果树苗
harvestcraft:pamdurianSapling,1467,true,harvestcraft,net.minecraft.item.ItemBlock,榴莲树苗
harvestcraft:pamfigSapling,1468,true,harvestcraft,net.minecraft.item.ItemBlock,无花果树苗
harvestcraft:pamgrapefruitSapling,1469,true,harvestcraft,net.minecraft.item.ItemBlock,西柚树苗
harvestcraft:pamlemonSapling,1470,true,harvestcraft,net.minecraft.item.ItemBlock,柠檬树苗
harvestcraft:pamlimeSapling,1471,true,harvestcraft,net.minecraft.item.ItemBlock,酸橙树苗
harvestcraft:pammapleSapling,1472,true,harvestcraft,net.minecraft.item.ItemBlock,枫树树苗
harvestcraft:pammangoSapling,1473,true,harvestcraft,net.minecraft.item.ItemBlock,芒果树苗
harvestcraft:pamnutmegSapling,1474,true,harvestcraft,net.minecraft.item.ItemBlock,肉豆蔻树苗
harvestcraft:pamoliveSapling,1475,true,harvestcraft,net.minecraft.item.ItemBlock,橄榄树苗
harvestcraft:pamorangeSapling,1476,true,harvestcraft,net.minecraft.item.ItemBlock,柑橘树苗
harvestcraft:pampapayaSapling,1477,true,harvestcraft,net.minecraft.item.ItemBlock,木瓜树苗
harvestcraft:pampaperbarkSapling,1478,true,harvestcraft,net.minecraft.item.ItemBlock,白千层树树苗
harvestcraft:pampeachSapling,1479,true,harvestcraft,net.minecraft.item.ItemBlock,桃子树苗
harvestcraft:pampearSapling,1480,true,harvestcraft,net.minecraft.item.ItemBlock,梨树树苗
harvestcraft:pampecanSapling,1481,true,harvestcraft,net.minecraft.item.ItemBlock,山核桃树苗
harvestcraft:pampeppercornSapling,1482,true,harvestcraft,net.minecraft.item.ItemBlock,胡椒树苗
harvestcraft:pampersimmonSapling,1483,true,harvestcraft,net.minecraft.item.ItemBlock,柿子树苗
harvestcraft:pampistachioSapling,1484,true,harvestcraft,net.minecraft.item.ItemBlock,开心果树苗
harvestcraft:pamplumSapling,1485,true,harvestcraft,net.minecraft.item.ItemBlock,李树树苗
harvestcraft:pampomegranateSapling,1486,true,harvestcraft,net.minecraft.item.ItemBlock,石榴树苗
harvestcraft:pamstarfruitSapling,1487,true,harvestcraft,net.minecraft.item.ItemBlock,杨桃树苗
harvestcraft:pamvanillabeanSapling,1488,true,harvestcraft,net.minecraft.item.ItemBlock,香草树苗
harvestcraft:pamwalnutSapling,1489,true,harvestcraft,net.minecraft.item.ItemBlock,核桃树苗
harvestcraft:pamgooseberrySapling,1490,true,harvestcraft,net.minecraft.item.ItemBlock,醋栗树苗
harvestcraft:pamApple,1491,true,harvestcraft,net.minecraft.item.ItemBlock,苹果
harvestcraft:pamAlmond,1492,true,harvestcraft,net.minecraft.item.ItemBlock,扁桃
harvestcraft:pamApricot,1493,true,harvestcraft,net.minecraft.item.ItemBlock,杏子
harvestcraft:pamAvocado,1494,true,harvestcraft,net.minecraft.item.ItemBlock,鳄梨
harvestcraft:pamBanana,1495,true,harvestcraft,net.minecraft.item.ItemBlock,香蕉
harvestcraft:pamCashew,1496,true,harvestcraft,net.minecraft.item.ItemBlock,腰果
harvestcraft:pamCherry,1497,true,harvestcraft,net.minecraft.item.ItemBlock,樱桃
harvestcraft:pamChestnut,1498,true,harvestcraft,net.minecraft.item.ItemBlock,栗子
harvestcraft:pamCinnamon,1499,true,harvestcraft,net.minecraft.item.ItemBlock,肉桂原木
harvestcraft:pamCoconut,1500,true,harvestcraft,net.minecraft.item.ItemBlock,椰子
harvestcraft:pamDate,1501,true,harvestcraft,net.minecraft.item.ItemBlock,枣椰
harvestcraft:pamDragonfruit,1502,true,harvestcraft,net.minecraft.item.ItemBlock,火龙果
harvestcraft:pamDurian,1503,true,harvestcraft,net.minecraft.item.ItemBlock,榴莲
harvestcraft:pamFig,1504,true,harvestcraft,net.minecraft.item.ItemBlock,无花果
harvestcraft:pamGrapefruit,1505,true,harvestcraft,net.minecraft.item.ItemBlock,西柚
harvestcraft:pamLemon,1506,true,harvestcraft,net.minecraft.item.ItemBlock,柠檬
harvestcraft:pamLime,1507,true,harvestcraft,net.minecraft.item.ItemBlock,酸橙
harvestcraft:pamMaple,1508,true,harvestcraft,net.minecraft.item.ItemBlock,枫树原木
harvestcraft:pamMango,1509,true,harvestcraft,net.minecraft.item.ItemBlock,芒果
harvestcraft:pamNutmeg,1510,true,harvestcraft,net.minecraft.item.ItemBlock,肉豆蔻
harvestcraft:pamOlive,1511,true,harvestcraft,net.minecraft.item.ItemBlock,橄榄
harvestcraft:pamOrange,1512,true,harvestcraft,net.minecraft.item.ItemBlock,橙子
harvestcraft:pamPapaya,1513,true,harvestcraft,net.minecraft.item.ItemBlock,木瓜
harvestcraft:pamPaperbark,1514,true,harvestcraft,net.minecraft.item.ItemBlock,白千层木原木
harvestcraft:pamPeach,1515,true,harvestcraft,net.minecraft.item.ItemBlock,桃子
harvestcraft:pamPear,1516,true,harvestcraft,net.minecraft.item.ItemBlock,梨
harvestcraft:pamPecan,1517,true,harvestcraft,net.minecraft.item.ItemBlock,山核桃
harvestcraft:pamPeppercorn,1518,true,harvestcraft,net.minecraft.item.ItemBlock,胡椒
harvestcraft:pamPersimmon,1519,true,harvestcraft,net.minecraft.item.ItemBlock,柿子
harvestcraft:pamPistachio,1520,true,harvestcraft,net.minecraft.item.ItemBlock,开心果
harvestcraft:pamPlum,1521,true,harvestcraft,net.minecraft.item.ItemBlock,李子
harvestcraft:pamPomegranate,1522,true,harvestcraft,net.minecraft.item.ItemBlock,石榴
harvestcraft:pamStarfruit,1523,true,harvestcraft,net.minecraft.item.ItemBlock,杨桃
harvestcraft:pamVanillabean,1524,true,harvestcraft,net.minecraft.item.ItemBlock,香草豆
harvestcraft:pamWalnut,1525,true,harvestcraft,net.minecraft.item.ItemBlock,核桃
harvestcraft:pamGooseberry,1526,true,harvestcraft,net.minecraft.item.ItemBlock,醋栗
harvestcraft:pamblackberryCrop,1527,true,harvestcraft,net.minecraft.item.ItemBlock,黑莓作物
harvestcraft:pamblueberryCrop,1528,true,harvestcraft,net.minecraft.item.ItemBlock,蓝莓作物
harvestcraft:pamcandleberryCrop,1529,true,harvestcraft,net.minecraft.item.ItemBlock,蜡杨梅作物
harvestcraft:pamraspberryCrop,1530,true,harvestcraft,net.minecraft.item.ItemBlock,树莓作物
harvestcraft:pamstrawberryCrop,1531,true,harvestcraft,net.minecraft.item.ItemBlock,草莓作物
harvestcraft:pamcactusfruitCrop,1532,true,harvestcraft,net.minecraft.item.ItemBlock,仙人掌果作物
harvestcraft:pamasparagusCrop,1533,true,harvestcraft,net.minecraft.item.ItemBlock,芦笋作物
harvestcraft:pambarleyCrop,1534,true,harvestcraft,net.minecraft.item.ItemBlock,大麦作物
harvestcraft:pamoatsCrop,1535,true,harvestcraft,net.minecraft.item.ItemBlock,燕麦作物
harvestcraft:pamryeCrop,1536,true,harvestcraft,net.minecraft.item.ItemBlock,黑麦作物
harvestcraft:pamcornCrop,1537,true,harvestcraft,net.minecraft.item.ItemBlock,玉米作物
harvestcraft:pambambooshootCrop,1538,true,harvestcraft,net.minecraft.item.ItemBlock,竹子作物
harvestcraft:pamcantaloupeCrop,1539,true,harvestcraft,net.minecraft.item.ItemBlock,哈密瓜作物
harvestcraft:pamcucumberCrop,1540,true,harvestcraft,net.minecraft.item.ItemBlock,黄瓜作物
harvestcraft:pamwintersquashCrop,1541,true,harvestcraft,net.minecraft.item.ItemBlock,冬南瓜作物
harvestcraft:pamzucchiniCrop,1542,true,harvestcraft,net.minecraft.item.ItemBlock,西葫芦作物
harvestcraft:pambeetCrop,1543,true,harvestcraft,net.minecraft.item.ItemBlock,甜菜作物
harvestcraft:pamonionCrop,1544,true,harvestcraft,net.minecraft.item.ItemBlock,洋葱作物
harvestcraft:pamparsnipCrop,1545,true,harvestcraft,net.minecraft.item.ItemBlock,防风草作物
harvestcraft:pampeanutCrop,1546,true,harvestcraft,net.minecraft.item.ItemBlock,花生作物
harvestcraft:pamradishCrop,1547,true,harvestcraft,net.minecraft.item.ItemBlock,小红萝卜作物
harvestcraft:pamrutabagaCrop,1548,true,harvestcraft,net.minecraft.item.ItemBlock,芜菁甘蓝作物
harvestcraft:pamsweetpotatoCrop,1549,true,harvestcraft,net.minecraft.item.ItemBlock,红薯作物
harvestcraft:pamturnipCrop,1550,true,harvestcraft,net.minecraft.item.ItemBlock,芜菁作物
harvestcraft:pamrhubarbCrop,1551,true,harvestcraft,net.minecraft.item.ItemBlock,大黄作物
harvestcraft:pamceleryCrop,1552,true,harvestcraft,net.minecraft.item.ItemBlock,芹菜作物
harvestcraft:pamgarlicCrop,1553,true,harvestcraft,net.minecraft.item.ItemBlock,大蒜作物
harvestcraft:pamgingerCrop,1554,true,harvestcraft,net.minecraft.item.ItemBlock,生姜作物
harvestcraft:pamspiceleafCrop,1555,true,harvestcraft,net.minecraft.item.ItemBlock,香料叶作物
harvestcraft:pamtealeafCrop,1556,true,harvestcraft,net.minecraft.item.ItemBlock,茶叶作物
harvestcraft:pamcoffeebeanCrop,1557,true,harvestcraft,net.minecraft.item.ItemBlock,咖啡豆作物
harvestcraft:pammustardseedsCrop,1558,true,harvestcraft,net.minecraft.item.ItemBlock,芥菜籽作物
harvestcraft:pambroccoliCrop,1559,true,harvestcraft,net.minecraft.item.ItemBlock,西兰花作物
harvestcraft:pamcauliflowerCrop,1560,true,harvestcraft,net.minecraft.item.ItemBlock,花菜作物
harvestcraft:pamleekCrop,1561,true,harvestcraft,net.minecraft.item.ItemBlock,韭菜作物
harvestcraft:pamlettuceCrop,1562,true,harvestcraft,net.minecraft.item.ItemBlock,生菜作物
harvestcraft:pamscallionCrop,1563,true,harvestcraft,net.minecraft.item.ItemBlock,大葱作物
harvestcraft:pamartichokeCrop,1564,true,harvestcraft,net.minecraft.item.ItemBlock,洋蓟作物
harvestcraft:pambrusselsproutCrop,1565,true,harvestcraft,net.minecraft.item.ItemBlock,芽甘蓝作物
harvestcraft:pamcabbageCrop,1566,true,harvestcraft,net.minecraft.item.ItemBlock,包菜作物
harvestcraft:pamspinachCrop,1567,true,harvestcraft,net.minecraft.item.ItemBlock,菠菜作物
harvestcraft:pamwhitemushroomCrop,1568,true,harvestcraft,net.minecraft.item.ItemBlock,白蘑菇作物
harvestcraft:pambeanCrop,1569,true,harvestcraft,net.minecraft.item.ItemBlock,豆子作物
harvestcraft:pamsoybeanCrop,1570,true,harvestcraft,net.minecraft.item.ItemBlock,黄豆作物
harvestcraft:pambellpepperCrop,1571,true,harvestcraft,net.minecraft.item.ItemBlock,甜椒作物
harvestcraft:pamchilipepperCrop,1572,true,harvestcraft,net.minecraft.item.ItemBlock,辣椒作物
harvestcraft:pameggplantCrop,1573,true,harvestcraft,net.minecraft.item.ItemBlock,茄子作物
harvestcraft:pamokraCrop,1574,true,harvestcraft,net.minecraft.item.ItemBlock,秋葵作物
harvestcraft:pampeasCrop,1575,true,harvestcraft,net.minecraft.item.ItemBlock,豌豆作物
harvestcraft:pamtomatoCrop,1576,true,harvestcraft,net.minecraft.item.ItemBlock,番茄作物
harvestcraft:pamcottonCrop,1577,true,harvestcraft,net.minecraft.item.ItemBlock,棉花作物
harvestcraft:pampineappleCrop,1578,true,harvestcraft,net.minecraft.item.ItemBlock,菠萝作物
harvestcraft:pamgrapeCrop,1579,true,harvestcraft,net.minecraft.item.ItemBlock,葡萄作物
harvestcraft:pamkiwiCrop,1580,true,harvestcraft,net.minecraft.item.ItemBlock,猕猴桃作物
harvestcraft:pamcranberryCrop,1581,true,harvestcraft,net.minecraft.item.ItemBlock,蔓越莓作物
harvestcraft:pamriceCrop,1582,true,harvestcraft,net.minecraft.item.ItemBlock,水稻作物
harvestcraft:pamseaweedCrop,1583,true,harvestcraft,net.minecraft.item.ItemBlock,海带作物
harvestcraft:pamcurryleafCrop,1584,true,harvestcraft,net.minecraft.item.ItemBlock,咖喱叶作物
harvestcraft:pamsesameseedsCrop,1585,true,harvestcraft,net.minecraft.item.ItemBlock,芝麻作物
harvestcraft:pamwaterchestnutCrop,1586,true,harvestcraft,net.minecraft.item.ItemBlock,荸荠作物
harvestcraft:pamcandleDeco1,1587,true,harvestcraft,net.minecraft.item.ItemBlock,白色蜡烛
harvestcraft:pamcandleDeco2,1588,true,harvestcraft,net.minecraft.item.ItemBlock,橙色蜡烛
harvestcraft:pamcandleDeco3,1589,true,harvestcraft,net.minecraft.item.ItemBlock,品红色蜡烛
harvestcraft:pamcandleDeco4,1590,true,harvestcraft,net.minecraft.item.ItemBlock,淡蓝色蜡烛
harvestcraft:pamcandleDeco5,1591,true,harvestcraft,net.minecraft.item.ItemBlock,黄色蜡烛
harvestcraft:pamcandleDeco6,1592,true,harvestcraft,net.minecraft.item.ItemBlock,黄绿色蜡烛
harvestcraft:pamcandleDeco7,1593,true,harvestcraft,net.minecraft.item.ItemBlock,粉色蜡烛
harvestcraft:pamcandleDeco8,1594,true,harvestcraft,net.minecraft.item.ItemBlock,深灰色蜡烛
harvestcraft:pamcandleDeco9,1595,true,harvestcraft,net.minecraft.item.ItemBlock,淡灰色蜡烛
harvestcraft:pamcandleDeco10,1596,true,harvestcraft,net.minecraft.item.ItemBlock,青色蜡烛
harvestcraft:pamcandleDeco11,1597,true,harvestcraft,net.minecraft.item.ItemBlock,紫色蜡烛
harvestcraft:pamcandleDeco12,1598,true,harvestcraft,net.minecraft.item.ItemBlock,蓝色蜡烛
harvestcraft:pamcandleDeco13,1599,true,harvestcraft,net.minecraft.item.ItemBlock,棕色蜡烛
harvestcraft:pamcandleDeco14,1600,true,harvestcraft,net.minecraft.item.ItemBlock,绿色蜡烛
harvestcraft:pamcandleDeco15,1601,true,harvestcraft,net.minecraft.item.ItemBlock,红色蜡烛
harvestcraft:pamcandleDeco16,1602,true,harvestcraft,net.minecraft.item.ItemBlock,黑色蜡烛
harvestcraft:pamcarrotCake,1603,true,harvestcraft,net.minecraft.item.ItemBlock,胡萝卜蛋糕
harvestcraft:pamcheeseCake,1604,true,harvestcraft,net.minecraft.item.ItemBlock,芝士蛋糕
harvestcraft:pamcherrycheeseCake,1605,true,harvestcraft,net.minecraft.item.ItemBlock,樱桃芝士蛋糕
harvestcraft:pampineappleupsidedownCake,1606,true,harvestcraft,net.minecraft.item.ItemBlock,菠萝蛋糕
harvestcraft:pamchocolatesprinkleCake,1607,true,harvestcraft,net.minecraft.item.ItemBlock,巧克力蛋糕
harvestcraft:pamredvelvetCake,1608,true,harvestcraft,net.minecraft.item.ItemBlock,红丝绒蛋糕
harvestcraft:pamlamingtonCake,1609,true,harvestcraft,net.minecraft.item.ItemBlock,拉明顿蛋糕
harvestcraft:pampavlovaCake,1610,true,harvestcraft,net.minecraft.item.ItemBlock,巴甫洛娃蛋糕
harvestcraft:pamholidayCake,1611,true,harvestcraft,net.minecraft.item.ItemBlock,节日蛋糕
harvestcraft:pampumpkincheeseCake,1612,true,harvestcraft,net.minecraft.item.ItemBlock,南瓜芝士蛋糕
ExtraTiC:moltenPokefennium,1613,true,ExtraTiC,net.minecraft.item.ItemBlock,熔融铁血.name
ExtraTiC:moltenFairy,1614,true,ExtraTiC,net.minecraft.item.ItemBlock,熔融精灵.name
ExtraTiC:moltenRedAurum,1615,true,ExtraTiC,net.minecraft.item.ItemBlock,熔融赤金.name
ExtraTiC:moltenDarkSteel,1616,true,ExtraTiC,net.minecraft.item.ItemBlock,熔融玄钢.name
ExtraTiC:moltenZinc,1617,true,ExtraTiC,net.minecraft.item.ItemBlock,熔融盐.name
ExtraTiC:moltenBrass,1618,true,ExtraTiC,net.minecraft.item.ItemBlock,熔融黄铜.name
ExtraTiC:moltenAdamantine.,1619,true,ExtraTiC,net.minecraft.item.ItemBlock,熔融金刚.name
ExtraTiC:moltenConductiveIron,1620,true,ExtraTiC,net.minecraft.item.ItemBlock,熔融导电铁.name
ExtraTiC:moltenElectricalSteel,1621,true,ExtraTiC,net.minecraft.item.ItemBlock,熔融磁钢.name
ExtraTiC:moltenEnergeticAlloy,1622,true,ExtraTiC,net.minecraft.item.ItemBlock,熔融充能合金.name
ExtraTiC:moltenPhasedGold,1623,true,ExtraTiC,net.minecraft.item.ItemBlock,熔融脉冲合金.name
ExtraTiC:moltenPhasedIron,1624,true,ExtraTiC,net.minecraft.item.ItemBlock,熔融焊锡.name
ExtraTiC:moltenRedstoneAlloy,1625,true,ExtraTiC,net.minecraft.item.ItemBlock,熔融红石合金.name
ExtraTiC:liquidSilicon,1626,true,ExtraTiC,net.minecraft.item.ItemBlock,Liquid Silicon
ExtraTiC:moltenSoularium,1627,true,ExtraTiC,net.minecraft.item.ItemBlock,熔融钛.name
ExtraTiC:moltenManasteel,1628,true,ExtraTiC,net.minecraft.item.ItemBlock,熔融魔钢.name
ExtraTiC:moltenTerrasteel,1629,true,ExtraTiC,net.minecraft.item.ItemBlock,液氯.name
ExtraTiC:moltenElementium,1630,true,ExtraTiC,net.minecraft.item.ItemBlock,熔融源质钢.name
ExtraTiC:moltenblutonium,1631,true,ExtraTiC,net.minecraft.item.ItemBlock,熔融蓝钚.name
ExtraTiC:moltenLudicrite,1632,true,ExtraTiC,net.minecraft.item.ItemBlock,熔融纯镥.name
ExtraTiC:moltenBedrockium,1633,true,ExtraTiC,net.minecraft.item.ItemBlock,熔融基岩.name
ExtraTiC:blockFunStuff,1634,true,ExtraTiC,glassmaker.extratic.metals.ItemSoildMetalBlock,精灵方块
ForgeRelocation:relocation.blockmovingrow,1635,true,ForgeRelocation,mrtjp.core.block.ItemBlockCore,tile.relocation.blockmovingrow|0.name
MCFrames:mcframes.motor,1636,true,MCFrames,mrtjp.core.block.ItemBlockCore,Debug框架电机
MCFrames:mcframes.frame,1637,true,MCFrames,mrtjp.mcframes.ItemBlockFrame,框架
HardcoreQuesting:item_barrel,1638,true,HardcoreQuesting,net.minecraft.item.ItemBlock,异次元矿物提交系统
HardcoreQuesting:quest_tracker,1639,true,HardcoreQuesting,net.minecraft.item.ItemBlock,任务追踪系统
HardcoreQuesting:quest_portal,1640,true,HardcoreQuesting,hardcorequesting.items.ItemBlockPortal,任务门系统
IronChest:BlockIronChest,1641,true,IronChest,cpw.mods.ironchest.ItemIronChest,铁箱子
JABBA:barrel,1642,true,JABBA,net.minecraft.item.ItemBlock,更好的桶
jaffa:kaleCrop,1643,true,jaffa,net.minecraft.item.ItemBlock,羽衣甘蓝作物
jaffa:CreamTile,1644,true,jaffa,net.minecraft.item.ItemBlock,奶油块
jaffa:blockFluidMustard,1645,true,jaffa,net.minecraft.item.ItemBlock,tile.fluidMustardBlock.name
jaffa:blockFluidCream,1646,true,jaffa,net.minecraft.item.ItemBlock,tile.fluidCreamBlock.name
jaffa:blockFluidOil,1647,true,jaffa,net.minecraft.item.ItemBlock,tile.fluidOilBlock.name
jaffa:blockFluidStock,1648,true,jaffa,net.minecraft.item.ItemBlock,tile.fluidStockBlock.name
jaffa:blockFluidVinegar,1649,true,jaffa,net.minecraft.item.ItemBlock,tile.fluidVinegarBlock.name
jaffa:blockFluidIceCream,1650,true,jaffa,net.minecraft.item.ItemBlock,tile.fluidIceCreamBlock.name
neenergistics:tile.pattern_interface,1651,true,neenergistics,appeng.block.AEBaseItemBlock,样板接口
OpenBlocks:ladder,1652,true,OpenBlocks,openmods.item.ItemOpenBlock,梯子活板门
OpenBlocks:guide,1653,true,OpenBlocks,openblocks.common.item.ItemGuide,建筑指导仪
OpenBlocks:builder_guide,1654,true,OpenBlocks,openblocks.common.item.ItemGuide,强化建筑指导仪
OpenBlocks:elevator,1655,true,OpenBlocks,openblocks.common.item.ItemElevator,电梯
OpenBlocks:elevator_rotating,1656,true,OpenBlocks,openblocks.common.item.ItemElevator,旋转电梯
OpenBlocks:heal,1657,true,OpenBlocks,openmods.item.ItemOpenBlock,治愈方块
OpenBlocks:target,1658,true,OpenBlocks,openmods.item.ItemOpenBlock,靶子
OpenBlocks:grave,1659,true,OpenBlocks,openmods.item.ItemOpenBlock,墓碑
OpenBlocks:flag,1660,true,OpenBlocks,openblocks.common.item.ItemFlagBlock,旗子
OpenBlocks:tank,1661,true,OpenBlocks,openblocks.common.item.ItemTankBlock,蓄水槽
OpenBlocks:trophy,1662,true,OpenBlocks,openblocks.common.item.ItemTrophyBlock,纪念雕像
OpenBlocks:beartrap,1663,true,OpenBlocks,openmods.item.ItemOpenBlock,捕兽夹
OpenBlocks:sprinkler,1664,true,OpenBlocks,openmods.item.ItemOpenBlock,洒水器
OpenBlocks:cannon,1665,true,OpenBlocks,openmods.item.ItemOpenBlock,投掷加农炮
OpenBlocks:vacuumhopper,1666,true,OpenBlocks,openmods.item.ItemOpenBlock,虚空漏斗
OpenBlocks:sponge,1667,true,OpenBlocks,openmods.item.ItemOpenBlock,海绵
OpenBlocks:bigbutton,1668,true,OpenBlocks,openmods.item.ItemOpenBlock,大型按钮
OpenBlocks:imaginary,1669,true,OpenBlocks,openblocks.common.item.ItemImaginary,魔法铅笔
OpenBlocks:fan,1670,true,OpenBlocks,openmods.item.ItemOpenBlock,风扇
OpenBlocks:xpbottler,1671,true,OpenBlocks,openmods.item.ItemOpenBlock,经验装瓶器
OpenBlocks:village_highlighter,1672,true,OpenBlocks,openmods.item.ItemOpenBlock,村庄高亮仪
OpenBlocks:path,1673,true,OpenBlocks,openmods.item.ItemOpenBlock,铺路石
OpenBlocks:autoanvil,1674,true,OpenBlocks,openmods.item.ItemOpenBlock,自动铁砧
OpenBlocks:autoenchantmenttable,1675,true,OpenBlocks,openmods.item.ItemOpenBlock,自动附魔台
OpenBlocks:xpdrain,1676,true,OpenBlocks,openmods.item.ItemOpenBlock,经验地漏
OpenBlocks:blockbreaker,1677,true,OpenBlocks,openmods.item.ItemOpenBlock,方块采掘器
OpenBlocks:blockPlacer,1678,true,OpenBlocks,openmods.item.ItemOpenBlock,方块放置器
OpenBlocks:itemDropper,1679,true,OpenBlocks,openmods.item.ItemOpenBlock,物品投掷器
OpenBlocks:ropeladder,1680,true,OpenBlocks,openmods.item.ItemOpenBlock,绳梯
OpenBlocks:donationStation,1681,true,OpenBlocks,openmods.item.ItemOpenBlock,捐助站
OpenBlocks:paintmixer,1682,true,OpenBlocks,openmods.item.ItemOpenBlock,调色器
OpenBlocks:canvas,1683,true,OpenBlocks,openmods.item.ItemOpenBlock,画布
OpenBlocks:paintcan,1684,true,OpenBlocks,openblocks.common.item.ItemPaintCan,颜料罐
OpenBlocks:canvasglass,1685,true,OpenBlocks,openmods.item.ItemOpenBlock,透明画布
OpenBlocks:projector,1686,true,OpenBlocks,openmods.item.ItemOpenBlock,高度图投影仪
OpenBlocks:drawingtable,1687,true,OpenBlocks,openmods.item.ItemOpenBlock,绘图桌
OpenBlocks:sky,1688,true,OpenBlocks,openblocks.common.item.ItemSkyBlock,天空方块
OpenBlocks:xpshower,1689,true,OpenBlocks,openmods.item.ItemOpenBlock,经验莲蓬头
OpenBlocks:goldenegg,1690,true,OpenBlocks,openmods.item.ItemOpenBlock,金蛋
OpenBlocks:scaffolding,1691,true,OpenBlocks,openmods.item.ItemOpenBlock,脚手架
ProjectBlue:rednetAdaptor,1692,true,ProjectBlue,net.minecraft.item.ItemBlock,集束红石网络控制器
RedLogic:redlogic.gates,1693,true,RedLogic,mods.immibis.redlogic.gates.GateItem,AND gate
RedLogic:redlogic.wire,1694,true,RedLogic,mods.immibis.redlogic.wires.WireItem,Red alloy wire
RedLogic:redlogic.lampCubeOn,1695,true,RedLogic,mods.immibis.redlogic.lamps.ItemLampCube,White lamp
RedLogic:redlogic.lampCubeOff,1696,true,RedLogic,mods.immibis.redlogic.lamps.ItemLampCube,White lamp
RedLogic:redlogic.lampCubeDecorative,1697,true,RedLogic,mods.immibis.redlogic.lamps.ItemLampCube,White decorative lamp
RedLogic:redlogic.lampCubeIndicatorOn,1698,true,RedLogic,mods.immibis.redlogic.lamps.ItemLampCube,White indicator lamp
RedLogic:redlogic.lampCubeIndicatorOff,1699,true,RedLogic,mods.immibis.redlogic.lamps.ItemLampCube,White indicator lamp
RedLogic:redlogic.button,1700,true,RedLogic,mods.immibis.redlogic.interaction.ItemLumarButton,White lumar button
RedLogic:redlogic.lampNonCube,1701,true,RedLogic,mods.immibis.redlogic.lamps.ItemLampNonCube,tile.redlogic.lamp.0.n.0.name
RedLogic:redlogic.plainBlock,1702,true,RedLogic,mods.immibis.redlogic.RLNormalBlockItem,Cleanroom Wall
RedLogic:redlogic.machineBlock,1703,true,RedLogic,mods.immibis.redlogic.RLMachineBlockItem,Redstone Digitizer
RedLogic:redlogic.customCircuitBlock,1704,true,RedLogic,mods.immibis.redlogic.chips.ingame.ItemCustomCircuit,Integrated Circuit
RedLogic:redlogic.arrayCells,1705,true,RedLogic,mods.immibis.redlogic.array.ArrayCellItem,Null Cell
RedstoneArsenal:Storage,1706,true,RedstoneArsenal,cofh.redstonearsenal.block.ItemBlockStorage,红石琥珀金块
SimpleLabels:label,1707,true,SimpleLabels,com.insane.simplelabels.block.itemblock.ItemBlockLabel,异次元存储面板
StevesCarts:BlockCargoManager,1708,true,StevesCarts,net.minecraft.item.ItemBlock,货物管理器
StevesCarts:BlockJunction,1709,true,StevesCarts,net.minecraft.item.ItemBlock,交接轨道
StevesCarts:BlockAdvDetector,1710,true,StevesCarts,net.minecraft.item.ItemBlock,高级探测轨道
StevesCarts:BlockCartAssembler,1711,true,StevesCarts,net.minecraft.item.ItemBlock,矿车装配机
StevesCarts:BlockActivator,1712,true,StevesCarts,net.minecraft.item.ItemBlock,模块切换器
StevesCarts:BlockDistributor,1713,true,StevesCarts,net.minecraft.item.ItemBlock,外部分配器
StevesCarts:BlockDetector,1714,true,StevesCarts,vswe.stevescarts.Items.ItemBlockDetector,探测管理器
StevesCarts:upgrade,1715,true,StevesCarts,vswe.stevescarts.Items.ItemUpgrade,升级：电池
StevesCarts:BlockLiquidManager,1716,true,StevesCarts,net.minecraft.item.ItemBlock,流体管理器
StevesCarts:BlockMetalStorage,1717,true,StevesCarts,vswe.stevescarts.Items.ItemBlockStorage,强化金属块
StorageDrawers:fullDrawers1,1718,true,StorageDrawers,com.jaquadro.minecraft.storagedrawers.item.ItemBasicDrawers,橡木抽屉
StorageDrawers:fullDrawers2,1719,true,StorageDrawers,com.jaquadro.minecraft.storagedrawers.item.ItemBasicDrawers,橡木抽屉（1x2）
StorageDrawers:fullDrawers4,1720,true,StorageDrawers,com.jaquadro.minecraft.storagedrawers.item.ItemBasicDrawers,橡木抽屉（2x2）
StorageDrawers:halfDrawers2,1721,true,StorageDrawers,com.jaquadro.minecraft.storagedrawers.item.ItemBasicDrawers,小型橡木抽屉（1x2）
StorageDrawers:halfDrawers4,1722,true,StorageDrawers,com.jaquadro.minecraft.storagedrawers.item.ItemBasicDrawers,小型橡木抽屉（2x2）
StorageDrawers:compDrawers,1723,true,StorageDrawers,com.jaquadro.minecraft.storagedrawers.item.ItemCompDrawers,压缩抽屉
StorageDrawers:controller,1724,true,StorageDrawers,com.jaquadro.minecraft.storagedrawers.item.ItemController,抽屉管理器
StorageDrawers:controllerSlave,1725,true,StorageDrawers,net.minecraft.item.ItemBlock,控制器传动方块
StorageDrawers:trim,1726,true,StorageDrawers,com.jaquadro.minecraft.storagedrawers.item.ItemTrim,橡木桥接方块
StorageDrawers:framingTable,1727,true,StorageDrawers,com.jaquadro.minecraft.storagedrawers.item.ItemFramingTable,镶框台
StorageDrawers:fullCustom1,1728,true,StorageDrawers,com.jaquadro.minecraft.storagedrawers.item.ItemCustomDrawers,镶框抽屉
StorageDrawers:fullCustom2,1729,true,StorageDrawers,com.jaquadro.minecraft.storagedrawers.item.ItemCustomDrawers,镶框抽屉（1x2）
StorageDrawers:fullCustom4,1730,true,StorageDrawers,com.jaquadro.minecraft.storagedrawers.item.ItemCustomDrawers,镶框抽屉（2x2）
StorageDrawers:halfCustom2,1731,true,StorageDrawers,com.jaquadro.minecraft.storagedrawers.item.ItemCustomDrawers,镶框抽屉（1x2）
StorageDrawers:halfCustom4,1732,true,StorageDrawers,com.jaquadro.minecraft.storagedrawers.item.ItemCustomDrawers,镶框抽屉（2x2）
StorageDrawers:trimCustom,1733,true,StorageDrawers,com.jaquadro.minecraft.storagedrawers.item.ItemCustomTrim,镶框桥接方块
ThermalDynamics:ThermalDynamics_0,1734,true,ThermalDynamics,cofh.thermaldynamics.duct.ItemBlockDuct,铅石能量管道
ThermalDynamics:ThermalDynamics_16,1735,true,ThermalDynamics,cofh.thermaldynamics.duct.ItemBlockDuct,约束流体管道
ThermalDynamics:ThermalDynamics_32,1736,true,ThermalDynamics,cofh.thermaldynamics.duct.ItemBlockDuct,基础物品管道
ThermalDynamics:ThermalDynamics_48,1737,true,ThermalDynamics,cofh.thermaldynamics.duct.ItemBlockDuct,结构管道 (不透明)
ThermalDynamics:ThermalDynamics_64,1738,true,ThermalDynamics,cofh.thermaldynamics.duct.ItemBlockDuct,旅行管道
TiConAutoToolStation:ats_autotoolstation,1739,true,TiConAutoToolStation,net.minecraft.item.ItemBlock,自动工具台
treeGrowingSimulator:clocktwerkEngine,1740,true,treeGrowingSimulator,net.minecraft.item.ItemBlock,Clocktwerk Engine
IguanaTweaksTConstruct:skullBlock,1741,true,IguanaTweaksTConstruct,net.minecraft.item.ItemBlock,tile.iguana.tcon.skull.name
ThermalExpansion:Machine,1742,true,ThermalExpansion,cofh.thermalexpansion.block.machine.ItemBlockMachine,红石炉 (基础)
ThermalExpansion:Device,1743,true,ThermalExpansion,cofh.thermalexpansion.block.device.ItemBlockDevice,Machinist's Workbench
ThermalExpansion:Dynamo,1744,true,ThermalExpansion,cofh.thermalexpansion.block.dynamo.ItemBlockDynamo,蒸汽能源炉
ThermalExpansion:Cell,1745,true,ThermalExpansion,cofh.thermalexpansion.block.cell.ItemBlockCell,创造能量单元
ThermalExpansion:Tank,1746,true,ThermalExpansion,cofh.thermalexpansion.block.tank.ItemBlockTank,创造便携储罐
ThermalExpansion:Strongbox,1747,true,ThermalExpansion,cofh.thermalexpansion.block.strongbox.ItemBlockStrongbox,创造保险箱
ThermalExpansion:Cache,1748,true,ThermalExpansion,cofh.thermalexpansion.block.cache.ItemBlockCache,创造储物箱
ThermalExpansion:Workbench,1749,true,ThermalExpansion,cofh.thermalexpansion.block.workbench.ItemBlockWorkbench,创造机械师工作台
ThermalExpansion:Tesseract,1750,true,ThermalExpansion,cofh.thermalexpansion.block.ender.ItemBlockEnder,超立方体
ThermalExpansion:Plate,1751,true,ThermalExpansion,cofh.thermalexpansion.block.plate.ItemBlockPlate,感应板框架
ThermalExpansion:Light,1752,true,ThermalExpansion,cofh.thermalexpansion.block.light.ItemBlockLight,荧石光源
ThermalExpansion:Frame,1753,true,ThermalExpansion,cofh.thermalexpansion.block.simple.ItemBlockFrame,机器框架(基础)
ThermalExpansion:Glass,1754,true,ThermalExpansion,cofh.thermalexpansion.block.simple.ItemBlockGlass,强化玻璃
ThermalExpansion:Rockwool,1755,true,ThermalExpansion,cofh.thermalexpansion.block.simple.ItemBlockRockwool,白色石棉
ThermalExpansion:Sponge,1756,true,ThermalExpansion,cofh.thermalexpansion.block.sponge.ItemBlockSponge,干燥 创造海绵
cookingforblockheads:cookingtable,1761,true,cookingforblockheads,net.blay09.mods.cookingforblockheads.item.ItemBlockGenericKitchen,烹饪桌
cookingforblockheads:cookingoven,1762,true,cookingforblockheads,net.blay09.mods.cookingforblockheads.item.ItemBlockGenericKitchen,烤箱
cookingforblockheads:counter,1763,true,cookingforblockheads,net.blay09.mods.cookingforblockheads.item.ItemBlockGenericKitchen,厨柜
cookingforblockheads:countercorner,1764,true,cookingforblockheads,net.blay09.mods.cookingforblockheads.item.ItemBlockGenericKitchen,厨柜转角
cookingforblockheads:cabinet,1765,true,cookingforblockheads,net.blay09.mods.cookingforblockheads.item.ItemBlockGenericKitchen,储藏柜
cookingforblockheads:cabinetcorner,1766,true,cookingforblockheads,net.blay09.mods.cookingforblockheads.item.ItemBlockGenericKitchen,储藏柜转角
cookingforblockheads:fridge,1767,true,cookingforblockheads,net.blay09.mods.cookingforblockheads.item.ItemBlockFridge,冰箱
cookingforblockheads:white_kitchen_floor,1768,true,cookingforblockheads,net.blay09.mods.cookingforblockheads.item.ItemBlockGenericKitchen,白色厨房地板
cookingforblockheads:orange_kitchen_floor,1769,true,cookingforblockheads,net.blay09.mods.cookingforblockheads.item.ItemBlockGenericKitchen,橙色厨房地板
cookingforblockheads:magenta_kitchen_floor,1770,true,cookingforblockheads,net.blay09.mods.cookingforblockheads.item.ItemBlockGenericKitchen,品红厨房地板
cookingforblockheads:light_blue_kitchen_floor,1771,true,cookingforblockheads,net.blay09.mods.cookingforblockheads.item.ItemBlockGenericKitchen,淡蓝厨房地板
cookingforblockheads:yellow_kitchen_floor,1772,true,cookingforblockheads,net.blay09.mods.cookingforblockheads.item.ItemBlockGenericKitchen,黄色厨房地板
cookingforblockheads:lime_kitchen_floor,1773,true,cookingforblockheads,net.blay09.mods.cookingforblockheads.item.ItemBlockGenericKitchen,黄绿厨房地板
cookingforblockheads:pink_kitchen_floor,1774,true,cookingforblockheads,net.blay09.mods.cookingforblockheads.item.ItemBlockGenericKitchen,粉色厨房地板
cookingforblockheads:gray_kitchen_floor,1775,true,cookingforblockheads,net.blay09.mods.cookingforblockheads.item.ItemBlockGenericKitchen,灰色厨房地板
cookingforblockheads:light_gray_kitchen_floor,1776,true,cookingforblockheads,net.blay09.mods.cookingforblockheads.item.ItemBlockGenericKitchen,淡灰厨房地板
cookingforblockheads:cyan_kitchen_floor,1777,true,cookingforblockheads,net.blay09.mods.cookingforblockheads.item.ItemBlockGenericKitchen,青色厨房地板
cookingforblockheads:purple_kitchen_floor,1778,true,cookingforblockheads,net.blay09.mods.cookingforblockheads.item.ItemBlockGenericKitchen,紫色厨房地板
cookingforblockheads:blue_kitchen_floor,1779,true,cookingforblockheads,net.blay09.mods.cookingforblockheads.item.ItemBlockGenericKitchen,蓝色厨房地板
cookingforblockheads:brown_kitchen_floor,1780,true,cookingforblockheads,net.blay09.mods.cookingforblockheads.item.ItemBlockGenericKitchen,棕色厨房地板
cookingforblockheads:green_kitchen_floor,1781,true,cookingforblockheads,net.blay09.mods.cookingforblockheads.item.ItemBlockGenericKitchen,绿色厨房地板
cookingforblockheads:red_kitchen_floor,1782,true,cookingforblockheads,net.blay09.mods.cookingforblockheads.item.ItemBlockGenericKitchen,红色厨房地板
cookingforblockheads:black_kitchen_floor,1783,true,cookingforblockheads,net.blay09.mods.cookingforblockheads.item.ItemBlockGenericKitchen,黑色厨房地板
cookingforblockheads:sink,1784,true,cookingforblockheads,net.blay09.mods.cookingforblockheads.item.ItemBlockGenericKitchen,水槽
cookingforblockheads:toolrack,1785,true,cookingforblockheads,net.blay09.mods.cookingforblockheads.item.ItemBlockGenericKitchen,厨具架
cookingforblockheads:toaster,1786,true,cookingforblockheads,net.blay09.mods.cookingforblockheads.item.ItemBlockGenericKitchen,吐司机
EnderStorage:enderChest,1787,true,EnderStorage,codechicken.enderstorage.common.ItemEnderStorage,高级末影箱子
magicalcrops:MinicioOre,1788,true,magicalcrops,net.minecraft.item.ItemBlock,精华矿石
magicalcrops:MinicioOreNether,1789,true,magicalcrops,net.minecraft.item.ItemBlock,下届精华矿石
magicalcrops:MinicioOreEnd,1790,true,magicalcrops,net.minecraft.item.ItemBlock,末地精华矿石
magicalcrops:AirCrop,1791,true,magicalcrops,net.minecraft.item.ItemBlock,风之作物
magicalcrops:CoalCrop,1792,true,magicalcrops,net.minecraft.item.ItemBlock,煤炭作物
magicalcrops:DyeCrop,1793,true,magicalcrops,net.minecraft.item.ItemBlock,染料作物
magicalcrops:EarthCrop,1794,true,magicalcrops,net.minecraft.item.ItemBlock,地之作物
magicalcrops:FireCrop,1795,true,magicalcrops,net.minecraft.item.ItemBlock,火之作物
magicalcrops:MinicioCrop,1796,true,magicalcrops,net.minecraft.item.ItemBlock,精华作物
magicalcrops:NatureCrop,1797,true,magicalcrops,net.minecraft.item.ItemBlock,自然作物
magicalcrops:WaterCrop,1798,true,magicalcrops,net.minecraft.item.ItemBlock,水之作物
magicalcrops:RedstoneCrop,1799,true,magicalcrops,net.minecraft.item.ItemBlock,红石作物
magicalcrops:GlowstoneCrop,1800,true,magicalcrops,net.minecraft.item.ItemBlock,萤石作物
magicalcrops:ObsidianCrop,1801,true,magicalcrops,net.minecraft.item.ItemBlock,黑曜石作物
magicalcrops:NetherCrop,1802,true,magicalcrops,net.minecraft.item.ItemBlock,下届作物
magicalcrops:IronCrop,1803,true,magicalcrops,net.minecraft.item.ItemBlock,铁作物
magicalcrops:GoldCrop,1804,true,magicalcrops,net.minecraft.item.ItemBlock,金作物
magicalcrops:LapisCrop,1805,true,magicalcrops,net.minecraft.item.ItemBlock,青金石作物
magicalcrops:ExperienceCrop,1806,true,magicalcrops,net.minecraft.item.ItemBlock,经验作物
magicalcrops:QuartzCrop,1807,true,magicalcrops,net.minecraft.item.ItemBlock,下届石英作物
magicalcrops:DiamondCrop,1808,true,magicalcrops,net.minecraft.item.ItemBlock,钻石作物
magicalcrops:EmeraldCrop,1809,true,magicalcrops,net.minecraft.item.ItemBlock,翡翠作物
magicalcrops:BlazeCrop,1810,true,magicalcrops,net.minecraft.item.ItemBlock,火焰作物
magicalcrops:CreeperCrop,1811,true,magicalcrops,net.minecraft.item.ItemBlock,苦力怕作物
magicalcrops:EndermanCrop,1812,true,magicalcrops,net.minecraft.item.ItemBlock,末影人作物
magicalcrops:GhastCrop,1813,true,magicalcrops,net.minecraft.item.ItemBlock,恶魂作物
magicalcrops:SkeletonCrop,1814,true,magicalcrops,net.minecraft.item.ItemBlock,骷髅作物
magicalcrops:SlimeCrop,1815,true,magicalcrops,net.minecraft.item.ItemBlock,史莱姆作物
magicalcrops:SpiderCrop,1816,true,magicalcrops,net.minecraft.item.ItemBlock,蜘蛛作物
magicalcrops:WitherCrop,1817,true,magicalcrops,net.minecraft.item.ItemBlock,凋零骷髅作物
magicalcrops:ChickenCrop,1818,true,magicalcrops,net.minecraft.item.ItemBlock,鸡作物
magicalcrops:CowCrop,1819,true,magicalcrops,net.minecraft.item.ItemBlock,牛作物
magicalcrops:PigCrop,1820,true,magicalcrops,net.minecraft.item.ItemBlock,猪作物
magicalcrops:SheepCrop,1821,true,magicalcrops,net.minecraft.item.ItemBlock,羊作物
magicalcrops:CropBooster,1822,true,magicalcrops,net.minecraft.item.ItemBlock,生长脉冲发射器
magicalcrops:CropBooster2,1823,true,magicalcrops,net.minecraft.item.ItemBlock,tile.CropBooster2.name
magicalcrops:CropBooster3,1824,true,magicalcrops,net.minecraft.item.ItemBlock,tile.CropBooster3.name
magicalcrops:WitherProof,1825,true,magicalcrops,net.minecraft.item.ItemBlock,不退化石块
magicalcrops:WitherProofGlass,1826,true,magicalcrops,net.minecraft.item.ItemBlock,不退化玻璃
magicalcrops:AccioFurnace,1827,true,magicalcrops,net.minecraft.item.ItemBlock,初级精华炉
magicalcrops:AccioFurnaceActive,1828,true,magicalcrops,net.minecraft.item.ItemBlock,激活初级精华炉
magicalcrops:CrucioFurnace,1829,true,magicalcrops,net.minecraft.item.ItemBlock,中级精华炉
magicalcrops:CrucioFurnaceActive,1830,true,magicalcrops,net.minecraft.item.ItemBlock,激活中级精华炉
magicalcrops:ImperioFurnace,1831,true,magicalcrops,net.minecraft.item.ItemBlock,高级精华炉
magicalcrops:ImperioFurnaceActive,1832,true,magicalcrops,net.minecraft.item.ItemBlock,激活高级精华炉
magicalcrops:ZivicioFurnace,1833,true,magicalcrops,net.minecraft.item.ItemBlock,终级精华炉
magicalcrops:ZivicioFurnaceActive,1834,true,magicalcrops,net.minecraft.item.ItemBlock,激活终级精华炉
magicalcrops:UltimateFurnace,1835,true,magicalcrops,net.minecraft.item.ItemBlock,极限精华炉
magicalcrops:UltimateFurnaceActive,1836,true,magicalcrops,net.minecraft.item.ItemBlock,激活极限精华炉
magicalcrops:essence_storage,1837,true,magicalcrops,com.mark719.magicalcrops.itemblock.ItemBlockEssenceStorage,精华块
magicalcrops:AluminiumCrop,1838,true,magicalcrops,net.minecraft.item.ItemBlock,铝作物
magicalcrops:ArditeCrop,1839,true,magicalcrops,net.minecraft.item.ItemBlock,阿迪特作物
magicalcrops:CobaltCrop,1840,true,magicalcrops,net.minecraft.item.ItemBlock,钴作物
magicalcrops:CopperCrop,1841,true,magicalcrops,net.minecraft.item.ItemBlock,铜作物
magicalcrops:CertusQuartzCrop,1842,true,magicalcrops,net.minecraft.item.ItemBlock,赛特斯石英作物
magicalcrops:LeadCrop,1843,true,magicalcrops,net.minecraft.item.ItemBlock,铅作物
magicalcrops:NickelCrop,1844,true,magicalcrops,net.minecraft.item.ItemBlock,镍作物
magicalcrops:PlatinumCrop,1845,true,magicalcrops,net.minecraft.item.ItemBlock,铂作物
magicalcrops:RubberCrop,1846,true,magicalcrops,net.minecraft.item.ItemBlock,橡胶作物
magicalcrops:SilverCrop,1847,true,magicalcrops,net.minecraft.item.ItemBlock,银作物
magicalcrops:TinCrop,1848,true,magicalcrops,net.minecraft.item.ItemBlock,锡作物
magicalcrops:SulfurCrop,1849,true,magicalcrops,net.minecraft.item.ItemBlock,硫作物
magicalcrops:YelloriteCrop,1850,true,magicalcrops,net.minecraft.item.ItemBlock,Yellorite作物
magicalcrops:AlumiteCrop,1851,true,magicalcrops,net.minecraft.item.ItemBlock,耐酸铝作物
magicalcrops:BlizzCrop,1852,true,magicalcrops,net.minecraft.item.ItemBlock,暴雪作物
magicalcrops:BronzeCrop,1853,true,magicalcrops,net.minecraft.item.ItemBlock,青铜作物
magicalcrops:ElectrumCrop,1854,true,magicalcrops,net.minecraft.item.ItemBlock,琥珀金作物
magicalcrops:EnderiumCrop,1855,true,magicalcrops,net.minecraft.item.ItemBlock,末影锭作物
magicalcrops:FluixCrop,1856,true,magicalcrops,net.minecraft.item.ItemBlock,福鲁伊克斯作物
magicalcrops:InvarCrop,1857,true,magicalcrops,net.minecraft.item.ItemBlock,因瓦合金作物
magicalcrops:LumiumCrop,1858,true,magicalcrops,net.minecraft.item.ItemBlock,流明锭作物
magicalcrops:ManasteelCrop,1859,true,magicalcrops,net.minecraft.item.ItemBlock,Manasteel作物
magicalcrops:ManyullynCrop,1860,true,magicalcrops,net.minecraft.item.ItemBlock,玛灵玉作物
magicalcrops:SaltpeterCrop,1861,true,magicalcrops,net.minecraft.item.ItemBlock,硝石作物
magicalcrops:SignalumCrop,1862,true,magicalcrops,net.minecraft.item.ItemBlock,信素锭作物
magicalcrops:SteelCrop,1863,true,magicalcrops,net.minecraft.item.ItemBlock,钢作物
magicalcrops:TerrasteelCrop,1864,true,magicalcrops,net.minecraft.item.ItemBlock,Terrasteel作物
magicalcrops:ElectricalSteelCrop,1865,true,magicalcrops,net.minecraft.item.ItemBlock,磁钢作物
magicalcrops:EnergeticAlloyCrop,1866,true,magicalcrops,net.minecraft.item.ItemBlock,充能合金作物
magicalcrops:RedstoneAlloyCrop,1867,true,magicalcrops,net.minecraft.item.ItemBlock,红石合金作物
magicalcrops:ConductiveIronCrop,1868,true,magicalcrops,net.minecraft.item.ItemBlock,导电铁作物
magicalcrops:DarkSteelCrop,1869,true,magicalcrops,net.minecraft.item.ItemBlock,玄钢作物
magicalcrops:SoulariumCrop,1870,true,magicalcrops,net.minecraft.item.ItemBlock,魂金作物
magicalcrops:DraconiumCrop,1871,true,magicalcrops,net.minecraft.item.ItemBlock,龙作物
ProjRed|Exploration:projectred.exploration.ore,1872,true,ProjRed|Exploration,mrtjp.core.block.ItemBlockCore,红宝石矿石
ProjRed|Exploration:projectred.exploration.stone,1873,true,ProjRed|Exploration,mrtjp.core.block.ItemBlockCore,大理石
ProjRed|Exploration:projectred.exploration.stonewalls,1874,true,ProjRed|Exploration,mrtjp.core.block.ItemBlockCore,大理石墙壁
ProjRed|Exploration:projectred.exploration.lily,1875,true,ProjRed|Exploration,mrtjp.core.block.ItemBlockCore,百合花
ProjRed|Exploration:projectred.exploration.barrel,1876,true,ProjRed|Exploration,mrtjp.core.block.ItemBlockCore,物品储存桶
ProjRed|Compatibility:projectred.compatibility.liqredstone,1877,true,ProjRed|Compatibility,net.minecraft.item.ItemBlock,熔融红石
ProjRed|Compatibility:projectred.compatibility.liqcondredmetal,1878,true,ProjRed|Compatibility,net.minecraft.item.ItemBlock,熔融红石合金
ProjRed|Expansion:projectred.expansion.machine1,1879,true,ProjRed|Expansion,mrtjp.core.block.ItemBlockCore,感应炉
ProjRed|Expansion:projectred.expansion.machine2,1880,true,ProjRed|Expansion,mrtjp.core.block.ItemBlockCore,方块破坏机
ProjRed|Fabrication:projectred.integration.icblock,1881,true,ProjRed|Fabrication,mrtjp.core.block.ItemBlockCore,IC工作台
ProjRed|Illumination:projectred.illumination.lamp,1882,true,ProjRed|Illumination,mrtjp.core.block.ItemBlockCore,白色灯
ProjRed|Illumination:projectred.illumination.airousLight,1883,true,ProjRed|Illumination,mrtjp.core.block.ItemBlockCore,含金灯
Avaritia:infinitato,1884,true,Avaritia,net.minecraft.item.ItemBlock,无尽小土豆
exnihilo:iron_gravel,1885,true,exnihilo,net.minecraft.item.ItemBlock,铁矿砂砾
exnihilo:iron_sand,1886,true,exnihilo,net.minecraft.item.ItemBlock,铁矿沙
exnihilo:iron_dust,1887,true,exnihilo,net.minecraft.item.ItemBlock,铁矿尘土
exnihilo:nether_iron_gravel,1888,true,exnihilo,net.minecraft.item.ItemBlock,铁矿砂砾
exnihilo:gold_gravel,1889,true,exnihilo,net.minecraft.item.ItemBlock,金矿砂砾
exnihilo:gold_sand,1890,true,exnihilo,net.minecraft.item.ItemBlock,金矿沙
exnihilo:gold_dust,1891,true,exnihilo,net.minecraft.item.ItemBlock,金矿尘土
exnihilo:nether_gold_gravel,1892,true,exnihilo,net.minecraft.item.ItemBlock,金矿砂砾
exnihilo:copper_gravel,1893,true,exnihilo,net.minecraft.item.ItemBlock,铜矿砂砾
exnihilo:copper_sand,1894,true,exnihilo,net.minecraft.item.ItemBlock,铜矿沙
exnihilo:copper_dust,1895,true,exnihilo,net.minecraft.item.ItemBlock,铜矿尘土
exnihilo:nether_copper_gravel,1896,true,exnihilo,net.minecraft.item.ItemBlock,铜矿砂砾
exnihilo:tin_gravel,1897,true,exnihilo,net.minecraft.item.ItemBlock,锡矿砂砾
exnihilo:tin_sand,1898,true,exnihilo,net.minecraft.item.ItemBlock,锡矿沙
exnihilo:tin_dust,1899,true,exnihilo,net.minecraft.item.ItemBlock,锡矿尘土
exnihilo:ender_tin_gravel,1900,true,exnihilo,net.minecraft.item.ItemBlock,锡矿砂砾
exnihilo:silver_gravel,1901,true,exnihilo,net.minecraft.item.ItemBlock,银矿砂砾
exnihilo:silver_sand,1902,true,exnihilo,net.minecraft.item.ItemBlock,银矿沙
exnihilo:silver_dust,1903,true,exnihilo,net.minecraft.item.ItemBlock,银矿尘土
exnihilo:ender_silver_gravel,1904,true,exnihilo,net.minecraft.item.ItemBlock,银矿砂砾
exnihilo:lead_gravel,1905,true,exnihilo,net.minecraft.item.ItemBlock,铅矿砂砾
exnihilo:lead_sand,1906,true,exnihilo,net.minecraft.item.ItemBlock,铅矿沙
exnihilo:lead_dust,1907,true,exnihilo,net.minecraft.item.ItemBlock,铅矿尘土
exnihilo:ender_lead_gravel,1908,true,exnihilo,net.minecraft.item.ItemBlock,铅矿砂砾
exnihilo:nickel_gravel,1909,true,exnihilo,net.minecraft.item.ItemBlock,镍矿砂砾
exnihilo:nickel_sand,1910,true,exnihilo,net.minecraft.item.ItemBlock,镍矿沙
exnihilo:nickel_dust,1911,true,exnihilo,net.minecraft.item.ItemBlock,镍矿尘土
exnihilo:nether_nickel_gravel,1912,true,exnihilo,net.minecraft.item.ItemBlock,镍矿砂砾
exnihilo:platinum_gravel,1913,true,exnihilo,net.minecraft.item.ItemBlock,铂矿砂砾
exnihilo:platinum_sand,1914,true,exnihilo,net.minecraft.item.ItemBlock,铂矿沙
exnihilo:platinum_dust,1915,true,exnihilo,net.minecraft.item.ItemBlock,铂矿尘土
exnihilo:ender_platinum_gravel,1916,true,exnihilo,net.minecraft.item.ItemBlock,铂矿砂砾
exnihilo:aluminum_gravel,1917,true,exnihilo,net.minecraft.item.ItemBlock,铝矿砂砾
exnihilo:aluminum_sand,1918,true,exnihilo,net.minecraft.item.ItemBlock,铝矿沙
exnihilo:aluminum_dust,1919,true,exnihilo,net.minecraft.item.ItemBlock,铝矿尘土
DegeneratorCrystal:EndGlowstoneOre,1920,true,DegeneratorCrystal,cubex2.cs3.item.ItemCSBlock,末地萤石矿石
DegeneratorCrystal:NetherStarBlock,1921,true,DegeneratorCrystal,cubex2.cs3.item.ItemCSBlock,下界之星块
DegeneratorCrystal:Frame,1922,true,DegeneratorCrystal,cubex2.cs3.item.ItemCSBlock,设备框架
DegeneratorCrystal:snpbBlock,1923,true,DegeneratorCrystal,cubex2.cs3.item.ItemCSBlock,焊锡块
DegeneratorCrystal:Nablock,1924,true,DegeneratorCrystal,cubex2.cs3.item.ItemCSBlock,钠块
DegeneratorCrystal:AldaBlock,1925,true,DegeneratorCrystal,cubex2.cs3.item.ItemCSBlock,艾德曼合金块
DegeneratorCrystal:TiSkyBlock,1926,true,DegeneratorCrystal,cubex2.cs3.item.ItemCSBlock,镀钛陨石块
DegeneratorCrystal:ZrBlock,1927,true,DegeneratorCrystal,cubex2.cs3.item.ItemCSBlock,锆块
DegeneratorCrystal:GlowstoneOre,1928,true,DegeneratorCrystal,cubex2.cs3.item.ItemCSBlock,萤石矿石
DegeneratorCrystal:SandYellorite,1929,true,DegeneratorCrystal,cubex2.cs3.item.ItemCSBlock,黄铀矿砂砾
DegeneratorCrystal:RutileOre,1930,true,DegeneratorCrystal,cubex2.cs3.item.ItemCSBlock,金红石矿石
DegeneratorCrystal:Tiblock,1931,true,DegeneratorCrystal,cubex2.cs3.item.ItemCSBlock,钛块
DegeneratorCrystal:SandYellorite_1,1932,true,DegeneratorCrystal,cubex2.cs3.item.ItemCSBlock,黄铀矿沙
DegeneratorCrystal:SandYellorite_2,1933,true,DegeneratorCrystal,cubex2.cs3.item.ItemCSBlock,黄铀矿尘土
DegeneratorCrystal:NaLight,1934,true,DegeneratorCrystal,cubex2.cs3.item.ItemCSBlock,钠灯
cb4bq:BlockREB,1935,true,cb4bq,net.minecraft.item.ItemBlock,重置任务方块
betterquesting:submit_station,1936,true,betterquesting,net.minecraft.item.ItemBlock,提交站（OSS）
cb4bq:BlockHSB,1937,true,cb4bq,net.minecraft.item.ItemBlock,极限模式开关
betterquesting:observation_station,1938,true,betterquesting,net.minecraft.item.ItemBlock,观测站（OOS）
cb4bq:BlockDLB,1939,true,cb4bq,net.minecraft.item.ItemBlock,默认加载方块
minecraft:record_13,2256,false,minecraft,net.minecraft.item.ItemRecord,音乐唱片
minecraft:record_cat,2257,false,minecraft,net.minecraft.item.ItemRecord,音乐唱片
minecraft:record_blocks,2258,false,minecraft,net.minecraft.item.ItemRecord,音乐唱片
minecraft:record_chirp,2259,false,minecraft,net.minecraft.item.ItemRecord,音乐唱片
minecraft:record_far,2260,false,minecraft,net.minecraft.item.ItemRecord,音乐唱片
minecraft:record_mall,2261,false,minecraft,net.minecraft.item.ItemRecord,音乐唱片
minecraft:record_mellohi,2262,false,minecraft,net.minecraft.item.ItemRecord,音乐唱片
minecraft:record_stal,2263,false,minecraft,net.minecraft.item.ItemRecord,音乐唱片
minecraft:record_strad,2264,false,minecraft,net.minecraft.item.ItemRecord,音乐唱片
minecraft:record_ward,2265,false,minecraft,net.minecraft.item.ItemRecord,音乐唱片
minecraft:record_11,2266,false,minecraft,net.minecraft.item.ItemRecord,音乐唱片
minecraft:record_wait,2267,false,minecraft,net.minecraft.item.ItemRecord,音乐唱片
appliedenergistics2:item.ToolCertusQuartzAxe,4096,false,appliedenergistics2,appeng.items.tools.quartz.ToolQuartzAxe,赛特斯石英斧
appliedenergistics2:item.ToolCertusQuartzHoe,4097,false,appliedenergistics2,appeng.items.tools.quartz.ToolQuartzHoe,赛特斯石英锄
appliedenergistics2:item.ToolCertusQuartzSpade,4098,false,appliedenergistics2,appeng.items.tools.quartz.ToolQuartzSpade,赛特斯石英锹
appliedenergistics2:item.ToolCertusQuartzPickaxe,4099,false,appliedenergistics2,appeng.items.tools.quartz.ToolQuartzPickaxe,赛特斯石英镐
appliedenergistics2:item.ToolCertusQuartzSword,4100,false,appliedenergistics2,appeng.items.tools.quartz.ToolQuartzSword,赛特斯石英剑
appliedenergistics2:item.ToolCertusQuartzWrench,4101,false,appliedenergistics2,appeng.items.tools.quartz.ToolQuartzWrench,赛特斯石英扳手
appliedenergistics2:item.ToolCertusQuartzCuttingKnife,4102,false,appliedenergistics2,appeng.items.tools.quartz.ToolQuartzCuttingKnife,赛特斯石英切割刀
appliedenergistics2:item.ToolNetherQuartzAxe,4103,false,appliedenergistics2,appeng.items.tools.quartz.ToolQuartzAxe,下界石英斧
appliedenergistics2:item.ToolNetherQuartzHoe,4104,false,appliedenergistics2,appeng.items.tools.quartz.ToolQuartzHoe,下界石英锄
appliedenergistics2:item.ToolNetherQuartzSpade,4105,false,appliedenergistics2,appeng.items.tools.quartz.ToolQuartzSpade,下界石英锹
appliedenergistics2:item.ToolNetherQuartzPickaxe,4106,false,appliedenergistics2,appeng.items.tools.quartz.ToolQuartzPickaxe,下界石英镐
appliedenergistics2:item.ToolNetherQuartzSword,4107,false,appliedenergistics2,appeng.items.tools.quartz.ToolQuartzSword,下界石英剑
appliedenergistics2:item.ToolNetherQuartzWrench,4108,false,appliedenergistics2,appeng.items.tools.quartz.ToolQuartzWrench,下界石英扳手
appliedenergistics2:item.ToolNetherQuartzCuttingKnife,4109,false,appliedenergistics2,appeng.items.tools.quartz.ToolQuartzCuttingKnife,下界石英切割刀
appliedenergistics2:item.ToolEntropyManipulator,4110,false,appliedenergistics2,appeng.items.tools.powered.ToolEntropyManipulator,熵变机械臂
appliedenergistics2:item.ToolWirelessTerminal,4111,false,appliedenergistics2,appeng.items.tools.powered.ToolWirelessTerminal,无线终端
appliedenergistics2:item.ToolBiometricCard,4112,false,appliedenergistics2,appeng.items.tools.ToolBiometricCard,身份卡
appliedenergistics2:item.ToolChargedStaff,4113,false,appliedenergistics2,appeng.items.tools.powered.ToolChargedStaff,充能手杖
appliedenergistics2:item.ToolMassCannon,4114,false,appliedenergistics2,appeng.items.tools.powered.ToolMassCannon,物质炮
appliedenergistics2:item.ToolMemoryCard,4115,false,appliedenergistics2,appeng.items.tools.ToolMemoryCard,内存卡
appliedenergistics2:item.ToolNetworkTool,4116,false,appliedenergistics2,appeng.items.tools.ToolNetworkTool,网络工具
appliedenergistics2:item.ToolAdvancedNetworkTool,4117,false,appliedenergistics2,appeng.items.tools.ToolAdvancedNetworkTool,高级网络工具
appliedenergistics2:item.ToolPriorityCard,4118,false,appliedenergistics2,appeng.items.tools.ToolPriorityCard,优先卡
appliedenergistics2:item.ToolPortableCell,4119,false,appliedenergistics2,appeng.items.tools.powered.ToolPortableCell,便携元件
appliedenergistics2:item.ItemCreativeStorageCell,4120,false,appliedenergistics2,appeng.items.storage.ItemCreativeStorageCell,创造ME存储元件
appliedenergistics2:item.ItemVoidStorageCell,4121,false,appliedenergistics2,appeng.items.storage.ItemVoidStorageCell,ME虚空存储元件
appliedenergistics2:item.ItemViewCell,4122,false,appliedenergistics2,appeng.items.storage.ItemViewCell,显示元件
appliedenergistics2:item.ItemBasicStorageCell.1k,4123,false,appliedenergistics2,appeng.items.storage.ItemBasicStorageCell,1k-ME存储元件
appliedenergistics2:item.ItemBasicStorageCell.4k,4124,false,appliedenergistics2,appeng.items.storage.ItemBasicStorageCell,4k-ME存储元件
appliedenergistics2:item.ItemBasicStorageCell.16k,4125,false,appliedenergistics2,appeng.items.storage.ItemBasicStorageCell,16k-ME存储元件
appliedenergistics2:item.ItemBasicStorageCell.64k,4126,false,appliedenergistics2,appeng.items.storage.ItemBasicStorageCell,64k-ME存储元件
appliedenergistics2:item.ItemAdvancedStorageCell.256k,4127,false,appliedenergistics2,appeng.items.storage.ItemAdvancedStorageCell,256k-ME存储元件
appliedenergistics2:item.ItemAdvancedStorageCell.1024k,4128,false,appliedenergistics2,appeng.items.storage.ItemAdvancedStorageCell,1024k-ME存储元件
appliedenergistics2:item.ItemAdvancedStorageCell.4096k,4129,false,appliedenergistics2,appeng.items.storage.ItemAdvancedStorageCell,4096k-ME存储元件
appliedenergistics2:item.ItemAdvancedStorageCell.16384k,4130,false,appliedenergistics2,appeng.items.storage.ItemAdvancedStorageCell,16384k-ME存储元件
appliedenergistics2:item.ItemExtremeStorageCell.Container,4131,false,appliedenergistics2,appeng.items.storage.ItemExtremeStorageCell,方块容器ME存储元件
appliedenergistics2:item.ItemExtremeStorageCell.Quantum,4132,false,appliedenergistics2,appeng.items.storage.ItemExtremeStorageCell,量子ME存储元件
appliedenergistics2:item.ItemExtremeStorageCell.Singularity,4133,false,appliedenergistics2,appeng.items.storage.ItemExtremeStorageCell,数字奇点ME存储元件
appliedenergistics2:item.ItemExtremeStorageCell.Universe,4134,false,appliedenergistics2,appeng.items.storage.ItemExtremeStorageCell,人造宇宙ME存储元件
appliedenergistics2:item.ItemSpatialStorageCell.2Cubed,4135,false,appliedenergistics2,appeng.items.storage.ItemSpatialStorageCell,2³-空间存储元件
appliedenergistics2:item.ItemSpatialStorageCell.16Cubed,4136,false,appliedenergistics2,appeng.items.storage.ItemSpatialStorageCell,16³-空间存储元件
appliedenergistics2:item.ItemSpatialStorageCell.128Cubed,4137,false,appliedenergistics2,appeng.items.storage.ItemSpatialStorageCell,128³-空间存储元件
appliedenergistics2:item.ItemFacade,4138,false,appliedenergistics2,appeng.items.parts.ItemFacade,线缆伪装板 - 玻璃
appliedenergistics2:item.ItemCrystalSeed,4139,false,appliedenergistics2,appeng.items.misc.ItemCrystalSeed,赛特斯石英种子
appliedenergistics2:item.ItemEncodedPattern,4140,false,appliedenergistics2,appeng.items.misc.ItemEncodedPattern,编码样板
appliedenergistics2:item.ItemEncodedUltimatePattern,4141,false,appliedenergistics2,appeng.items.misc.ItemEncodedUltimatePattern,编码终极样板
appliedenergistics2:item.ItemTunnelPattern,4142,false,appliedenergistics2,appeng.items.misc.ItemTunnelPattern,通道样板
appliedenergistics2:item.ToolColorApplicator,4143,false,appliedenergistics2,appeng.items.tools.powered.ToolColorApplicator,染色器 - 空
appliedenergistics2:item.ToolColorizer,4144,false,appliedenergistics2,appeng.items.tools.ToolColorizer,着色器
appliedenergistics2:item.ItemPaintBall,4145,false,appliedenergistics2,appeng.items.misc.ItemPaintBall,染色球 - 白色
appliedenergistics2:item.ToolNetworkVisualiser,4146,false,appliedenergistics2,appeng.items.tools.ToolNetworkVisualiser,网络可视化工具
appliedenergistics2:item.ToolWirelessKit,4147,false,appliedenergistics2,appeng.items.tools.ToolWirelessKit,无线工具
appliedenergistics2:item.ItemMEStackPacket,4148,false,appliedenergistics2,appeng.items.misc.ItemMEStackPacket,ME存储数据包
appliedenergistics2:item.ItemMultiMaterial,4149,false,appliedenergistics2,appeng.items.materials.ItemMultiMaterial,赛特斯石英水晶
appliedenergistics2:item.ItemMultiPart,4150,false,appliedenergistics2,appeng.items.parts.ItemMultiPart,ME玻璃线缆 - 白色
ae2wct:infinityBoosterCard,4151,false,ae2wct,net.p455w0rd.wirelesscraftingterminal.items.ItemInfinityBooster,量子无限增幅器
ae2wct:infinityBoosterIcon,4152,false,ae2wct,net.p455w0rd.wirelesscraftingterminal.items.ItemInfinityBooster,item.null.name
ae2wct:wirelessCraftingTerminal,4153,false,ae2wct,net.p455w0rd.wirelesscraftingterminal.items.ItemWirelessCraftingTerminal,无线合成终端
ae2wct:magnetCard,4154,false,ae2wct,net.p455w0rd.wirelesscraftingterminal.items.ItemMagnet,磁场增幅卡
ae2wct:boosterBG,4155,false,ae2wct,net.p455w0rd.wirelesscraftingterminal.items.ItemBoosterBGIcon,item.boosterBG.name
ae2fc:fluid_drop,4156,false,ae2fc,com.glodblock.github.common.item.ItemFluidDrop,???液滴
ae2fc:fluid_encoded_pattern,4157,false,ae2fc,com.glodblock.github.common.item.ItemFluidEncodedPattern,编码样板
ae2fc:part_fluid_interface,4158,false,ae2fc,com.glodblock.github.common.item.ItemPartFluidInterface,ME二合一接口
ae2fc:part_fluid_p2p_interface,4159,false,ae2fc,com.glodblock.github.common.item.ItemPartFluidP2PInterface,P2P通道 - ME二合一接口
ae2fc:part_level_terminal,4160,false,ae2fc,com.glodblock.github.common.item.ItemPartLevelTerminal,ME请求终端
ae2fc:part_fluid_import,4161,false,ae2fc,com.glodblock.github.common.item.ItemFluidImportBus,ME流体输入总线
ae2fc:part_fluid_export,4162,false,ae2fc,com.glodblock.github.common.item.ItemFluidExportBus,ME流体输出总线
ae2fc:part_fluid_storage_bus,4163,false,ae2fc,com.glodblock.github.common.item.ItemPartFluidStorageBus,ME流体存储总线
ae2fc:portable_fluid_cell,4164,false,ae2fc,com.glodblock.github.common.item.ItemPortableFluidCell,便携流体元件
ae2fc:wireless_level_terminal,4165,false,ae2fc,com.glodblock.github.common.item.ItemWirelessLevelTerminal,无线请求终端
ae2fc:wireless_fluid_pattern_terminal,4166,false,ae2fc,com.glodblock.github.common.item.ItemWirelessPatternTerminal,ME无线样板终端
ae2fc:wireless_ultra_terminal,4167,false,ae2fc,com.glodblock.github.common.item.ItemWirelessUltraTerminal,通用无线终端 - 合成
ae2fc:wireless_interface_terminal,4168,false,ae2fc,com.glodblock.github.common.item.ItemWirelessInterfaceTerminal,ME无线接口终端
ae2fc:part_fluid_formation_plane,4169,false,ae2fc,com.glodblock.github.common.item.ItemFluidFormationPlane,流体成型面板
ae2fc:part_fluid_annihilation_plane,4170,false,ae2fc,com.glodblock.github.common.item.ItemFluidAnnihilationPlane,流体破坏面板
ae2fc:fluid_packet,4171,false,ae2fc,com.glodblock.github.common.item.ItemFluidPacket,流体封包
ae2fc:fluid_storage1,4172,false,ae2fc,com.glodblock.github.common.item.ItemBasicFluidStorageCell,1k-ME流体存储元件
ae2fc:fluid_storage4,4173,false,ae2fc,com.glodblock.github.common.item.ItemBasicFluidStorageCell,4k-ME流体存储元件
ae2fc:fluid_storage16,4174,false,ae2fc,com.glodblock.github.common.item.ItemBasicFluidStorageCell,16k-ME流体存储元件
ae2fc:fluid_storage64,4175,false,ae2fc,com.glodblock.github.common.item.ItemBasicFluidStorageCell,64k-ME流体存储元件
ae2fc:fluid_storage256,4176,false,ae2fc,com.glodblock.github.common.item.ItemBasicFluidStorageCell,256k-ME流体存储元件
ae2fc:fluid_storage1024,4177,false,ae2fc,com.glodblock.github.common.item.ItemBasicFluidStorageCell,1024k-ME流体存储元件
ae2fc:fluid_storage4096,4178,false,ae2fc,com.glodblock.github.common.item.ItemBasicFluidStorageCell,4096k-ME流体存储元件
ae2fc:fluid_storage16384,4179,false,ae2fc,com.glodblock.github.common.item.ItemBasicFluidStorageCell,16384k-ME流体存储元件
ae2fc:multi_fluid_storage1,4180,false,ae2fc,com.glodblock.github.common.item.ItemMultiFluidStorageCell,1k-ME多流体存储元件
ae2fc:multi_fluid_storage4,4181,false,ae2fc,com.glodblock.github.common.item.ItemMultiFluidStorageCell,4k-ME多流体存储元件
ae2fc:multi_fluid_storage16,4182,false,ae2fc,com.glodblock.github.common.item.ItemMultiFluidStorageCell,16k-ME多流体存储元件
ae2fc:multi_fluid_storage64,4183,false,ae2fc,com.glodblock.github.common.item.ItemMultiFluidStorageCell,64k-ME多流体存储元件
ae2fc:multi_fluid_storage256,4184,false,ae2fc,com.glodblock.github.common.item.ItemMultiFluidStorageCell,256k-ME多流体存储元件
ae2fc:multi_fluid_storage1024,4185,false,ae2fc,com.glodblock.github.common.item.ItemMultiFluidStorageCell,1024k-ME多流体存储元件
ae2fc:multi_fluid_storage4096,4186,false,ae2fc,com.glodblock.github.common.item.ItemMultiFluidStorageCell,4096k-ME多流体存储元件
ae2fc:multi_fluid_storage16384,4187,false,ae2fc,com.glodblock.github.common.item.ItemMultiFluidStorageCell,16384k-ME多流体存储元件
ae2fc:fluid_storage.quantum,4188,false,ae2fc,com.glodblock.github.common.item.ItemFluidExtremeStorageCell,ME量子流体存储元件
ae2fc:fluid_storage.singularity,4189,false,ae2fc,com.glodblock.github.common.item.ItemFluidExtremeStorageCell,ME流体数字奇点元件
ae2fc:fluid_storage.Universe,4190,false,ae2fc,com.glodblock.github.common.item.ItemFluidExtremeStorageCell,ME人造宇宙流体存储元件
ae2fc:fluid_storage.void,4191,false,ae2fc,com.glodblock.github.common.item.ItemFluidVoidStorageCell,ME流体虚空元件
ae2fc:creative_fluid_storage,4192,false,ae2fc,com.glodblock.github.common.item.ItemCreativeFluidStorageCell,创造ME流体存储元件
ae2fc:fluid_storage.infinity.water,4193,false,ae2fc,com.glodblock.github.common.item.ItemInfinityWaterStorageCell,ME无限水流体存储元件
ae2fc:fluid_part,4194,false,ae2fc,com.glodblock.github.common.item.ItemBasicFluidStoragePart,1k-ME流体存储组件
ae2fc:fluid_storage_housing,4195,false,ae2fc,com.glodblock.github.common.item.ItemFluidStorageHousing,ME流体存储外壳
ae2fc:energy_card,4196,false,ae2fc,com.glodblock.github.common.item.ItemEnergyCard,无限能量卡
ae2fc:quantum_bridge_card,4197,false,ae2fc,com.glodblock.github.common.item.ItemQuantumBridgeCard,量子桥卡
ae2stuff:WirelessKit,4198,false,ae2stuff,net.bdew.ae2stuff.items.ItemWirelessKit$,无线设置工具
ae2stuff:AdvWirelessKit,4199,false,ae2stuff,net.bdew.ae2stuff.items.AdvWirelessKit$,高级无线设置工具
ae2stuff:Visualiser,4200,false,ae2stuff,net.bdew.ae2stuff.items.visualiser.ItemVisualiser$,网络可视化工具
Botania:lexicon,4201,false,Botania,vazkii.botania.common.item.ItemLexicon,植物魔法辞典
Botania:petal,4202,false,Botania,vazkii.botania.common.item.material.ItemPetal,白色神秘花瓣
Botania:dye,4203,false,Botania,vazkii.botania.common.item.material.ItemDye,白色花粉
Botania:pestleAndMortar,4204,false,Botania,vazkii.botania.common.item.material.ItemPestleAndMortar,杵和臼
Botania:twigWand,4205,false,Botania,vazkii.botania.common.item.ItemTwigWand,森林法杖
Botania:manaResource,4206,false,Botania,vazkii.botania.common.item.material.ItemManaResource,魔力钢锭
Botania:lens,4207,false,Botania,vazkii.botania.common.item.lens.ItemLens,魔力透镜
Botania:rune,4208,false,Botania,vazkii.botania.common.item.material.ItemRune,水之符文
Botania:signalFlare,4209,false,Botania,vazkii.botania.common.item.ItemSignalFlare,信号弹
Botania:manaTablet,4210,false,Botania,vazkii.botania.common.item.ItemManaTablet,魔力石板
Botania:manaGun,4211,false,Botania,vazkii.botania.common.item.ItemManaGun,魔力脉冲枪
Botania:manaCookie,4212,false,Botania,vazkii.botania.common.item.ItemManaCookie,魔力曲奇
Botania:fertilizer,4213,false,Botania,vazkii.botania.common.item.ItemFertilizer,花肥
Botania:grassSeeds,4214,false,Botania,vazkii.botania.common.item.ItemGrassSeeds,草地之种
Botania:dirtRod,4215,false,Botania,vazkii.botania.common.item.rod.ItemDirtRod,大地法杖
Botania:terraformRod,4216,false,Botania,vazkii.botania.common.item.rod.ItemTerraformRod,大地权杖
Botania:grassHorn,4217,false,Botania,vazkii.botania.common.item.ItemGrassHorn,狂野号角
Botania:manaMirror,4218,false,Botania,vazkii.botania.common.item.ItemManaMirror,魔力手镜
Botania:manasteelHelm,4219,false,Botania,vazkii.botania.common.item.equipment.armor.manasteel.ItemManasteelHelm,魔钢头盔
Botania:manasteelHelmReveal,4220,false,Botania,vazkii.botania.common.item.interaction.thaumcraft.ItemManasteelHelmRevealing,魔钢揭示头盔
Botania:manasteelChest,4221,false,Botania,vazkii.botania.common.item.equipment.armor.manasteel.ItemManasteelChest,魔钢胸甲
Botania:manasteelLegs,4222,false,Botania,vazkii.botania.common.item.equipment.armor.manasteel.ItemManasteelLegs,魔钢护腿
Botania:manasteelBoots,4223,false,Botania,vazkii.botania.common.item.equipment.armor.manasteel.ItemManasteelBoots,魔钢靴子
Botania:manasteelPick,4224,false,Botania,vazkii.botania.common.item.equipment.tool.manasteel.ItemManasteelPick,魔钢镐
Botania:manasteelShovel,4225,false,Botania,vazkii.botania.common.item.equipment.tool.manasteel.ItemManasteelShovel,魔钢铲
Botania:manasteelAxe,4226,false,Botania,vazkii.botania.common.item.equipment.tool.manasteel.ItemManasteelAxe,魔钢斧
Botania:manasteelSword,4227,false,Botania,vazkii.botania.common.item.equipment.tool.manasteel.ItemManasteelSword,魔钢剑
Botania:manasteelShears,4228,false,Botania,vazkii.botania.common.item.equipment.tool.manasteel.ItemManasteelShears,魔钢剪刀
Botania:terrasteelHelm,4229,false,Botania,vazkii.botania.common.item.equipment.armor.terrasteel.ItemTerrasteelHelm,泰拉钢头盔
Botania:terrasteelHelmReveal,4230,false,Botania,vazkii.botania.common.item.interaction.thaumcraft.ItemTerrasteelHelmRevealing,泰拉钢揭示头盔
Botania:terrasteelChest,4231,false,Botania,vazkii.botania.common.item.equipment.armor.terrasteel.ItemTerrasteelChest,泰拉钢胸甲
Botania:terrasteelLegs,4232,false,Botania,vazkii.botania.common.item.equipment.armor.terrasteel.ItemTerrasteelLegs,泰拉钢护腿
Botania:terrasteelBoots,4233,false,Botania,vazkii.botania.common.item.equipment.armor.terrasteel.ItemTerrasteelBoots,泰拉钢靴子
Botania:terraSword,4234,false,Botania,vazkii.botania.common.item.equipment.tool.terrasteel.ItemTerraSword,泰拉之刃
Botania:tinyPlanet,4235,false,Botania,vazkii.botania.common.item.equipment.bauble.ItemTinyPlanet,行星项链
Botania:manaRing,4236,false,Botania,vazkii.botania.common.item.equipment.bauble.ItemManaRing,魔力之戒
Botania:auraRing,4237,false,Botania,vazkii.botania.common.item.equipment.bauble.ItemAuraRing,光环之戒
Botania:manaRingGreater,4238,false,Botania,vazkii.botania.common.item.equipment.bauble.ItemGreaterManaRing,高级魔力之戒
Botania:auraRingGreater,4239,false,Botania,vazkii.botania.common.item.equipment.bauble.ItemGreaterAuraRing,高级光环之戒
Botania:travelBelt,4240,false,Botania,vazkii.botania.common.item.equipment.bauble.ItemTravelBelt,旅居者腰带
Botania:knockbackBelt,4241,false,Botania,vazkii.botania.common.item.equipment.bauble.ItemKnockbackBelt,抗击腰带
Botania:icePendant,4242,false,Botania,vazkii.botania.common.item.equipment.bauble.ItemIcePendant,雪花项链
Botania:lavaPendant,4243,false,Botania,vazkii.botania.common.item.equipment.bauble.ItemLavaPendant,火石项链
Botania:goldenLaurel,4244,false,Botania,vazkii.botania.common.item.equipment.bauble.ItemGoldenLaurel,黄金桂冠
Botania:magnetRing,4245,false,Botania,vazkii.botania.common.item.equipment.bauble.ItemMagnetRing,磁化指环
Botania:waterRing,4246,false,Botania,vazkii.botania.common.item.equipment.bauble.ItemWaterRing,鱼泳指环
Botania:miningRing,4247,false,Botania,vazkii.botania.common.item.equipment.bauble.ItemMiningRing,地幔指环
Botania:terraPick,4248,false,Botania,vazkii.botania.common.item.equipment.tool.terrasteel.ItemTerraPick,泰拉粉碎者
Botania:divaCharm,4249,false,Botania,vazkii.botania.common.item.equipment.bauble.ItemDivaCharm,女王之魅
Botania:flightTiara,4250,false,Botania,vazkii.botania.common.item.equipment.bauble.ItemFlightTiara,天翼族之冠
Botania:enderDagger,4251,false,Botania,vazkii.botania.common.item.equipment.tool.ItemEnderDagger,灵魂匕首
Botania:quartz,4252,false,Botania,vazkii.botania.common.item.material.ItemQuartz,烟熏石英
Botania:waterRod,4253,false,Botania,vazkii.botania.common.item.rod.ItemWaterRod,海洋法杖
Botania:elementiumHelm,4254,false,Botania,vazkii.botania.common.item.equipment.armor.elementium.ItemElementiumHelm,源质钢头盔
Botania:elementiumHelmReveal,4255,false,Botania,vazkii.botania.common.item.interaction.thaumcraft.ItemElementiumHelmRevealing,源质钢揭示头盔
Botania:elementiumChest,4256,false,Botania,vazkii.botania.common.item.equipment.armor.elementium.ItemElementiumChest,源质钢胸甲
Botania:elementiumLegs,4257,false,Botania,vazkii.botania.common.item.equipment.armor.elementium.ItemElementiumLegs,源质钢护腿
Botania:elementiumBoots,4258,false,Botania,vazkii.botania.common.item.equipment.armor.elementium.ItemElementiumBoots,源质钢靴子
Botania:elementiumPick,4259,false,Botania,vazkii.botania.common.item.equipment.tool.elementium.ItemElementiumPick,源质钢镐
Botania:elementiumShovel,4260,false,Botania,vazkii.botania.common.item.equipment.tool.elementium.ItemElementiumShovel,源质钢铲
Botania:elementiumAxe,4261,false,Botania,vazkii.botania.common.item.equipment.tool.elementium.ItemElementiumAxe,源质钢斧
Botania:elementiumSword,4262,false,Botania,vazkii.botania.common.item.equipment.tool.elementium.ItemElementiumSword,源质钢剑
Botania:elementiumShears,4263,false,Botania,vazkii.botania.common.item.equipment.tool.elementium.ItemElementiumShears,源质钢剪
Botania:openBucket,4264,false,Botania,vazkii.botania.common.item.ItemOpenBucket,无底桶
Botania:spawnerMover,4265,false,Botania,vazkii.botania.common.item.ItemSpawnerMover,生命聚合器
Botania:pixieRing,4266,false,Botania,vazkii.botania.common.item.equipment.bauble.ItemPixieRing,精灵指环
Botania:superTravelBelt,4267,false,Botania,vazkii.botania.common.item.equipment.bauble.ItemSuperTravelBelt,环游者腰带
Botania:rainbowRod,4268,false,Botania,vazkii.botania.common.item.rod.ItemRainbowRod,彩虹桥法杖
Botania:tornadoRod,4269,false,Botania,vazkii.botania.common.item.rod.ItemTornadoRod,天空法杖
Botania:fireRod,4270,false,Botania,vazkii.botania.common.item.rod.ItemFireRod,地狱法杖
Botania:vineBall,4271,false,Botania,vazkii.botania.common.item.ItemVineBall,藤蔓球
Botania:slingshot,4272,false,Botania,vazkii.botania.common.item.ItemSlingshot,活木弹弓
Botania:manaBottle,4273,false,Botania,vazkii.botania.common.item.ItemBottledMana,瓶装魔力
Botania:laputaShard,4274,false,Botania,vazkii.botania.common.item.ItemLaputaShard,拉普达碎片
Botania:virus,4275,false,Botania,vazkii.botania.common.item.ItemVirus,僵尸病毒
Botania:reachRing,4276,false,Botania,vazkii.botania.common.item.equipment.bauble.ItemReachRing,触物指环
Botania:skyDirtRod,4277,false,Botania,vazkii.botania.common.item.rod.ItemSkyDirtRod,高原法杖
Botania:itemFinder,4278,false,Botania,vazkii.botania.common.item.equipment.bauble.ItemItemFinder,寻物者
Botania:superLavaPendant,4279,false,Botania,vazkii.botania.common.item.equipment.bauble.ItemSuperLavaPendant,绯红项链
Botania:enderHand,4280,false,Botania,vazkii.botania.common.item.ItemEnderHand,末影之手
Botania:glassPick,4281,false,Botania,vazkii.botania.common.item.equipment.tool.ItemGlassPick,玻璃镐
Botania:spark,4282,false,Botania,vazkii.botania.common.item.ItemSpark,火花
Botania:sparkUpgrade,4283,false,Botania,vazkii.botania.common.item.ItemSparkUpgrade,火花升级:弥散
Botania:diviningRod,4284,false,Botania,vazkii.botania.common.item.rod.ItemDiviningRod,占矿法杖
Botania:gravityRod,4285,false,Botania,vazkii.botania.common.item.rod.ItemGravityRod,黑山法杖
Botania:regenIvy,4286,false,Botania,vazkii.botania.common.item.ItemRegenIvy,永恒常春藤
Botania:manaInkwell,4287,false,Botania,vazkii.botania.common.item.interaction.thaumcraft.ItemManaInkwell,植物学家的笔墨
Botania:vial,4288,false,Botania,vazkii.botania.common.item.brew.ItemVial,魔法玻璃小瓶
Botania:brewVial,4289,false,Botania,vazkii.botania.common.item.brew.ItemBrewVial,装有退却（4）的小瓶
Botania:brewFlask,4290,false,Botania,vazkii.botania.common.item.brew.ItemBrewFlask,退却（6）药水
Botania:bloodPendant,4291,false,Botania,vazkii.botania.common.item.equipment.bauble.ItemBloodPendant,污血吊坠
Botania:missileRod,4292,false,Botania,vazkii.botania.common.item.rod.ItemMissileRod,弹幕法杖
Botania:holyCloak,4293,false,Botania,vazkii.botania.common.item.equipment.bauble.ItemHolyCloak,神圣斗篷
Botania:unholyCloak,4294,false,Botania,vazkii.botania.common.item.equipment.bauble.ItemUnholyCloak,罪恶斗篷
Botania:craftingHalo,4295,false,Botania,vazkii.botania.common.item.ItemCraftingHalo,合成环
Botania:blackLotus,4296,false,Botania,vazkii.botania.common.item.ItemBlackLotus,黑莲花
Botania:monocle,4297,false,Botania,vazkii.botania.common.item.equipment.bauble.ItemMonocle,窥魔之镜
Botania:clip,4298,false,Botania,vazkii.botania.common.item.ItemClip,透镜夹
Botania:cobbleRod,4299,false,Botania,vazkii.botania.common.item.rod.ItemCobbleRod,深渊法杖
Botania:smeltRod,4300,false,Botania,vazkii.botania.common.item.rod.ItemSmeltRod,炽心法杖
Botania:worldSeed,4301,false,Botania,vazkii.botania.common.item.ItemWorldSeed,世界之种
Botania:spellCloth,4302,false,Botania,vazkii.botania.common.item.ItemSpellCloth,封印之布
Botania:thornChakram,4303,false,Botania,vazkii.botania.common.item.ItemThornChakram,荆棘飞轮
Botania:overgrowthSeed,4304,false,Botania,vazkii.botania.common.item.ItemOvergrowthSeed,增生之种
Botania:craftPattern,4305,false,Botania,vazkii.botania.common.item.ItemCraftPattern,合成模板#1: 1x1
Botania:ancientWill,4306,false,Botania,vazkii.botania.common.item.ItemAncientWill,艾琳的意志
Botania:corporeaSpark,4307,false,Botania,vazkii.botania.common.item.ItemCorporeaSpark,多媒体火花
Botania:livingwoodBow,4308,false,Botania,vazkii.botania.common.item.equipment.tool.bow.ItemLivingwoodBow,活木弓
Botania:crystalBow,4309,false,Botania,vazkii.botania.common.item.equipment.tool.bow.ItemCrystalBow,水晶弓
Botania:cosmetic,4310,false,Botania,vazkii.botania.common.item.equipment.bauble.ItemBaubleCosmetic,黑领结
Botania:swapRing,4311,false,Botania,vazkii.botania.common.item.equipment.bauble.ItemSwapRing,修正指环
Botania:flowerBag,4312,false,Botania,vazkii.botania.common.item.bag.ItemFlowerBag,采花袋
Botania:shroomBag,4313,false,Botania,vazkii.botania.common.item.bag.ItemShroomBag,采菇袋
Botania:phantomInk,4314,false,Botania,vazkii.botania.common.item.ItemPhantomInk,幻影墨水
Botania:poolMinecart,4315,false,Botania,vazkii.botania.common.item.ItemPoolMinecart,魔力池矿车
Botania:pinkinator,4316,false,Botania,vazkii.botania.common.item.ItemPinkinator,粉色手炮
Botania:infiniteFruit,4317,false,Botania,vazkii.botania.common.item.relic.ItemInfiniteFruit,禁忌之果
Botania:kingKey,4318,false,Botania,vazkii.botania.common.item.relic.ItemKingKey,王之宝钥
Botania:flugelEye,4319,false,Botania,vazkii.botania.common.item.relic.ItemFlugelEye,天翼族之眼
Botania:thorRing,4320,false,Botania,vazkii.botania.common.item.relic.ItemThorRing,托尔之戒
Botania:odinRing,4321,false,Botania,vazkii.botania.common.item.relic.ItemOdinRing,奥丁之戒
Botania:lokiRing,4322,false,Botania,vazkii.botania.common.item.relic.ItemLokiRing,洛基之戒
Botania:aesirRing,4323,false,Botania,vazkii.botania.common.item.relic.ItemAesirRing,诸神之戒
Botania:dice,4324,false,Botania,vazkii.botania.common.item.relic.ItemDice,命运骰子
Botania:keepIvy,4325,false,Botania,vazkii.botania.common.item.ItemKeepIvy,坚毅之藤
Botania:blackHoleTalisman,4326,false,Botania,vazkii.botania.common.item.ItemBlackHoleTalisman,黑洞护符
Botania:recordGaia1,4327,false,Botania,vazkii.botania.common.item.record.ItemRecordGaia1,破损的唱片
Botania:recordGaia2,4328,false,Botania,vazkii.botania.common.item.record.ItemRecordGaia2,破损的唱片
Botania:temperanceStone,4329,false,Botania,vazkii.botania.common.item.ItemTemperanceStone,节制之石
Botania:incenseStick,4330,false,Botania,vazkii.botania.common.item.brew.ItemIncenseStick,熏香
Botania:terraAxe,4331,false,Botania,vazkii.botania.common.item.equipment.tool.terrasteel.ItemTerraAxe,泰拉断裂者
Botania:waterBowl,4332,false,Botania,vazkii.botania.common.item.ItemWaterBowl,一碗水
Botania:obedienceStick,4333,false,Botania,vazkii.botania.common.item.ItemObedienceStick,植物遵从法杖
Botania:cacophonium,4334,false,Botania,vazkii.botania.common.item.ItemCacophonium,不和谐之音
Botania:slimeBottle,4335,false,Botania,vazkii.botania.common.item.ItemSlimeBottle,史莱姆罐子
Botania:starSword,4336,false,Botania,vazkii.botania.common.item.equipment.tool.ItemStarSword,召星者
Botania:exchangeRod,4337,false,Botania,vazkii.botania.common.item.rod.ItemExchangeRod,移壳杆
Botania:magnetRingGreater,4338,false,Botania,vazkii.botania.common.item.equipment.bauble.ItemGreaterMagnetRing,高级磁化指环
Botania:thunderSword,4339,false,Botania,vazkii.botania.common.item.equipment.tool.ItemThunderSword,召雷者
Botania:manaweaveHelm,4340,false,Botania,vazkii.botania.common.item.equipment.armor.manaweave.ItemManaweaveHelm,魔源头蓬
Botania:manaweaveLegs,4341,false,Botania,vazkii.botania.common.item.equipment.armor.manaweave.ItemManaweaveLegs,魔源长袍（下半身）
Botania:manaweaveChest,4342,false,Botania,vazkii.botania.common.item.equipment.armor.manaweave.ItemManaweaveChest,魔源长袍
Botania:manaweaveBoots,4343,false,Botania,vazkii.botania.common.item.equipment.armor.manaweave.ItemManaweaveBoots,魔源长靴
Botania:autocraftingHalo,4344,false,Botania,vazkii.botania.common.item.ItemAutocraftingHalo,工厂环
Botania:gaiaHead,4345,false,Botania,vazkii.botania.common.item.ItemGaiaHead,盖亚守护者的头
Botania:sextant,4346,false,Botania,vazkii.botania.common.item.ItemSextant,盖世六分仪
Botania:speedUpBelt,4347,false,Botania,vazkii.botania.common.item.equipment.bauble.ItemSpeedUpBelt,平原旅带
Botania:baubleBox,4348,false,Botania,vazkii.botania.common.item.ItemBaubleBox,饰品盒子
Avaritia:Resource,4349,false,Avaritia,fox.spiteful.avaritia.items.ItemResource,钻石晶格
Avaritia:Singularity,4350,false,Avaritia,fox.spiteful.avaritia.items.ItemSingularity,铁奇点
Avaritia:Infinity_Pickaxe,4351,false,Avaritia,fox.spiteful.avaritia.items.tools.ItemPickaxeInfinity,世界崩解之镐
Avaritia:Infinity_Sword,4352,false,Avaritia,fox.spiteful.avaritia.items.tools.ItemSwordInfinity,寰宇支配之剑
Avaritia:Skull_Sword,4353,false,Avaritia,fox.spiteful.avaritia.items.tools.ItemSwordSkulls,炽焰之啄颅剑
Avaritia:Ultimate_Stew,4354,false,Avaritia,net.minecraft.item.ItemFood,超级煲
Avaritia:Cosmic_Meatballs,4355,false,Avaritia,net.minecraft.item.ItemFood,寰宇肉丸
Avaritia:Endest_Pearl,4356,false,Avaritia,fox.spiteful.avaritia.items.ItemEndestPearl,终望珍珠
Avaritia:Infinity_Helm,4357,false,Avaritia,fox.spiteful.avaritia.items.ItemArmorInfinity,无尽头盔
Avaritia:Infinity_Chest,4358,false,Avaritia,fox.spiteful.avaritia.items.ItemArmorInfinity,无尽胸甲
Avaritia:Infinity_Pants,4359,false,Avaritia,fox.spiteful.avaritia.items.ItemArmorInfinity,无尽护腿
Avaritia:Infinity_Shoes,4360,false,Avaritia,fox.spiteful.avaritia.items.ItemArmorInfinity,无尽靴子
Avaritia:Matter_Cluster,4361,false,Avaritia,fox.spiteful.avaritia.items.ItemMatterCluster,物质团
Avaritia:Infinity_Bow,4362,false,Avaritia,fox.spiteful.avaritia.items.tools.ItemBowInfinity,天堂陨落长弓
Avaritia:Infinity_Shovel,4363,false,Avaritia,fox.spiteful.avaritia.items.tools.ItemShovelInfinity,星球吞噬之铲
Avaritia:Infinity_Axe,4364,false,Avaritia,fox.spiteful.avaritia.items.tools.ItemAxeInfinity,自然荒芜之斧
betterbuilderswands:wandStone,4365,false,betterbuilderswands,portablejim.bbw.core.items.ItemRestrictedWandBasic,石质建筑之杖
betterbuilderswands:wandIron,4366,false,betterbuilderswands,portablejim.bbw.core.items.ItemRestrictedWandAdvanced,铁质建筑之杖
betterbuilderswands:wandUnbreakable,4367,false,betterbuilderswands,portablejim.bbw.core.items.ItemUnrestrictedWand,永恒建筑之杖
betterbuilderswands:wandDiamond,4368,false,betterbuilderswands,portablejim.bbw.core.items.ItemUnrestrictedWand,钻石建筑之杖
betterp2p:advanced_memory_card,4369,false,betterp2p,com.projecturanus.betterp2p.item.ItemAdvancedMemoryCard,高级内存卡
BiblioCraft:item.StockroomCatalog,4370,false,BiblioCraft,jds.bibliocraft.items.ItemStockroomCatalog,仓库目录
BiblioCraft:item.PlumbLine,4371,false,BiblioCraft,jds.bibliocraft.items.ItemPlumbLine,铅垂线
BiblioCraft:item.FramingSaw,4372,false,BiblioCraft,jds.bibliocraft.items.ItemFramingSaw,镶框锯
BiblioCraft:item.FramingBoard,4373,false,BiblioCraft,jds.bibliocraft.items.ItemFramingBoard,镶框板
BiblioCraft:item.FramingSheet,4374,false,BiblioCraft,jds.bibliocraft.items.ItemFramingSheet,镶框片
BiblioCraft:item.TesterItem,4375,false,BiblioCraft,jds.bibliocraft.items.ItemNameTester,物品名检测器
BiblioCraft:item.AtlasBook,4376,false,BiblioCraft,jds.bibliocraft.items.ItemAtlas,地图册
BiblioCraft:item.AtlasPlate,4377,false,BiblioCraft,jds.bibliocraft.items.ItemAtlasPlate,地图板
BiblioCraft:item.DeathCompass,4378,false,BiblioCraft,jds.bibliocraft.items.ItemDeathCompass,永恒罗盘
BiblioCraft:item.PaintingCanvas,4379,false,BiblioCraft,jds.bibliocraft.items.ItemPaintingCanvas,画布
BiblioCraft:item.BigBook,4380,false,BiblioCraft,jds.bibliocraft.items.ItemBigBook,精致成书
BiblioCraft:item.RecipeBook,4381,false,BiblioCraft,jds.bibliocraft.items.ItemRecipeBook,空白合成手册
BiblioCraft:item.SlottedBook,4382,false,BiblioCraft,jds.bibliocraft.items.ItemSlottedBook,中空书
BiblioCraft:item.HandDrill,4383,false,BiblioCraft,jds.bibliocraft.items.ItemHandDrill,手摇钻
BiblioCraft:item.tapeMeasure,4384,false,BiblioCraft,jds.bibliocraft.items.TapeMeasure,卷尺
BiblioCraft:item.tape,4385,false,BiblioCraft,jds.bibliocraft.items.ItemTape,卷尺卷筒
BiblioCraft:item.BiblioChase,4386,false,BiblioCraft,jds.bibliocraft.items.ItemChase,拓印槽
BiblioCraft:item.PrintPlate,4387,false,BiblioCraft,jds.bibliocraft.items.ItemPlate,拓印片
BiblioCraft:item.EnchantedPlate,4388,false,BiblioCraft,jds.bibliocraft.items.ItemEnchantedPlate,附魔片
BiblioCraft:item.BiblioRedBook,4389,false,BiblioCraft,jds.bibliocraft.items.ItemRedstoneBook,红石之书:第一卷
BiblioCraft:item.BiblioGlasses,4390,false,BiblioCraft,jds.bibliocraft.items.ItemReadingGlasses,老花镜
BiblioCraft:item.BiblioDrill,4391,false,BiblioCraft,jds.bibliocraft.items.ItemDrill,机械螺丝刀
BiblioCraft:item.BiblioCreativeLock,4392,false,BiblioCraft,jds.bibliocraft.items.ItemLock,钥匙与锁
BiblioCraft:item.BiblioClipboard,4393,false,BiblioCraft,jds.bibliocraft.items.ItemClipboard,写字板
BiblioCraft:item.seatBack,4394,false,BiblioCraft,jds.bibliocraft.items.ItemSeatBack,橡木椅背
BiblioCraft:item.seatBack2,4395,false,BiblioCraft,jds.bibliocraft.items.ItemSeatBack2,橡木椅背
BiblioCraft:item.seatBack3,4396,false,BiblioCraft,jds.bibliocraft.items.ItemSeatBack3,橡木椅背
BiblioCraft:item.seatBack4,4397,false,BiblioCraft,jds.bibliocraft.items.ItemSeatBack4,橡木椅背
BiblioCraft:item.seatBack5,4398,false,BiblioCraft,jds.bibliocraft.items.ItemSeatBack5,橡木椅背
BiblioCraft:item.BiblioMapTool,4399,false,BiblioCraft,jds.bibliocraft.items.ItemMapTool,制图盘
BiblioCraft:item.BiblioWayPointCompass,4400,false,BiblioCraft,jds.bibliocraft.items.ItemWaypointCompass,路标盘
ThermalFoundation:lexicon,4401,false,ThermalFoundation,cofh.thermalfoundation.item.ItemLexicon,铁匠辞典
ThermalFoundation:bucket,4402,false,ThermalFoundation,cofh.core.item.ItemBucket,不稳定熔融红石桶
ThermalFoundation:material,4403,false,ThermalFoundation,cofh.core.item.ItemBase,铁粉
ThermalFoundation:tool.shearsWood,4404,false,ThermalFoundation,cofh.core.item.tool.ItemShearsAdv,木剪刀
ThermalFoundation:tool.sickleWood,4405,false,ThermalFoundation,cofh.core.item.tool.ItemSickleAdv,木镰刀
ThermalFoundation:tool.shearsStone,4406,false,ThermalFoundation,cofh.core.item.tool.ItemShearsAdv,石剪刀
ThermalFoundation:tool.fishingRodStone,4407,false,ThermalFoundation,cofh.core.item.tool.ItemFishingRodAdv,石钓鱼竿
ThermalFoundation:tool.sickleStone,4408,false,ThermalFoundation,cofh.core.item.tool.ItemSickleAdv,石镰刀
ThermalFoundation:tool.bowStone,4409,false,ThermalFoundation,cofh.core.item.tool.ItemBowAdv,石复合弓
ThermalFoundation:tool.fishingRodIron,4410,false,ThermalFoundation,cofh.core.item.tool.ItemFishingRodAdv,铁钓鱼竿
ThermalFoundation:tool.sickleIron,4411,false,ThermalFoundation,cofh.core.item.tool.ItemSickleAdv,铁镰刀
ThermalFoundation:tool.bowIron,4412,false,ThermalFoundation,cofh.core.item.tool.ItemBowAdv,铁复合弓
ThermalFoundation:tool.shearsDiamond,4413,false,ThermalFoundation,cofh.core.item.tool.ItemShearsAdv,钻石剪刀
ThermalFoundation:tool.fishingRodDiamond,4414,false,ThermalFoundation,cofh.core.item.tool.ItemFishingRodAdv,钻石钓鱼竿
ThermalFoundation:tool.sickleDiamond,4415,false,ThermalFoundation,cofh.core.item.tool.ItemSickleAdv,钻石镰刀
ThermalFoundation:tool.bowDiamond,4416,false,ThermalFoundation,cofh.core.item.tool.ItemBowAdv,钻石复合弓
ThermalFoundation:tool.shearsGold,4417,false,ThermalFoundation,cofh.core.item.tool.ItemShearsAdv,金剪刀
ThermalFoundation:tool.fishingRodGold,4418,false,ThermalFoundation,cofh.core.item.tool.ItemFishingRodAdv,金钓鱼竿
ThermalFoundation:tool.sickleGold,4419,false,ThermalFoundation,cofh.core.item.tool.ItemSickleAdv,金镰刀
ThermalFoundation:tool.bowGold,4420,false,ThermalFoundation,cofh.core.item.tool.ItemBowAdv,金复合弓
ThermalFoundation:armor.helmetCopper,4421,false,ThermalFoundation,cofh.core.item.ItemArmorAdv,铜头盔
ThermalFoundation:armor.plateCopper,4422,false,ThermalFoundation,cofh.core.item.ItemArmorAdv,铜胸甲
ThermalFoundation:armor.legsCopper,4423,false,ThermalFoundation,cofh.core.item.ItemArmorAdv,铜护腿
ThermalFoundation:armor.bootsCopper,4424,false,ThermalFoundation,cofh.core.item.ItemArmorAdv,铜靴子
ThermalFoundation:tool.swordCopper,4425,false,ThermalFoundation,cofh.core.item.tool.ItemSwordAdv,铜剑
ThermalFoundation:tool.shovelCopper,4426,false,ThermalFoundation,cofh.core.item.tool.ItemShovelAdv,铜锹
ThermalFoundation:tool.pickaxeCopper,4427,false,ThermalFoundation,cofh.core.item.tool.ItemPickaxeAdv,铜镐
ThermalFoundation:tool.axeCopper,4428,false,ThermalFoundation,cofh.core.item.tool.ItemAxeAdv,铜斧
ThermalFoundation:tool.hoeCopper,4429,false,ThermalFoundation,cofh.core.item.tool.ItemHoeAdv,铜锄
ThermalFoundation:tool.shearsCopper,4430,false,ThermalFoundation,cofh.core.item.tool.ItemShearsAdv,铜剪刀
ThermalFoundation:tool.fishingRodCopper,4431,false,ThermalFoundation,cofh.core.item.tool.ItemFishingRodAdv,铜钓鱼竿
ThermalFoundation:tool.sickleCopper,4432,false,ThermalFoundation,cofh.core.item.tool.ItemSickleAdv,铜镰刀
ThermalFoundation:tool.bowCopper,4433,false,ThermalFoundation,cofh.core.item.tool.ItemBowAdv,铜复合弓
ThermalFoundation:armor.helmetTin,4434,false,ThermalFoundation,cofh.core.item.ItemArmorAdv,锡头盔
ThermalFoundation:armor.plateTin,4435,false,ThermalFoundation,cofh.core.item.ItemArmorAdv,锡胸甲
ThermalFoundation:armor.legsTin,4436,false,ThermalFoundation,cofh.core.item.ItemArmorAdv,锡护腿
ThermalFoundation:armor.bootsTin,4437,false,ThermalFoundation,cofh.core.item.ItemArmorAdv,锡靴子
ThermalFoundation:tool.swordTin,4438,false,ThermalFoundation,cofh.core.item.tool.ItemSwordAdv,锡剑
ThermalFoundation:tool.shovelTin,4439,false,ThermalFoundation,cofh.core.item.tool.ItemShovelAdv,锡锹
ThermalFoundation:tool.pickaxeTin,4440,false,ThermalFoundation,cofh.core.item.tool.ItemPickaxeAdv,锡镐
ThermalFoundation:tool.axeTin,4441,false,ThermalFoundation,cofh.core.item.tool.ItemAxeAdv,锡斧
ThermalFoundation:tool.hoeTin,4442,false,ThermalFoundation,cofh.core.item.tool.ItemHoeAdv,锡锄
ThermalFoundation:tool.shearsTin,4443,false,ThermalFoundation,cofh.core.item.tool.ItemShearsAdv,锡剪刀
ThermalFoundation:tool.fishingRodTin,4444,false,ThermalFoundation,cofh.core.item.tool.ItemFishingRodAdv,锡钓鱼竿
ThermalFoundation:tool.sickleTin,4445,false,ThermalFoundation,cofh.core.item.tool.ItemSickleAdv,锡镰刀
ThermalFoundation:tool.bowTin,4446,false,ThermalFoundation,cofh.core.item.tool.ItemBowAdv,锡复合弓
ThermalFoundation:armor.helmetSilver,4447,false,ThermalFoundation,cofh.core.item.ItemArmorAdv,银头盔
ThermalFoundation:armor.plateSilver,4448,false,ThermalFoundation,cofh.core.item.ItemArmorAdv,银胸甲
ThermalFoundation:armor.legsSilver,4449,false,ThermalFoundation,cofh.core.item.ItemArmorAdv,银护腿
ThermalFoundation:armor.bootsSilver,4450,false,ThermalFoundation,cofh.core.item.ItemArmorAdv,银靴子
ThermalFoundation:tool.swordSilver,4451,false,ThermalFoundation,cofh.core.item.tool.ItemSwordAdv,银剑
ThermalFoundation:tool.shovelSilver,4452,false,ThermalFoundation,cofh.core.item.tool.ItemShovelAdv,银锹
ThermalFoundation:tool.pickaxeSilver,4453,false,ThermalFoundation,cofh.core.item.tool.ItemPickaxeAdv,银镐
ThermalFoundation:tool.axeSilver,4454,false,ThermalFoundation,cofh.core.item.tool.ItemAxeAdv,银斧
ThermalFoundation:tool.hoeSilver,4455,false,ThermalFoundation,cofh.core.item.tool.ItemHoeAdv,银锄
ThermalFoundation:tool.shearsSilver,4456,false,ThermalFoundation,cofh.core.item.tool.ItemShearsAdv,银剪刀
ThermalFoundation:tool.fishingRodSilver,4457,false,ThermalFoundation,cofh.core.item.tool.ItemFishingRodAdv,银钓鱼竿
ThermalFoundation:tool.sickleSilver,4458,false,ThermalFoundation,cofh.core.item.tool.ItemSickleAdv,银镰刀
ThermalFoundation:tool.bowSilver,4459,false,ThermalFoundation,cofh.core.item.tool.ItemBowAdv,银复合弓
ThermalFoundation:armor.helmetLead,4460,false,ThermalFoundation,cofh.core.item.ItemArmorAdv,铅头盔
ThermalFoundation:armor.plateLead,4461,false,ThermalFoundation,cofh.core.item.ItemArmorAdv,铅胸甲
ThermalFoundation:armor.legsLead,4462,false,ThermalFoundation,cofh.core.item.ItemArmorAdv,铅护腿
ThermalFoundation:armor.bootsLead,4463,false,ThermalFoundation,cofh.core.item.ItemArmorAdv,铅靴子
ThermalFoundation:tool.swordLead,4464,false,ThermalFoundation,cofh.core.item.tool.ItemSwordAdv,铅剑
ThermalFoundation:tool.shovelLead,4465,false,ThermalFoundation,cofh.core.item.tool.ItemShovelAdv,铅锹
ThermalFoundation:tool.pickaxeLead,4466,false,ThermalFoundation,cofh.core.item.tool.ItemPickaxeAdv,铅镐
ThermalFoundation:tool.axeLead,4467,false,ThermalFoundation,cofh.core.item.tool.ItemAxeAdv,铅斧
ThermalFoundation:tool.hoeLead,4468,false,ThermalFoundation,cofh.core.item.tool.ItemHoeAdv,铅锄
ThermalFoundation:tool.shearsLead,4469,false,ThermalFoundation,cofh.core.item.tool.ItemShearsAdv,铅剪刀
ThermalFoundation:tool.fishingRodLead,4470,false,ThermalFoundation,cofh.core.item.tool.ItemFishingRodAdv,铅钓鱼竿
ThermalFoundation:tool.sickleLead,4471,false,ThermalFoundation,cofh.core.item.tool.ItemSickleAdv,铅镰刀
ThermalFoundation:tool.bowLead,4472,false,ThermalFoundation,cofh.core.item.tool.ItemBowAdv,铅复合弓
ThermalFoundation:armor.helmetNickel,4473,false,ThermalFoundation,cofh.core.item.ItemArmorAdv,镍头盔
ThermalFoundation:armor.plateNickel,4474,false,ThermalFoundation,cofh.core.item.ItemArmorAdv,镍胸甲
ThermalFoundation:armor.legsNickel,4475,false,ThermalFoundation,cofh.core.item.ItemArmorAdv,镍护腿
ThermalFoundation:armor.bootsNickel,4476,false,ThermalFoundation,cofh.core.item.ItemArmorAdv,镍靴子
ThermalFoundation:tool.swordNickel,4477,false,ThermalFoundation,cofh.core.item.tool.ItemSwordAdv,镍剑
ThermalFoundation:tool.shovelNickel,4478,false,ThermalFoundation,cofh.core.item.tool.ItemShovelAdv,镍锹
ThermalFoundation:tool.pickaxeNickel,4479,false,ThermalFoundation,cofh.core.item.tool.ItemPickaxeAdv,镍镐
ThermalFoundation:tool.axeNickel,4480,false,ThermalFoundation,cofh.core.item.tool.ItemAxeAdv,镍斧
ThermalFoundation:tool.hoeNickel,4481,false,ThermalFoundation,cofh.core.item.tool.ItemHoeAdv,镍锄
ThermalFoundation:tool.shearsNickel,4482,false,ThermalFoundation,cofh.core.item.tool.ItemShearsAdv,镍剪刀
ThermalFoundation:tool.fishingRodNickel,4483,false,ThermalFoundation,cofh.core.item.tool.ItemFishingRodAdv,镍钓鱼竿
ThermalFoundation:tool.sickleNickel,4484,false,ThermalFoundation,cofh.core.item.tool.ItemSickleAdv,镍镰刀
ThermalFoundation:tool.bowNickel,4485,false,ThermalFoundation,cofh.core.item.tool.ItemBowAdv,镍复合弓
ThermalFoundation:armor.helmetElectrum,4486,false,ThermalFoundation,cofh.core.item.ItemArmorAdv,琥珀金头盔
ThermalFoundation:armor.plateElectrum,4487,false,ThermalFoundation,cofh.core.item.ItemArmorAdv,琥珀金胸甲
ThermalFoundation:armor.legsElectrum,4488,false,ThermalFoundation,cofh.core.item.ItemArmorAdv,琥珀金护腿
ThermalFoundation:armor.bootsElectrum,4489,false,ThermalFoundation,cofh.core.item.ItemArmorAdv,琥珀金靴子
ThermalFoundation:tool.swordElectrum,4490,false,ThermalFoundation,cofh.core.item.tool.ItemSwordAdv,琥珀金剑
ThermalFoundation:tool.shovelElectrum,4491,false,ThermalFoundation,cofh.core.item.tool.ItemShovelAdv,琥珀金锹
ThermalFoundation:tool.pickaxeElectrum,4492,false,ThermalFoundation,cofh.core.item.tool.ItemPickaxeAdv,琥珀金镐
ThermalFoundation:tool.axeElectrum,4493,false,ThermalFoundation,cofh.core.item.tool.ItemAxeAdv,琥珀金斧
ThermalFoundation:tool.hoeElectrum,4494,false,ThermalFoundation,cofh.core.item.tool.ItemHoeAdv,琥珀金锄
ThermalFoundation:tool.shearsElectrum,4495,false,ThermalFoundation,cofh.core.item.tool.ItemShearsAdv,琥珀金剪刀
ThermalFoundation:tool.fishingRodElectrum,4496,false,ThermalFoundation,cofh.core.item.tool.ItemFishingRodAdv,琥珀金钓鱼竿
ThermalFoundation:tool.sickleElectrum,4497,false,ThermalFoundation,cofh.core.item.tool.ItemSickleAdv,琥珀金镰刀
ThermalFoundation:tool.bowElectrum,4498,false,ThermalFoundation,cofh.core.item.tool.ItemBowAdv,琥珀金复合弓
ThermalFoundation:armor.helmetInvar,4499,false,ThermalFoundation,cofh.core.item.ItemArmorAdv,因瓦合金头盔
ThermalFoundation:armor.plateInvar,4500,false,ThermalFoundation,cofh.core.item.ItemArmorAdv,因瓦合金胸甲
ThermalFoundation:armor.legsInvar,4501,false,ThermalFoundation,cofh.core.item.ItemArmorAdv,因瓦合金护腿
ThermalFoundation:armor.bootsInvar,4502,false,ThermalFoundation,cofh.core.item.ItemArmorAdv,因瓦合金靴子
ThermalFoundation:tool.swordInvar,4503,false,ThermalFoundation,cofh.core.item.tool.ItemSwordAdv,因瓦合金剑
ThermalFoundation:tool.shovelInvar,4504,false,ThermalFoundation,cofh.core.item.tool.ItemShovelAdv,因瓦合金锹
ThermalFoundation:tool.pickaxeInvar,4505,false,ThermalFoundation,cofh.core.item.tool.ItemPickaxeAdv,因瓦合金镐
ThermalFoundation:tool.axeInvar,4506,false,ThermalFoundation,cofh.core.item.tool.ItemAxeAdv,因瓦合金斧
ThermalFoundation:tool.hoeInvar,4507,false,ThermalFoundation,cofh.core.item.tool.ItemHoeAdv,因瓦合金锄
ThermalFoundation:tool.shearsInvar,4508,false,ThermalFoundation,cofh.core.item.tool.ItemShearsAdv,因瓦合金剪刀
ThermalFoundation:tool.fishingRodInvar,4509,false,ThermalFoundation,cofh.core.item.tool.ItemFishingRodAdv,因瓦合金钓鱼竿
ThermalFoundation:tool.sickleInvar,4510,false,ThermalFoundation,cofh.core.item.tool.ItemSickleAdv,因瓦合金镰刀
ThermalFoundation:tool.bowInvar,4511,false,ThermalFoundation,cofh.core.item.tool.ItemBowAdv,因瓦合金复合弓
ThermalFoundation:armor.helmetBronze,4512,false,ThermalFoundation,cofh.core.item.ItemArmorAdv,青铜头盔
ThermalFoundation:armor.plateBronze,4513,false,ThermalFoundation,cofh.core.item.ItemArmorAdv,青铜胸甲
ThermalFoundation:armor.legsBronze,4514,false,ThermalFoundation,cofh.core.item.ItemArmorAdv,青铜护腿
ThermalFoundation:armor.bootsBronze,4515,false,ThermalFoundation,cofh.core.item.ItemArmorAdv,青铜靴子
ThermalFoundation:tool.swordBronze,4516,false,ThermalFoundation,cofh.core.item.tool.ItemSwordAdv,青铜剑
ThermalFoundation:tool.shovelBronze,4517,false,ThermalFoundation,cofh.core.item.tool.ItemShovelAdv,青铜锹
ThermalFoundation:tool.pickaxeBronze,4518,false,ThermalFoundation,cofh.core.item.tool.ItemPickaxeAdv,青铜镐
ThermalFoundation:tool.axeBronze,4519,false,ThermalFoundation,cofh.core.item.tool.ItemAxeAdv,青铜斧
ThermalFoundation:tool.hoeBronze,4520,false,ThermalFoundation,cofh.core.item.tool.ItemHoeAdv,青铜锄
ThermalFoundation:tool.shearsBronze,4521,false,ThermalFoundation,cofh.core.item.tool.ItemShearsAdv,青铜剪刀
ThermalFoundation:tool.fishingRodBronze,4522,false,ThermalFoundation,cofh.core.item.tool.ItemFishingRodAdv,青铜钓鱼竿
ThermalFoundation:tool.sickleBronze,4523,false,ThermalFoundation,cofh.core.item.tool.ItemSickleAdv,青铜镰刀
ThermalFoundation:tool.bowBronze,4524,false,ThermalFoundation,cofh.core.item.tool.ItemBowAdv,青铜复合弓
ThermalFoundation:armor.helmetPlatinum,4525,false,ThermalFoundation,cofh.core.item.ItemArmorAdv,铂头盔
ThermalFoundation:armor.platePlatinum,4526,false,ThermalFoundation,cofh.core.item.ItemArmorAdv,铂胸甲
ThermalFoundation:armor.legsPlatinum,4527,false,ThermalFoundation,cofh.core.item.ItemArmorAdv,铂护腿
ThermalFoundation:armor.bootsPlatinum,4528,false,ThermalFoundation,cofh.core.item.ItemArmorAdv,铂靴子
ThermalFoundation:tool.swordPlatinum,4529,false,ThermalFoundation,cofh.core.item.tool.ItemSwordAdv,铂剑
ThermalFoundation:tool.shovelPlatinum,4530,false,ThermalFoundation,cofh.core.item.tool.ItemShovelAdv,铂锹
ThermalFoundation:tool.pickaxePlatinum,4531,false,ThermalFoundation,cofh.core.item.tool.ItemPickaxeAdv,铂镐
ThermalFoundation:tool.axePlatinum,4532,false,ThermalFoundation,cofh.core.item.tool.ItemAxeAdv,铂斧
ThermalFoundation:tool.hoePlatinum,4533,false,ThermalFoundation,cofh.core.item.tool.ItemHoeAdv,铂锄
ThermalFoundation:tool.shearsPlatinum,4534,false,ThermalFoundation,cofh.core.item.tool.ItemShearsAdv,铂剪刀
ThermalFoundation:tool.fishingRodPlatinum,4535,false,ThermalFoundation,cofh.core.item.tool.ItemFishingRodAdv,铂钓鱼竿
ThermalFoundation:tool.sicklePlatinum,4536,false,ThermalFoundation,cofh.core.item.tool.ItemSickleAdv,铂镰刀
ThermalFoundation:tool.bowPlatinum,4537,false,ThermalFoundation,cofh.core.item.tool.ItemBowAdv,铂复合弓
ThermalExpansion:wrench,4538,false,ThermalExpansion,cofh.thermalexpansion.item.tool.ItemWrench,新月锤
ThermalExpansion:tool.battleWrenchInvar,4539,false,ThermalExpansion,cofh.thermalexpansion.item.tool.ItemWrenchBattle,战斗扳手
ThermalExpansion:meter,4540,false,ThermalExpansion,cofh.thermalexpansion.item.tool.ItemMultimeter,万用表
ThermalExpansion:igniter,4541,false,ThermalExpansion,cofh.thermalexpansion.item.tool.ItemIgniter,RF点火器
ThermalExpansion:chiller,4542,false,ThermalExpansion,cofh.thermalexpansion.item.tool.ItemChiller,RF冷凝器
ThermalExpansion:pump,4543,false,ThermalExpansion,cofh.thermalexpansion.item.tool.ItemPump,真空移液器
ThermalExpansion:transfuser,4544,false,ThermalExpansion,cofh.thermalexpansion.item.tool.ItemTransfuser,RF转移器
ThermalExpansion:capacitor,4545,false,ThermalExpansion,cofh.thermalexpansion.item.ItemCapacitor,创造RF电容
ThermalExpansion:satchel,4546,false,ThermalExpansion,cofh.thermalexpansion.item.ItemSatchel,创造背包
ThermalExpansion:diagram,4547,false,ThermalExpansion,cofh.thermalexpansion.item.ItemDiagram,图纸
ThermalExpansion:material,4548,false,ThermalExpansion,cofh.core.item.ItemBase,气动伺服器
ThermalExpansion:augment,4549,false,ThermalExpansion,cofh.thermalexpansion.item.ItemAugment,扩展组件: 集成伺服装置
ThermalExpansion:florb,4550,false,ThermalExpansion,cofh.thermalexpansion.item.ItemFlorb,流体球 (空)
BigReactors:BRIngot,4551,false,BigReactors,erogenousbeef.bigreactors.common.item.ItemIngot,黄铀锭
BigReactors:bucketYellorium,4552,false,BigReactors,erogenousbeef.bigreactors.common.item.ItemBRBucket,液态黄铀桶
BigReactors:bucketCyanite,4553,false,BigReactors,erogenousbeef.bigreactors.common.item.ItemBRBucket,液态蓝晶桶
BigReactors:BRDebugTool,4554,false,BigReactors,erogenousbeef.bigreactors.common.item.ItemBeefDebugTool,BeefTronic™公司调试工具
structurelib:item.structurelib.frontRotationTool,4555,false,structurelib,com.gtnewhorizon.structurelib.item.ItemFrontRotationTool,正面旋转扳手（独立）
structurelib:item.structurelib.constructableTrigger,4556,false,structurelib,com.gtnewhorizon.structurelib.item.ItemConstructableTrigger,多方块机器全息投影仪
chisel:upgrade,4557,false,chisel,team.chisel.item.ItemUpgrade,速度升级组件
chisel:ballomoss,4558,false,chisel,team.chisel.item.ItemBallOMoss,苔藓球
chisel:chisel,4559,false,chisel,team.chisel.item.chisel.ItemChisel,凿子
chisel:diamondChisel,4560,false,chisel,team.chisel.item.chisel.ItemChisel,钻石凿子
chisel:obsidianChisel,4561,false,chisel,team.chisel.item.chisel.ItemChisel,黑曜石凿子
chisel:netherStarChisel,4562,false,chisel,team.chisel.item.chisel.ItemChisel,下界之星凿子
chisel:cloudinabottle,4563,false,chisel,team.chisel.item.ItemCloudInABottle,瓶装云朵
chisel:smashingrock,4564,false,chisel,team.chisel.item.ItemSmashingRock,碎石块
ExtraUtilities:glove,4565,false,ExtraUtilities,com.rwtema.extrautils.item.ItemGlove,手套
ExtraUtilities:heatingElement,4566,false,ExtraUtilities,com.rwtema.extrautils.item.ItemHeatingCoil,加热线圈
ExtraUtilities:mini-soul,4567,false,ExtraUtilities,com.rwtema.extrautils.item.ItemSoul,灵魂碎片
ExtraUtilities:angelRing,4568,false,ExtraUtilities,com.rwtema.extrautils.item.ItemAngelRing,天使指环
ExtraUtilities:paintbrush,4569,false,ExtraUtilities,com.rwtema.extrautils.item.ItemPaintbrush,画笔
ExtraUtilities:nodeUpgrade,4570,false,ExtraUtilities,com.rwtema.extrautils.item.ItemNodeUpgrade,节点升级：速度提升
ExtraUtilities:lawSword,4571,false,ExtraUtilities,com.rwtema.extrautils.item.ItemLawSword,鬼哭
ExtraUtilities:golden_lasso,4572,false,ExtraUtilities,com.rwtema.extrautils.item.ItemGoldenLasso,黄金套索
ExtraUtilities:divisionSigil,4573,false,ExtraUtilities,com.rwtema.extrautils.item.ItemDivisionSigil,分割徽章
ExtraUtilities:unstableingot,4574,false,ExtraUtilities,com.rwtema.extrautils.item.ItemUnstableIngot,不稳定金属锭
ExtraUtilities:builderswand,4575,false,ExtraUtilities,com.rwtema.extrautils.item.ItemBuildersWand,建筑之杖
ExtraUtilities:shears,4576,false,ExtraUtilities,com.rwtema.extrautils.item.ItemPrecisionShears,精密剪刀
ExtraUtilities:creativebuilderswand,4577,false,ExtraUtilities,com.rwtema.extrautils.item.ItemBuildersWand,创造模式建筑之杖
ExtraUtilities:ethericsword,4578,false,ExtraUtilities,com.rwtema.extrautils.item.ItemEthericSword,天域之剑
ExtraUtilities:erosionShovel,4579,false,ExtraUtilities,com.rwtema.extrautils.item.ItemErosionShovel,侵蚀之铲
ExtraUtilities:destructionpickaxe,4580,false,ExtraUtilities,com.rwtema.extrautils.item.ItemDestructionPickaxe,毁灭之镐
ExtraUtilities:defoliageAxe,4581,false,ExtraUtilities,com.rwtema.extrautils.item.ItemHealingAxe,治愈之斧
ExtraUtilities:temporalHoe,4582,false,ExtraUtilities,com.rwtema.extrautils.item.ItemTemporalHoe,回溯之锄
ExtraUtilities:sonar_goggles,4583,false,ExtraUtilities,com.rwtema.extrautils.item.ItemSonarGoggles,声呐护目镜
ExtraUtilities:watering_can,4584,false,ExtraUtilities,com.rwtema.extrautils.item.ItemWateringCan,洒水壶
ExtraUtilities:scanner,4585,false,ExtraUtilities,com.rwtema.extrautils.item.scanner.ItemScanner,便携扫描仪
ExtraUtilities:golden_bag,4586,false,ExtraUtilities,com.rwtema.extrautils.item.ItemGoldenBag,镶金手提袋
ExtraUtilities:bedrockiumIngot,4587,false,ExtraUtilities,com.rwtema.extrautils.item.ItemBedrockiumIngot,基岩锭
ExtraUtilities:microblocks,4588,false,ExtraUtilities,com.rwtema.extrautils.multipart.microblock.ItemMicroBlock,ERR
ImmersiveEngineering:metal,4589,false,ImmersiveEngineering,blusunrize.immersiveengineering.common.items.ItemIEBase,铜锭
ImmersiveEngineering:material,4590,false,ImmersiveEngineering,blusunrize.immersiveengineering.common.items.ItemIEBase,防腐木棍
ImmersiveEngineering:seed,4591,false,ImmersiveEngineering,blusunrize.immersiveengineering.common.items.ItemIESeed,工业大麻种子
ImmersiveEngineering:coil,4592,false,ImmersiveEngineering,blusunrize.immersiveengineering.common.items.ItemWireCoil,低压线圈
ImmersiveEngineering:tool,4593,false,ImmersiveEngineering,blusunrize.immersiveengineering.common.items.ItemIETool,工程师锤
ImmersiveEngineering:toolbox,4594,false,ImmersiveEngineering,blusunrize.immersiveengineering.common.items.ItemToolbox,工程师工具箱
ImmersiveEngineering:revolver,4595,false,ImmersiveEngineering,blusunrize.immersiveengineering.common.items.ItemRevolver,左轮手枪
ImmersiveEngineering:bullet,4596,false,ImmersiveEngineering,blusunrize.immersiveengineering.common.items.ItemBullet,小型空弹壳
ImmersiveEngineering:fluidContainers,4597,false,ImmersiveEngineering,null,杂酚油瓶
ImmersiveEngineering:drill,4598,false,ImmersiveEngineering,blusunrize.immersiveengineering.common.items.ItemDrill,采矿机械钻
ImmersiveEngineering:drillhead,4599,false,ImmersiveEngineering,blusunrize.immersiveengineering.common.items.ItemDrillhead,钢制钻头
ImmersiveEngineering:toolupgrade,4600,false,ImmersiveEngineering,blusunrize.immersiveengineering.common.items.ItemToolUpgrade,内置氧化剂罐
ImmersiveEngineering:skyhook,4601,false,ImmersiveEngineering,blusunrize.immersiveengineering.common.items.ItemSkyhook,工程师天钩
ImmersiveEngineering:blueprint,4602,false,ImmersiveEngineering,blusunrize.immersiveengineering.common.items.ItemEngineersBlueprint,工程师蓝图
ImmersiveEngineering:graphiteElectrode,4603,false,ImmersiveEngineering,blusunrize.immersiveengineering.common.items.ItemGraphiteElectrode,石墨电极
ImmersiveEngineering:shader,4604,false,ImmersiveEngineering,blusunrize.immersiveengineering.common.items.ItemShader,皮肤
ImmersiveEngineering:shaderBag,4605,false,ImmersiveEngineering,blusunrize.immersiveengineering.common.items.ItemShaderBag,Common 皮肤奖励袋
ImmersiveEngineering:fakeIcon,4606,false,ImmersiveEngineering,null,item.ImmersiveEngineering.fakeIcon.birthday.name
ImmersiveEngineering:jerrycan,4607,false,ImmersiveEngineering,blusunrize.immersiveengineering.common.items.ItemJerrycan,油罐
ImmersiveEngineering:chemthrower,4608,false,ImmersiveEngineering,blusunrize.immersiveengineering.common.items.ItemChemthrower,化学喷射器
ImmersiveEngineering:railgun,4609,false,ImmersiveEngineering,blusunrize.immersiveengineering.common.items.ItemRailgun,轨道炮
ImmersiveEngineering:mold,4610,false,ImmersiveEngineering,blusunrize.immersiveengineering.common.items.ItemIEBase,金属冲压模具:板材
Mantle:mantleBook,4611,false,Mantle,mantle.items.Manual,Mantle:item.mantle.manual.test.name
MineFactoryReloaded:hammer,4612,false,MineFactoryReloaded,powercrystals.minefactoryreloaded.item.tool.ItemFactoryHammer,精密锻造锤
MineFactoryReloaded:plastic.boots,4613,false,MineFactoryReloaded,powercrystals.minefactoryreloaded.item.ItemPlasticBoots,塑料靴子
MineFactoryReloaded:rubber.raw,4614,false,MineFactoryReloaded,powercrystals.minefactoryreloaded.item.base.ItemFactory,生橡胶
MineFactoryReloaded:rubber.bar,4615,false,MineFactoryReloaded,powercrystals.minefactoryreloaded.item.base.ItemFactory,橡胶杆
MineFactoryReloaded:plastic.raw,4616,false,MineFactoryReloaded,powercrystals.minefactoryreloaded.item.base.ItemFactory,生塑料
MineFactoryReloaded:plastic.sheet,4617,false,MineFactoryReloaded,powercrystals.minefactoryreloaded.item.base.ItemFactory,塑料片
MineFactoryReloaded:plastic.helm,4618,false,MineFactoryReloaded,powercrystals.minefactoryreloaded.item.base.ItemFactoryArmor,塑料头盔
MineFactoryReloaded:plastic.chest,4619,false,MineFactoryReloaded,powercrystals.minefactoryreloaded.item.base.ItemFactoryArmor,塑料胸甲
MineFactoryReloaded:plastic.legs,4620,false,MineFactoryReloaded,powercrystals.minefactoryreloaded.item.base.ItemFactoryArmor,塑料护腿
MineFactoryReloaded:glass.helm,4621,false,MineFactoryReloaded,powercrystals.minefactoryreloaded.item.base.ItemFactoryArmor,Sunglasses
MineFactoryReloaded:upgrade.radius,4622,false,MineFactoryReloaded,powercrystals.minefactoryreloaded.item.ItemUpgrade,升级插件(青金石)
MineFactoryReloaded:rednet.meter,4623,false,MineFactoryReloaded,powercrystals.minefactoryreloaded.item.tool.ItemRedNetMeter,红石网络读数表
MineFactoryReloaded:rednet.memorycard,4624,false,MineFactoryReloaded,powercrystals.minefactoryreloaded.item.tool.ItemRedNetMemoryCard,PRC内存卡
MineFactoryReloaded:upgrade.logic,4625,false,MineFactoryReloaded,powercrystals.minefactoryreloaded.item.ItemLogicUpgradeCard,PRC LX-100型逻辑扩展卡
MineFactoryReloaded:meat.ingot.raw,4626,false,MineFactoryReloaded,powercrystals.minefactoryreloaded.item.base.ItemFactoryFood,生肉锭
MineFactoryReloaded:meat.ingot.cooked,4627,false,MineFactoryReloaded,powercrystals.minefactoryreloaded.item.base.ItemFactoryFood,烤肉锭
MineFactoryReloaded:meat.nugget.raw,4628,false,MineFactoryReloaded,powercrystals.minefactoryreloaded.item.base.ItemFactoryFood,生肉粒
MineFactoryReloaded:meat.nugget.cooked,4629,false,MineFactoryReloaded,powercrystals.minefactoryreloaded.item.base.ItemFactoryFood,烤肉粒
MineFactoryReloaded:pinkslime,4630,false,MineFactoryReloaded,powercrystals.minefactoryreloaded.item.ItemPinkSlime,粉色粘液球
MineFactoryReloaded:syringe.empty,4631,false,MineFactoryReloaded,powercrystals.minefactoryreloaded.item.syringe.ItemSyringeLiquid,空注射器
MineFactoryReloaded:syringe.health,4632,false,MineFactoryReloaded,powercrystals.minefactoryreloaded.item.syringe.ItemSyringeHealth,治愈药水注射器
MineFactoryReloaded:syringe.growth,4633,false,MineFactoryReloaded,powercrystals.minefactoryreloaded.item.syringe.ItemSyringeGrowth,生长激素注射器
MineFactoryReloaded:syringe.zombie,4634,false,MineFactoryReloaded,powercrystals.minefactoryreloaded.item.syringe.ItemSyringeZombie,僵尸病毒注射器
MineFactoryReloaded:syringe.slime,4635,false,MineFactoryReloaded,powercrystals.minefactoryreloaded.item.syringe.ItemSyringeSlime,史莱姆增殖素注射器
MineFactoryReloaded:syringe.cure,4636,false,MineFactoryReloaded,powercrystals.minefactoryreloaded.item.syringe.ItemSyringeCure,僵尸疫苗注射器
MineFactoryReloaded:safarinet.launcher,4637,false,MineFactoryReloaded,powercrystals.minefactoryreloaded.item.gun.ItemSafariNetLauncher,大师球发射器
MineFactoryReloaded:safarinet.reusable,4638,false,MineFactoryReloaded,powercrystals.minefactoryreloaded.item.ItemSafariNet,大师球
MineFactoryReloaded:safarinet.singleuse,4639,false,MineFactoryReloaded,powercrystals.minefactoryreloaded.item.ItemSafariNet,一次性大师球
MineFactoryReloaded:safarinet.jailer,4640,false,MineFactoryReloaded,powercrystals.minefactoryreloaded.item.ItemSafariNet,狱卒的大师球
MineFactoryReloaded:safarinet.jailer.fancy,4641,false,MineFactoryReloaded,powercrystals.minefactoryreloaded.item.ItemSafariNet,狱卒的黄金大师球
MineFactoryReloaded:portaspawner,4642,false,MineFactoryReloaded,powercrystals.minefactoryreloaded.item.ItemPortaSpawner,刷怪笼-大师球
MineFactoryReloaded:xpextractor,4643,false,MineFactoryReloaded,powercrystals.minefactoryreloaded.item.tool.ItemXpExtractor,XP提取器
MineFactoryReloaded:straw,4644,false,MineFactoryReloaded,powercrystals.minefactoryreloaded.item.tool.ItemStraw,吸管
MineFactoryReloaded:milkbottle,4645,false,MineFactoryReloaded,powercrystals.minefactoryreloaded.item.ItemMilkBottle,牛奶瓶
MineFactoryReloaded:plastic.cup,4646,false,MineFactoryReloaded,powercrystals.minefactoryreloaded.item.ItemFactoryCup,塑料杯
MineFactoryReloaded:plastic.bag,4647,false,MineFactoryReloaded,powercrystals.minefactoryreloaded.item.ItemFactoryBag,塑料包
MineFactoryReloaded:sugarcharcoal,4648,false,MineFactoryReloaded,powercrystals.minefactoryreloaded.item.base.ItemFactory,竹炭
MineFactoryReloaded:fertilizer,4649,false,MineFactoryReloaded,powercrystals.minefactoryreloaded.item.base.ItemFactory,工业肥料
MineFactoryReloaded:ceramicdye,4650,false,MineFactoryReloaded,powercrystals.minefactoryreloaded.item.ItemCeramicDye,陶瓷颜料(白色)
MineFactoryReloaded:laserfocus,4651,false,MineFactoryReloaded,powercrystals.minefactoryreloaded.item.base.ItemFactoryColored,镭射聚焦透镜 (白色)
MineFactoryReloaded:record.blank,4652,false,MineFactoryReloaded,powercrystals.minefactoryreloaded.item.base.ItemFactory,空唱片
MineFactoryReloaded:spyglass,4653,false,MineFactoryReloaded,powercrystals.minefactoryreloaded.item.tool.ItemSpyglass,单筒望远镜
MineFactoryReloaded:ruler,4654,false,MineFactoryReloaded,powercrystals.minefactoryreloaded.item.tool.ItemRuler,尺子
MineFactoryReloaded:fishingrod,4655,false,MineFactoryReloaded,powercrystals.minefactoryreloaded.item.tool.ItemFishingRod,炸鱼竿
MineFactoryReloaded:potatolauncher,4656,false,MineFactoryReloaded,powercrystals.minefactoryreloaded.item.gun.ItemPotatoCannon,土豆加农炮
MineFactoryReloaded:needlegun,4657,false,MineFactoryReloaded,powercrystals.minefactoryreloaded.item.gun.ItemNeedleGun,针击枪
MineFactoryReloaded:needlegun.ammo.empty,4658,false,MineFactoryReloaded,powercrystals.minefactoryreloaded.item.base.ItemFactory,空心针管
MineFactoryReloaded:needlegun.ammo.standard,4659,false,MineFactoryReloaded,powercrystals.minefactoryreloaded.item.gun.ammo.ItemNeedlegunAmmoStandard,标准针管
MineFactoryReloaded:needlegun.ammo.pierce,4660,false,MineFactoryReloaded,powercrystals.minefactoryreloaded.item.gun.ammo.ItemNeedlegunAmmoStandard,榴霰针管
MineFactoryReloaded:needlegun.ammo.lava,4661,false,MineFactoryReloaded,powercrystals.minefactoryreloaded.item.gun.ammo.ItemNeedlegunAmmoBlock,岩浆针管
MineFactoryReloaded:needlegun.ammo.sludge,4662,false,MineFactoryReloaded,powercrystals.minefactoryreloaded.item.gun.ammo.ItemNeedlegunAmmoBlock,污泥针管
MineFactoryReloaded:needlegun.ammo.sewage,4663,false,MineFactoryReloaded,powercrystals.minefactoryreloaded.item.gun.ammo.ItemNeedlegunAmmoBlock,污水针管
MineFactoryReloaded:needlegun.ammo.fire,4664,false,MineFactoryReloaded,powercrystals.minefactoryreloaded.item.gun.ammo.ItemNeedlegunAmmoFire,烈焰针管
MineFactoryReloaded:needlegun.ammo.anvil,4665,false,MineFactoryReloaded,powercrystals.minefactoryreloaded.item.gun.ammo.ItemNeedlegunAmmoAnvil,铁砧针管
MineFactoryReloaded:rocketlauncher,4666,false,MineFactoryReloaded,powercrystals.minefactoryreloaded.item.gun.ItemRocketLauncher,自推进反物质火箭发射筒
MineFactoryReloaded:rocket,4667,false,MineFactoryReloaded,powercrystals.minefactoryreloaded.item.gun.ammo.ItemRocket,追踪型自导航反物质火箭
MineFactoryReloaded:bucket.sewage,4668,false,MineFactoryReloaded,powercrystals.minefactoryreloaded.item.base.ItemFactoryBucket,污水桶
MineFactoryReloaded:bucket.sludge,4669,false,MineFactoryReloaded,powercrystals.minefactoryreloaded.item.base.ItemFactoryBucket,污泥桶
MineFactoryReloaded:bucket.essence,4670,false,MineFactoryReloaded,powercrystals.minefactoryreloaded.item.base.ItemFactoryBucket,怪物精华液桶
MineFactoryReloaded:bucket.biofuel,4671,false,MineFactoryReloaded,powercrystals.minefactoryreloaded.item.base.ItemFactoryBucket,生物燃油桶
MineFactoryReloaded:bucket.meat,4672,false,MineFactoryReloaded,powercrystals.minefactoryreloaded.item.base.ItemFactoryBucket,肉汤桶
MineFactoryReloaded:bucket.pinkslime,4673,false,MineFactoryReloaded,powercrystals.minefactoryreloaded.item.base.ItemFactoryBucket,粉色粘液桶
MineFactoryReloaded:bucket.chocolatemilk,4674,false,MineFactoryReloaded,powercrystals.minefactoryreloaded.item.base.ItemFactoryBucket,巧克力牛奶桶
MineFactoryReloaded:bucket.mushroomsoup,4675,false,MineFactoryReloaded,powercrystals.minefactoryreloaded.item.base.ItemFactoryBucket,蘑菇汤桶
TConstruct:goldHead,4676,false,TConstruct,tconstruct.world.items.GoldenHead,黄金头颅
TConstruct:strangeFood,4677,false,TConstruct,tconstruct.world.items.StrangeFood,胶状黏液
TConstruct:oreBerries,4678,false,TConstruct,tconstruct.world.items.OreBerries,铁矿莓
TConstruct:titleIcon,4679,false,TConstruct,tconstruct.tools.items.TitleIcon,生成 蓝色史莱姆
TConstruct:blankPattern,4680,false,TConstruct,tconstruct.achievements.items.CraftAchievementItem,空白模具
TConstruct:materials,4681,false,TConstruct,tconstruct.tools.items.MaterialItem,纸叠
TConstruct:woodPattern,4682,false,TConstruct,tconstruct.tools.items.Pattern,item.tconstruct.Pattern.ingot.name
TConstruct:manualBook,4683,false,TConstruct,tconstruct.tools.items.Manual,匠魂宝典 I
TConstruct:pickaxe,4684,false,TConstruct,tconstruct.items.tools.Pickaxe,镐
TConstruct:shovel,4685,false,TConstruct,tconstruct.items.tools.Shovel,铲
TConstruct:hatchet,4686,false,TConstruct,tconstruct.items.tools.Hatchet,手斧
TConstruct:broadsword,4687,false,TConstruct,tconstruct.items.tools.Broadsword,大剑
TConstruct:longsword,4688,false,TConstruct,tconstruct.items.tools.Longsword,长剑
TConstruct:rapier,4689,false,TConstruct,tconstruct.items.tools.Rapier,西洋剑
TConstruct:dagger,4690,false,TConstruct,tconstruct.items.tools.Dagger,匕首
TConstruct:cutlass,4691,false,TConstruct,tconstruct.items.tools.Cutlass,弯刀
TConstruct:frypan,4692,false,TConstruct,tconstruct.items.tools.FryingPan,煎锅
TConstruct:battlesign,4693,false,TConstruct,tconstruct.items.tools.BattleSign,战斗牌子
TConstruct:mattock,4694,false,TConstruct,tconstruct.items.tools.Mattock,鹤嘴锄
TConstruct:chisel,4695,false,TConstruct,tconstruct.items.tools.Chisel,凿子
TConstruct:lumberaxe,4696,false,TConstruct,tconstruct.items.tools.LumberAxe,伐木斧
TConstruct:cleaver,4697,false,TConstruct,tconstruct.items.tools.Cleaver,劈刀
TConstruct:scythe,4698,false,TConstruct,tconstruct.items.tools.Scythe,镰刀
TConstruct:excavator,4699,false,TConstruct,tconstruct.items.tools.Excavator,开掘铲
TConstruct:hammer,4700,false,TConstruct,tconstruct.items.tools.Hammer,锤
TConstruct:battleaxe,4701,false,TConstruct,tconstruct.items.tools.Battleaxe,战斧
TConstruct:potionLauncher,4702,false,TConstruct,tconstruct.items.tools.PotionLauncher,药水发射器
TConstruct:toolRod,4703,false,TConstruct,tconstruct.library.tools.DynamicToolPart,木手柄
TConstruct:toolShard,4704,false,TConstruct,tconstruct.tools.items.ToolShard,木碎片
TConstruct:pickaxeHead,4705,false,TConstruct,tconstruct.library.tools.DynamicToolPart,木镐头
TConstruct:shovelHead,4706,false,TConstruct,tconstruct.library.tools.DynamicToolPart,木铲头
TConstruct:hatchetHead,4707,false,TConstruct,tconstruct.library.tools.DynamicToolPart,木斧刃
TConstruct:binding,4708,false,TConstruct,tconstruct.library.tools.DynamicToolPart,木绑定结
TConstruct:toughBinding,4709,false,TConstruct,tconstruct.library.tools.DynamicToolPart,木坚韧绑定结
TConstruct:toughRod,4710,false,TConstruct,tconstruct.library.tools.DynamicToolPart,木坚韧手柄
TConstruct:heavyPlate,4711,false,TConstruct,tconstruct.library.tools.DynamicToolPart,木大板
TConstruct:swordBlade,4712,false,TConstruct,tconstruct.library.tools.DynamicToolPart,木剑刃
TConstruct:wideGuard,4713,false,TConstruct,tconstruct.library.tools.DynamicToolPart,木宽护手
TConstruct:handGuard,4714,false,TConstruct,tconstruct.library.tools.DynamicToolPart,木护手
TConstruct:crossbar,4715,false,TConstruct,tconstruct.library.tools.DynamicToolPart,木十字柄
TConstruct:knifeBlade,4716,false,TConstruct,tconstruct.library.tools.DynamicToolPart,木刀刃
TConstruct:fullGuard,4717,false,TConstruct,tconstruct.library.tools.DynamicToolPart,木大型护手
TConstruct:frypanHead,4718,false,TConstruct,tconstruct.library.tools.DynamicToolPart,木盘
TConstruct:signHead,4719,false,TConstruct,tconstruct.library.tools.DynamicToolPart,木牌板
TConstruct:chiselHead,4720,false,TConstruct,tconstruct.library.tools.DynamicToolPart,木凿头
TConstruct:scytheBlade,4721,false,TConstruct,tconstruct.library.tools.DynamicToolPart,木镰刀刀刃
TConstruct:broadAxeHead,4722,false,TConstruct,tconstruct.library.tools.DynamicToolPart,木宽斧刃
TConstruct:excavatorHead,4723,false,TConstruct,tconstruct.library.tools.DynamicToolPart,木开掘铲头
TConstruct:largeSwordBlade,4724,false,TConstruct,tconstruct.library.tools.DynamicToolPart,木宽剑刃
TConstruct:hammerHead,4725,false,TConstruct,tconstruct.library.tools.DynamicToolPart,木锤头
TConstruct:creativeModifier,4726,false,TConstruct,tconstruct.tools.items.CreativeModifier,创造工具强化槽
TConstruct:buckets,4727,false,TConstruct,tconstruct.smeltery.items.FilledBucket,熔融铁桶
TConstruct:metalPattern,4728,false,TConstruct,tconstruct.smeltery.items.MetalPattern,锭铸模
TConstruct:clayPattern,4729,false,TConstruct,tconstruct.smeltery.items.ClayPattern,锭黏土铸模
TConstruct:diamondApple,4730,false,TConstruct,tconstruct.armor.items.DiamondApple,钻石苹果
TConstruct:jerky,4731,false,TConstruct,tconstruct.armor.items.Jerky,牛肉干
TConstruct:heartCanister,4732,false,TConstruct,tconstruct.armor.items.HeartCanister,心之容器外壳
TConstruct:knapsack,4733,false,TConstruct,tconstruct.armor.items.Knapsack,背包
TConstruct:helmetWood,4734,false,TConstruct,tconstruct.armor.items.ArmorBasic,木头盔
TConstruct:chestplateWood,4735,false,TConstruct,tconstruct.armor.items.ArmorBasic,木胸甲
TConstruct:leggingsWood,4736,false,TConstruct,tconstruct.armor.items.ArmorBasic,木护腿
TConstruct:bootsWood,4737,false,TConstruct,tconstruct.armor.items.ArmorBasic,木靴子
TConstruct:travelGoggles,4738,false,TConstruct,tconstruct.armor.items.TravelGear,旅行者护目镜
TConstruct:travelVest,4739,false,TConstruct,tconstruct.armor.items.TravelGear,旅行者马甲
TConstruct:travelWings,4740,false,TConstruct,tconstruct.armor.items.TravelWings,旅行者之翼
TConstruct:travelBoots,4741,false,TConstruct,tconstruct.armor.items.TravelGear,旅行者靴子
TConstruct:travelGlove,4742,false,TConstruct,tconstruct.armor.items.TravelGlove,旅行者手套
TConstruct:travelBelt,4743,false,TConstruct,tconstruct.armor.items.TravelBelt,旅行者腰带
TConstruct:bowstring,4744,false,TConstruct,tconstruct.tools.items.Bowstring,弓弦
TConstruct:arrowhead,4745,false,TConstruct,tconstruct.library.tools.DynamicToolPart,木箭头
TConstruct:fletching,4746,false,TConstruct,tconstruct.tools.items.Fletching,羽毛箭羽
TConstruct:ShurikenPart,4747,false,TConstruct,tconstruct.library.tools.DynamicToolPart,木手里剑
TConstruct:BowLimbPart,4748,false,TConstruct,tconstruct.library.tools.DynamicToolPart,木弓臂
TConstruct:CrossbowLimbPart,4749,false,TConstruct,tconstruct.library.tools.DynamicToolPart,木弩臂
TConstruct:CrossbowBodyPart,4750,false,TConstruct,tconstruct.library.tools.DynamicToolPart,木弩身
TConstruct:BoltPart,4751,false,TConstruct,tconstruct.library.tools.DualMaterialToolPart,木弩箭
TConstruct:Shuriken,4752,false,TConstruct,tconstruct.weaponry.weapons.Shuriken,工具/武器
TConstruct:ThrowingKnife,4753,false,TConstruct,tconstruct.weaponry.weapons.ThrowingKnife,工具/武器
TConstruct:Javelin,4754,false,TConstruct,tconstruct.weaponry.weapons.Javelin,工具/武器
TConstruct:ShortBow,4755,false,TConstruct,tconstruct.weaponry.weapons.ShortBow,工具/武器
TConstruct:LongBow,4756,false,TConstruct,tconstruct.weaponry.weapons.LongBow,工具/武器
TConstruct:Crossbow,4757,false,TConstruct,tconstruct.weaponry.weapons.Crossbow,工具/武器
TConstruct:ArrowAmmo,4758,false,TConstruct,tconstruct.weaponry.ammo.ArrowAmmo,工具/武器
TConstruct:BoltAmmo,4759,false,TConstruct,tconstruct.weaponry.ammo.BoltAmmo,工具/武器
TConstruct:Pattern,4760,false,TConstruct,tconstruct.weaponry.items.WeaponryPattern,手里剑模具
TConstruct:Cast,4761,false,TConstruct,tconstruct.weaponry.items.WeaponryPattern,手里剑铸模
TConstruct:Clay Cast,4762,false,TConstruct,tconstruct.weaponry.items.WeaponryPatternClay,item.tconstruct.ClayPattern..name
TConstruct:GlassArrows,4763,false,TConstruct,tconstruct.weaponry.items.GlassArrows,玻璃箭矢
TConstruct:Boneana,4764,false,TConstruct,tconstruct.weaponry.items.Boneana,大剑
TConstruct:slimesling,4765,false,TConstruct,tconstruct.gadgets.item.ItemSlimeSling,史莱姆弹弓
TConstruct:slime_boots,4766,false,TConstruct,tconstruct.gadgets.item.ItemSlimeBoots,史莱姆靴子
TConstruct:gearCast,4767,false,TConstruct,tconstruct.plugins.gears.GearCast,齿轮铸模
DraconicEvolution:draconicDistructionStaff,4768,false,DraconicEvolution,com.brandon3055.draconicevolution.common.items.tools.DraconicDistructionStaff,龙之权杖
DraconicEvolution:draconicPickaxe,4769,false,DraconicEvolution,com.brandon3055.draconicevolution.common.items.tools.DraconicPickaxe,龙之镐
DraconicEvolution:draconicAxe,4770,false,DraconicEvolution,com.brandon3055.draconicevolution.common.items.tools.DraconicAxe,龙之斧
DraconicEvolution:draconicShovel,4771,false,DraconicEvolution,com.brandon3055.draconicevolution.common.items.tools.DraconicShovel,龙之铲
DraconicEvolution:draconicHoe,4772,false,DraconicEvolution,com.brandon3055.draconicevolution.common.items.tools.DraconicHoe,龙之锄
DraconicEvolution:draconicSword,4773,false,DraconicEvolution,com.brandon3055.draconicevolution.common.items.weapons.DraconicSword,龙之剑
DraconicEvolution:draconicBow,4774,false,DraconicEvolution,com.brandon3055.draconicevolution.common.items.weapons.DraconicBow,龙之弓
DraconicEvolution:draconicHelm,4775,false,DraconicEvolution,com.brandon3055.draconicevolution.common.items.armor.DraconicArmor,龙之头盔
DraconicEvolution:draconicChest,4776,false,DraconicEvolution,com.brandon3055.draconicevolution.common.items.armor.DraconicArmor,龙之胸甲
DraconicEvolution:draconicLeggs,4777,false,DraconicEvolution,com.brandon3055.draconicevolution.common.items.armor.DraconicArmor,龙之护腿
DraconicEvolution:draconicBoots,4778,false,DraconicEvolution,com.brandon3055.draconicevolution.common.items.armor.DraconicArmor,龙之靴
DraconicEvolution:wyvernPickaxe,4779,false,DraconicEvolution,com.brandon3055.draconicevolution.common.items.tools.WyvernPickaxe,双足飞龙镐
DraconicEvolution:wyvernShovel,4780,false,DraconicEvolution,com.brandon3055.draconicevolution.common.items.tools.WyvernShovel,双足飞龙铲
DraconicEvolution:wyvernSword,4781,false,DraconicEvolution,com.brandon3055.draconicevolution.common.items.weapons.WyvernSword,双足飞龙剑
DraconicEvolution:wyvernBow,4782,false,DraconicEvolution,com.brandon3055.draconicevolution.common.items.weapons.WyvernBow,双足飞龙弓
DraconicEvolution:wyvernHelm,4783,false,DraconicEvolution,com.brandon3055.draconicevolution.common.items.armor.WyvernArmor,双足飞龙头盔
DraconicEvolution:wyvernChest,4784,false,DraconicEvolution,com.brandon3055.draconicevolution.common.items.armor.WyvernArmor,双足飞龙胸甲
DraconicEvolution:wyvernLeggs,4785,false,DraconicEvolution,com.brandon3055.draconicevolution.common.items.armor.WyvernArmor,双足飞龙护腿
DraconicEvolution:wyvernBoots,4786,false,DraconicEvolution,com.brandon3055.draconicevolution.common.items.armor.WyvernArmor,双足飞龙靴
DraconicEvolution:draconicCore,4787,false,DraconicEvolution,com.brandon3055.draconicevolution.common.items.DraconicCore,龙芯
DraconicEvolution:wyvernCore,4788,false,DraconicEvolution,com.brandon3055.draconicevolution.common.items.WyvernCore,双足飞龙核心
DraconicEvolution:awakenedCore,4789,false,DraconicEvolution,com.brandon3055.draconicevolution.common.items.AwakenedCore,觉醒核心
DraconicEvolution:chaoticCore,4790,false,DraconicEvolution,com.brandon3055.draconicevolution.common.items.ChaoticCore,混沌核心
DraconicEvolution:draconiumDust,4791,false,DraconicEvolution,com.brandon3055.draconicevolution.common.items.DraconiumDust,龙尘
DraconicEvolution:draconiumIngot,4792,false,DraconicEvolution,com.brandon3055.draconicevolution.common.items.DraconiumIngot,龙锭
DraconicEvolution:draconiumBlend,4793,false,DraconicEvolution,com.brandon3055.draconicevolution.common.items.DraconiumBlend,混合龙尘（已移除）
DraconicEvolution:dragonHeart,4794,false,DraconicEvolution,com.brandon3055.draconicevolution.common.items.DragonHeart,龙之心
DraconicEvolution:teleporterMKI,4795,false,DraconicEvolution,com.brandon3055.draconicevolution.common.items.tools.TeleporterMKI,错位宝石
DraconicEvolution:teleporterMKII,4796,false,DraconicEvolution,com.brandon3055.draconicevolution.common.items.tools.TeleporterMKII,高级错位宝石
DraconicEvolution:tclogo,4797,false,DraconicEvolution,com.brandon3055.draconicevolution.common.items.Tclogo,TCLogo
DraconicEvolution:sunFocus,4798,false,DraconicEvolution,com.brandon3055.draconicevolution.common.items.SunFocus,日光焦点
DraconicEvolution:mobSoul,4799,false,DraconicEvolution,com.brandon3055.draconicevolution.common.items.MobSoul,怪物灵魂
DraconicEvolution:enderArrow,4800,false,DraconicEvolution,com.brandon3055.draconicevolution.common.items.tools.EnderArrow,末影箭
DraconicEvolution:safetyMatch,4801,false,DraconicEvolution,com.brandon3055.draconicevolution.common.items.tools.SafetyMatch,安全火柴盒
DraconicEvolution:key,4802,false,DraconicEvolution,com.brandon3055.draconicevolution.common.items.Key,钥匙
DraconicEvolution:creativeStructureSpawner,4803,false,DraconicEvolution,com.brandon3055.draconicevolution.common.items.tools.CreativeStructureSpawner,生成彗星
DraconicEvolution:adminSpawnEgg,4804,false,DraconicEvolution,com.brandon3055.draconicevolution.common.items.tools.AdminSpawnEgg,Spawn 
DraconicEvolution:infoTablet,4805,false,DraconicEvolution,com.brandon3055.draconicevolution.common.items.InfoTablet,龙之研究信息板
DraconicEvolution:draconicIngot,4806,false,DraconicEvolution,com.brandon3055.draconicevolution.common.items.DraconicIngot,觉醒龙锭
DraconicEvolution:draconiumEnergyCore,4807,false,DraconicEvolution,com.brandon3055.draconicevolution.common.items.DraconiumEnergyCore,双足飞龙能量核心
DraconicEvolution:draconiumFluxCapacitor,4808,false,DraconicEvolution,com.brandon3055.draconicevolution.common.items.tools.DraconiumFluxCapacitor,双足飞龙通量电容器
DraconicEvolution:wrench,4809,false,DraconicEvolution,com.brandon3055.draconicevolution.common.items.tools.Wrench,连接扳手
DraconicEvolution:chaosShard,4810,false,DraconicEvolution,com.brandon3055.draconicevolution.common.items.ChaosShard,混沌碎片
DraconicEvolution:reactorCraftingPart,4811,false,DraconicEvolution,com.brandon3055.draconicevolution.common.items.ReactorStabiliserPart,反应堆稳定器支架
DraconicEvolution:nugget,4812,false,DraconicEvolution,com.brandon3055.draconicevolution.common.items.Nugget,龙粒
DraconicEvolution:chaosFragment,4813,false,DraconicEvolution,com.brandon3055.draconicevolution.common.items.ChaosFragment,微小混沌残片
DraconicEvolution:magnet,4814,false,DraconicEvolution,com.brandon3055.draconicevolution.common.items.tools.Magnet,物品错位器
DraconicEvolution:dezilsMarshmallow,4815,false,DraconicEvolution,com.brandon3055.draconicevolution.common.items.DezilsMarshmallow,Dezil的棉花糖
EnderIO:itemCoordSelector,4816,false,EnderIO,crazypants.enderio.teleport.telepad.ItemCoordSelector,Unnamed
EnderIO:itemFusedQuartzFrame,4817,false,EnderIO,crazypants.enderio.material.ItemFusedQuartzFrame,石英玻璃框
EnderIO:itemConduitFacade,4818,false,EnderIO,crazypants.enderio.conduit.facade.ItemConduitFacade,导管框架
EnderIO:itemBrokenSpawner,4819,false,EnderIO,crazypants.enderio.machine.spawner.ItemBrokenSpawner,破损的刷怪笼
EnderIO:itemFrankenSkull,4820,false,EnderIO,crazypants.enderio.material.ItemFrankenSkull,僵尸电极
EnderIO:itemRedstoneConduit,4821,false,EnderIO,crazypants.enderio.conduit.redstone.ItemRedstoneConduit,红石导管
EnderIO:itemPowerConduit,4822,false,EnderIO,crazypants.enderio.conduit.power.ItemPowerConduit,能量导管
EnderIO:itemPowerConduitEndergy,4823,false,EnderIO,crazypants.enderio.conduit.power.endergy.ItemPowerConduitEndergy,复合黏土能量导管
EnderIO:itemLiquidConduit,4824,false,EnderIO,crazypants.enderio.conduit.liquid.ItemLiquidConduit,流体导管
EnderIO:itemItemConduit,4825,false,EnderIO,crazypants.enderio.conduit.item.ItemItemConduit,物品导管
EnderIO:itemMEConduit,4826,false,EnderIO,crazypants.enderio.conduit.me.ItemMEConduit,ME导管
EnderIO:itemBasicFilterUpgrade,4827,false,EnderIO,crazypants.enderio.conduit.item.filter.ItemBasicItemFilter,基础物品过滤器
EnderIO:itemBigFilterUpgrade,4828,false,EnderIO,crazypants.enderio.conduit.item.filter.ItemBigItemFilter,大型物品过滤器
EnderIO:itemExistingItemFilter,4829,false,EnderIO,crazypants.enderio.conduit.item.filter.ItemExistingItemFilter,现有物品过滤器
EnderIO:itemLimitedItemFilter,4830,false,EnderIO,crazypants.enderio.conduit.item.filter.ItemLimitedItemFilter,限制物品过滤器
EnderIO:itemModItemFilter,4831,false,EnderIO,crazypants.enderio.conduit.item.filter.ItemModItemFilter,模组物品过滤器
EnderIO:itemPowerItemFilter,4832,false,EnderIO,crazypants.enderio.conduit.item.filter.ItemPowerItemFilter,充能物品过滤器
EnderIO:itemExtractSpeedUpgrade,4833,false,EnderIO,crazypants.enderio.conduit.item.ItemExtractSpeedUpgrade,物品导管速度升级
EnderIO:itemFunctionUpgrade,4834,false,EnderIO,crazypants.enderio.conduit.item.ItemFunctionUpgrade,远程接入升级
EnderIO:itemBasicCapacitor,4835,false,EnderIO,crazypants.enderio.material.ItemCapacitor,基础电容
EnderIO:itemMachinePart,4836,false,EnderIO,crazypants.enderio.material.ItemMachinePart,机器框架
EnderIO:itemMaterial,4837,false,EnderIO,crazypants.enderio.material.ItemMaterial,硅
EnderIO:itemAlloy,4838,false,EnderIO,crazypants.enderio.material.ItemAlloy,磁钢锭
EnderIO:itemGrindingBall,4839,false,EnderIO,crazypants.enderio.material.ItemGrindingBall,磁钢磨球
EnderIO:itemAlloyEndergy,4840,false,EnderIO,crazypants.enderio.material.endergy.ItemAlloyEndergy,复合黏土
EnderIO:itemGrindingBallEndergy,4841,false,EnderIO,crazypants.enderio.material.endergy.ItemGrindingBallEndergy,复合黏土磨球
EnderIO:itemPowderIngot,4842,false,EnderIO,crazypants.enderio.material.ItemPowderIngot,煤粉
EnderIO:bucketNutrient_distillation,4843,false,EnderIO,crazypants.enderio.fluid.ItemBucketEio,营养精华液桶
EnderIO:bucketHootch,4844,false,EnderIO,crazypants.enderio.fluid.ItemBucketEio,烈酒桶
EnderIO:bucketRocket_fuel,4845,false,EnderIO,crazypants.enderio.fluid.ItemBucketEio,火箭燃料桶
EnderIO:bucketFire_water,4846,false,EnderIO,crazypants.enderio.fluid.ItemBucketEio,火焰水桶
EnderIO:bucketLiquid_sunshine,4847,false,EnderIO,crazypants.enderio.fluid.ItemBucketEio,液态阳光桶
EnderIO:bucketCloud_seed,4848,false,EnderIO,crazypants.enderio.fluid.ItemBucketEio,云之精华桶
EnderIO:bucketCloud_seed_concentrated,4849,false,EnderIO,crazypants.enderio.fluid.ItemBucketEio,浓缩云之精华桶
EnderIO:bucketEnder_distillation,4850,false,EnderIO,crazypants.enderio.fluid.ItemBucketEio,深渊露水桶
EnderIO:bucketVapor_of_levity,4851,false,EnderIO,crazypants.enderio.fluid.ItemBucketEio,轻盈之气桶
EnderIO:itemYetaWrench,4852,false,EnderIO,crazypants.enderio.item.ItemYetaWrench$$EnhancerByCGLIB$$3ec722a3,以太扳手
EnderIO:itemEnderface,4853,false,EnderIO,crazypants.enderio.enderface.ItemEnderface,末影面板
EnderIO:itemTravelStaff,4854,false,EnderIO,crazypants.enderio.teleport.ItemTravelStaff,旅行权杖
EnderIO:itemTeleportStaff,4855,false,EnderIO,crazypants.enderio.teleport.ItemTeleportStaff,传送权杖
EnderIO:itemConduitProbe,4856,false,EnderIO,crazypants.enderio.item.ItemConduitProbe,导管探测器
EnderIO:itemXpTransfer,4857,false,EnderIO,crazypants.enderio.machine.obelisk.xp.ItemXpTransfer,经验棒
EnderIO:itemSoulVessel,4858,false,EnderIO,crazypants.enderio.item.ItemSoulVessel,灵魂瓶
EnderIO:itemEnderFood,4859,false,EnderIO,crazypants.enderio.item.ItemEnderFood,"末影麦片"
EnderIO:itemGliderWing,4860,false,EnderIO,crazypants.enderio.item.darksteel.ItemGliderWing,滑翔机翼
EnderIO:item.darkSteel_helmet,4861,false,EnderIO,crazypants.enderio.item.darksteel.ItemDarkSteelArmor,玄钢头盔
EnderIO:item.darkSteel_chestplate,4862,false,EnderIO,crazypants.enderio.item.darksteel.ItemDarkSteelArmor,玄钢胸甲
EnderIO:item.darkSteel_leggings,4863,false,EnderIO,crazypants.enderio.item.darksteel.ItemDarkSteelArmor,玄钢护腿
EnderIO:item.darkSteel_boots,4864,false,EnderIO,crazypants.enderio.item.darksteel.ItemDarkSteelArmor,玄钢靴子
EnderIO:item.darkSteel_sword,4865,false,EnderIO,crazypants.enderio.item.darksteel.ItemDarkSteelSword,终结之剑
EnderIO:item.darkSteel_pickaxe,4866,false,EnderIO,crazypants.enderio.item.darksteel.ItemDarkSteelPickaxe,玄钢镐
EnderIO:item.darkSteel_axe,4867,false,EnderIO,crazypants.enderio.item.darksteel.ItemDarkSteelAxe,玄钢斧
EnderIO:item.darkSteel_shears,4868,false,EnderIO,crazypants.enderio.item.darksteel.ItemDarkSteelShears,玄钢剪
EnderIO:item.endSteel_helmet,4869,false,EnderIO,crazypants.enderio.item.darksteel.ItemEndSteelArmor,末影钢头盔
EnderIO:item.endSteel_chestplate,4870,false,EnderIO,crazypants.enderio.item.darksteel.ItemEndSteelArmor,末影钢胸甲
EnderIO:item.endSteel_leggings,4871,false,EnderIO,crazypants.enderio.item.darksteel.ItemEndSteelArmor,末影钢护腿
EnderIO:item.endSteel_boots,4872,false,EnderIO,crazypants.enderio.item.darksteel.ItemEndSteelArmor,末影钢靴子
EnderIO:item.endSteel_sword,4873,false,EnderIO,crazypants.enderio.item.darksteel.ItemEndSteelSword,终结之剑 MK-II
EnderIO:item.endSteel_pickaxe,4874,false,EnderIO,crazypants.enderio.item.darksteel.ItemEndSteelPickaxe,末影钢镐
EnderIO:item.endSteel_axe,4875,false,EnderIO,crazypants.enderio.item.darksteel.ItemEndSteelAxe,末影钢斧
EnderIO:item.stellar_helmet,4876,false,EnderIO,crazypants.enderio.item.darksteel.ItemStellarArmor,恒星合金头盔
EnderIO:item.stellar_chestplate,4877,false,EnderIO,crazypants.enderio.item.darksteel.ItemStellarArmor,恒星合金胸甲
EnderIO:item.stellar_leggings,4878,false,EnderIO,crazypants.enderio.item.darksteel.ItemStellarArmor,恒星合金护腿
EnderIO:item.stellar_boots,4879,false,EnderIO,crazypants.enderio.item.darksteel.ItemStellarArmor,恒星合金靴子
EnderIO:item.stellar_sword,4880,false,EnderIO,crazypants.enderio.item.darksteel.ItemStellarSword,终结之剑 MK-IV
EnderIO:item.stellar_pickaxe,4881,false,EnderIO,crazypants.enderio.item.darksteel.ItemStellarPickaxe,恒星合金镐
EnderIO:item.stellar_axe,4882,false,EnderIO,crazypants.enderio.item.darksteel.ItemStellarAxe,恒星合金斧
EnderIO:itemMagnet,4883,false,EnderIO,crazypants.enderio.item.ItemMagnet,电磁铁
EnderIOAddons:bucketBrine1,4884,false,EnderIOAddons,crazypants.enderio.fluid.ItemBucketEio,淡盐水桶
EnderIOAddons:bucketBrine2,4885,false,EnderIOAddons,crazypants.enderio.fluid.ItemBucketEio,盐水桶
EnderIOAddons:bucketBrine3,4886,false,EnderIOAddons,crazypants.enderio.fluid.ItemBucketEio,浓盐水桶
EnderIOAddons:bucketBrine4,4887,false,EnderIOAddons,crazypants.enderio.fluid.ItemBucketEio,固态盐水桶
EnderIOAddons:itemMachineParts,4888,false,EnderIOAddons,loenwind.enderioaddons.machine.part.ItemMachinePart,空机器框架
EnderTech:endertech.exchanger,4889,false,EnderTech,io.endertech.item.ItemExchanger,创造转换器
EnderZoo:enderZooIcon,4890,false,EnderZoo,crazypants.enderzoo.item.ItemForCreativeMenuIcon,末影动物园图标
EnderZoo:itemSpawnEggEnderZoo,4891,false,EnderZoo,crazypants.enderzoo.item.ItemSpawnEgg,生成 迷你末影人
EnderZoo:witheringDust,4892,false,EnderZoo,crazypants.enderzoo.item.ItemWitheringDust,凋零粉末
EnderZoo:confusingDust,4893,false,EnderZoo,crazypants.enderzoo.item.ItemConfusingDust,混乱粉末
EnderZoo:enderFragment,4894,false,EnderZoo,crazypants.enderzoo.item.ItemEnderFragment,末影碎片
EnderZoo:guardiansBow,4895,false,EnderZoo,crazypants.enderzoo.item.ItemGuardiansBow,守卫者之弓
exnihilo:bucket_witchwater,4896,false,exnihilo,exnihilo.fluids.buckets.ItemBucketWitchWater,巫水桶
exnihilo:hammer_wood,4897,false,exnihilo,exnihilo.items.hammers.ItemHammerWood,木锤
exnihilo:hammer_stone,4898,false,exnihilo,exnihilo.items.hammers.ItemHammerStone,石锤
exnihilo:hammer_iron,4899,false,exnihilo,exnihilo.items.hammers.ItemHammerIron,铁锤
exnihilo:hammer_gold,4900,false,exnihilo,exnihilo.items.hammers.ItemHammerGold,黄金锤
exnihilo:hammer_diamond,4901,false,exnihilo,exnihilo.items.hammers.ItemHammerDiamond,钻石锤
exnihilo:crook,4902,false,exnihilo,exnihilo.items.ItemCrook,钩子
exnihilo:crook_bone,4903,false,exnihilo,exnihilo.items.ItemCrookBone,骨制钩子
exnihilo:silkworm,4904,false,exnihilo,exnihilo.items.ItemSilkworm,蚕
exnihilo:mesh,4905,false,exnihilo,exnihilo.items.ItemMesh,丝网
exnihilo:spores,4906,false,exnihilo,exnihilo.items.ItemSpores,古代孢子
exnihilo:seed_grass,4907,false,exnihilo,exnihilo.items.ItemGrassSeeds,草籽
exnihilo:stone,4908,false,exnihilo,exnihilo.items.ItemStone,石子
exnihilo:porcelain,4909,false,exnihilo,exnihilo.items.ItemPorcelainBall,瓷土
exnihilo:doll,4910,false,exnihilo,exnihilo.items.dolls.ItemDoll,珍贵人偶
exnihilo:doll_angry,4911,false,exnihilo,exnihilo.items.dolls.ItemDollAngry,愤怒人偶
exnihilo:doll_creepy,4912,false,exnihilo,exnihilo.items.dolls.ItemDollCreepy,惊悚人偶
exnihilo:silkworm_cooked,4913,false,exnihilo,exnihilo.items.ItemSilkwormCooked,煮熟的蚕
exnihilo:seed_oak,4914,false,exnihilo,exnihilo.items.seeds.ItemSeedOak,橡子
exnihilo:seed_acacia,4915,false,exnihilo,exnihilo.items.seeds.ItemSeedAcacia,金合欢种子
exnihilo:seed_spruce,4916,false,exnihilo,exnihilo.items.seeds.ItemSeedSpruce,云杉种子
exnihilo:seed_birch,4917,false,exnihilo,exnihilo.items.seeds.ItemSeedBirch,桦木种子
exnihilo:seed_jungle,4918,false,exnihilo,exnihilo.items.seeds.ItemSeedJungle,丛林种子
exnihilo:seed_cactus,4919,false,exnihilo,exnihilo.items.seeds.ItemSeedCactus,仙人掌种子
exnihilo:seed_sugar_cane,4920,false,exnihilo,exnihilo.items.seeds.ItemSeedSugarcane,甘蔗种子
exnihilo:seed_carrot,4921,false,exnihilo,exnihilo.items.seeds.ItemSeedCarrot,萝卜种子
exnihilo:seed_potato,4922,false,exnihilo,exnihilo.items.seeds.ItemSeedPotato,马铃薯种子
exnihilo:seed_rubber,4923,false,exnihilo,exnihilo.items.seeds.ItemSeedRubber,橡胶树种子
exnihilo:ice_shard,4924,false,exnihilo,net.minecraft.item.Item,冰碎片
extracells:part.base,4925,false,extracells,extracells.item.ItemPartECBase,ME流体输出总线
extracells:storage.fluid,4926,false,extracells,extracells.item.ItemStorageFluid,1K-ME流体存储元件
extracells:storage.physical,4927,false,extracells,extracells.item.ItemStoragePhysical,256k-ME存储元件
extracells:storage.physical.advanced.singularity,4928,false,extracells,extracells.item.ItemAdvancedStorageCell,Unnamed
extracells:storage.physical.advanced.quantum,4929,false,extracells,extracells.item.ItemAdvancedStorageCell,Unnamed
extracells:storage.physical.void,4930,false,extracells,extracells.item.ItemVoidStorageCell,Unnamed
extracells:storage.gas,4931,false,extracells,extracells.item.ItemStorageGas,1K-ME气体存储元件
extracells:pattern.fluid,4932,false,extracells,extracells.item.ItemFluidPattern,ME流体模板[WIP]
extracells:terminal.fluid.wireless,4933,false,extracells,extracells.item.ItemWirelessTerminalFluid$,ME无线流体终端
extracells:storage.component,4934,false,extracells,extracells.item.ItemStorageComponent,256K-ME存储组件
extracells:storage.casing,4935,false,extracells,extracells.item.ItemStorageCasing,高级存储外壳
extracells:fluid.item,4936,false,extracells,extracells.item.ItemFluid,null
extracells:storage.fluid.portable,4937,false,extracells,extracells.item.ItemStoragePortableFluidCell$,ME流体便携式元件
extracells:storage.gas.portable,4938,false,extracells,extracells.item.ItemStoragePortableGasCell$,ME气体便携式元件
extracells:pattern.crafting,4939,false,extracells,extracells.item.ItemInternalCraftingPattern,item.extracells.pattern.crafting.name
extracells:terminal.universal.wireless,4940,false,extracells,extracells.item.ItemWirelessTerminalUniversal$,ME无线通用终端
extracells:terminal.gas.wireless,4941,false,extracells,extracells.item.ItemWirelessTerminalGas$,ME无线气体终端
extracells:oc.upgrade,4942,false,extracells,extracells.item.ItemOCUpgrade$,ME升级 (Tier 3)
harvestcraft:cuttingboardItem,4943,false,harvestcraft,com.pam.harvestcraft.ItemPamBlockTool,切肉板
harvestcraft:potItem,4944,false,harvestcraft,com.pam.harvestcraft.ItemPamBlockTool,罐
harvestcraft:skilletItem,4945,false,harvestcraft,com.pam.harvestcraft.ItemPamTool,平底锅
harvestcraft:saucepanItem,4946,false,harvestcraft,com.pam.harvestcraft.ItemPamTool,炖锅
harvestcraft:bakewareItem,4947,false,harvestcraft,com.pam.harvestcraft.ItemPamTool,烤盘
harvestcraft:mortarandpestleItem,4948,false,harvestcraft,com.pam.harvestcraft.ItemPamTool,研钵及研杵
harvestcraft:mixingbowlItem,4949,false,harvestcraft,com.pam.harvestcraft.ItemPamTool,搅拌钵
harvestcraft:juicerItem,4950,false,harvestcraft,com.pam.harvestcraft.ItemPamTool,榨汁机
harvestcraft:saltItem,4951,false,harvestcraft,net.minecraft.item.Item,盐
harvestcraft:freshmilkItem,4952,false,harvestcraft,net.minecraft.item.Item,新鲜牛奶
harvestcraft:freshwaterItem,4953,false,harvestcraft,net.minecraft.item.Item,淡水
harvestcraft:boiledwaterItem,4954,false,harvestcraft,net.minecraft.item.Item,开水
harvestcraft:grainbaitItem,4955,false,harvestcraft,net.minecraft.item.Item,谷物诱饵
harvestcraft:veggiebaitItem,4956,false,harvestcraft,net.minecraft.item.Item,蔬菜诱饵
harvestcraft:fruitbaitItem,4957,false,harvestcraft,net.minecraft.item.Item,水果诱饵
harvestcraft:fishtrapbaitItem,4958,false,harvestcraft,net.minecraft.item.Item,鱼饵
harvestcraft:grubItem,4959,false,harvestcraft,net.minecraft.item.Item,蜜蜂幼虫
harvestcraft:queenbeeItem,4960,false,harvestcraft,com.pam.harvestcraft.ItemPamBee,蜂后
harvestcraft:honeycombItem,4961,false,harvestcraft,net.minecraft.item.Item,蜂窝
harvestcraft:waxcombItem,4962,false,harvestcraft,net.minecraft.item.Item,蜂窝蜡
harvestcraft:honeyItem,4963,false,harvestcraft,net.minecraft.item.ItemFood,蜂蜜
harvestcraft:beeswaxItem,4964,false,harvestcraft,net.minecraft.item.Item,蜂蜡
harvestcraft:royaljellyItem,4965,false,harvestcraft,net.minecraft.item.Item,蜂王浆
harvestcraft:waxItem,4966,false,harvestcraft,net.minecraft.item.Item,蜡
harvestcraft:candleberryItem,4967,false,harvestcraft,com.pam.harvestcraft.ItemPamSeedFood,蜡杨梅
harvestcraft:cottonItem,4968,false,harvestcraft,net.minecraft.item.ItemSeeds,棉花
harvestcraft:wovencottonItem,4969,false,harvestcraft,net.minecraft.item.Item,织棉
harvestcraft:hardenedleatherItem,4970,false,harvestcraft,net.minecraft.item.Item,硬化皮革
harvestcraft:hardenedleatherhelmItem,4971,false,harvestcraft,com.pam.harvestcraft.ItemPamArmor,硬化皮革头盔
harvestcraft:hardenedleatherchestItem,4972,false,harvestcraft,com.pam.harvestcraft.ItemPamArmor,硬化皮革胸甲
harvestcraft:hardenedleatherleggingsItem,4973,false,harvestcraft,com.pam.harvestcraft.ItemPamArmor,硬化皮革护腿
harvestcraft:hardenedleatherbootsItem,4974,false,harvestcraft,com.pam.harvestcraft.ItemPamArmor,硬化皮革靴子
harvestcraft:artichokeseedItem,4975,false,harvestcraft,net.minecraft.item.ItemSeeds,朝鲜蓟种子
harvestcraft:asparagusseedItem,4976,false,harvestcraft,net.minecraft.item.ItemSeeds,芦笋种子
harvestcraft:bambooshootseedItem,4977,false,harvestcraft,net.minecraft.item.ItemSeeds,竹笋种子
harvestcraft:barleyseedItem,4978,false,harvestcraft,net.minecraft.item.ItemSeeds,大麦种子
harvestcraft:beanseedItem,4979,false,harvestcraft,net.minecraft.item.ItemSeeds,大豆种子
harvestcraft:soybeanseedItem,4980,false,harvestcraft,net.minecraft.item.ItemSeeds,黄豆种子
harvestcraft:beetseedItem,4981,false,harvestcraft,net.minecraft.item.ItemSeeds,甜菜种子
harvestcraft:bellpepperseedItem,4982,false,harvestcraft,net.minecraft.item.ItemSeeds,甜椒种子
harvestcraft:blackberryseedItem,4983,false,harvestcraft,net.minecraft.item.ItemSeeds,黑莓种子
harvestcraft:blueberryseedItem,4984,false,harvestcraft,net.minecraft.item.ItemSeeds,蓝莓种子
harvestcraft:broccoliseedItem,4985,false,harvestcraft,net.minecraft.item.ItemSeeds,西兰花种子
harvestcraft:brusselsproutseedItem,4986,false,harvestcraft,net.minecraft.item.ItemSeeds,芽甘蓝种子
harvestcraft:cabbageseedItem,4987,false,harvestcraft,net.minecraft.item.ItemSeeds,卷心菜种子
harvestcraft:cactusfruitseedItem,4988,false,harvestcraft,net.minecraft.item.ItemSeeds,仙人掌果种子
harvestcraft:candleberryseedItem,4989,false,harvestcraft,net.minecraft.item.ItemSeeds,蜡杨梅种子
harvestcraft:cantaloupeseedItem,4990,false,harvestcraft,net.minecraft.item.ItemSeeds,哈密瓜种子
harvestcraft:cauliflowerseedItem,4991,false,harvestcraft,net.minecraft.item.ItemSeeds,花椰菜种子
harvestcraft:celeryseedItem,4992,false,harvestcraft,net.minecraft.item.ItemSeeds,芹菜种子
harvestcraft:chilipepperseedItem,4993,false,harvestcraft,net.minecraft.item.ItemSeeds,辣椒种子
harvestcraft:coffeeseedItem,4994,false,harvestcraft,net.minecraft.item.ItemSeeds,咖啡豆种子
harvestcraft:cornseedItem,4995,false,harvestcraft,net.minecraft.item.ItemSeeds,玉米种子
harvestcraft:cranberryseedItem,4996,false,harvestcraft,net.minecraft.item.ItemSeeds,蔓越莓种子
harvestcraft:cucumberseedItem,4997,false,harvestcraft,net.minecraft.item.ItemSeeds,黄瓜种子
harvestcraft:curryleafseedItem,4998,false,harvestcraft,net.minecraft.item.ItemSeeds,咖喱叶种子
harvestcraft:eggplantseedItem,4999,false,harvestcraft,net.minecraft.item.ItemSeeds,茄子种子
harvestcraft:garlicseedItem,5000,false,harvestcraft,net.minecraft.item.ItemSeeds,大蒜种子
harvestcraft:gingerseedItem,5001,false,harvestcraft,net.minecraft.item.ItemSeeds,姜种子
harvestcraft:grapeseedItem,5002,false,harvestcraft,net.minecraft.item.ItemSeeds,葡萄种子
harvestcraft:kiwiseedItem,5003,false,harvestcraft,net.minecraft.item.ItemSeeds,猕猴桃种子
harvestcraft:leekseedItem,5004,false,harvestcraft,net.minecraft.item.ItemSeeds,韭葱种子
harvestcraft:lettuceseedItem,5005,false,harvestcraft,net.minecraft.item.ItemSeeds,生菜种子
harvestcraft:mustardseedItem,5006,false,harvestcraft,net.minecraft.item.ItemSeeds,芥末种子
harvestcraft:oatsseedItem,5007,false,harvestcraft,net.minecraft.item.ItemSeeds,燕麦种子
harvestcraft:okraseedItem,5008,false,harvestcraft,net.minecraft.item.ItemSeeds,秋葵种子
harvestcraft:onionseedItem,5009,false,harvestcraft,net.minecraft.item.ItemSeeds,洋葱种子
harvestcraft:parsnipseedItem,5010,false,harvestcraft,net.minecraft.item.ItemSeeds,防风草种子
harvestcraft:peanutseedItem,5011,false,harvestcraft,net.minecraft.item.ItemSeeds,花生种子
harvestcraft:peasseedItem,5012,false,harvestcraft,net.minecraft.item.ItemSeeds,豌豆种子
harvestcraft:pineappleseedItem,5013,false,harvestcraft,net.minecraft.item.ItemSeeds,菠萝种子
harvestcraft:radishseedItem,5014,false,harvestcraft,net.minecraft.item.ItemSeeds,小红萝卜
harvestcraft:raspberryseedItem,5015,false,harvestcraft,net.minecraft.item.ItemSeeds,树莓种子
harvestcraft:rhubarbseedItem,5016,false,harvestcraft,net.minecraft.item.ItemSeeds,大黄种子
harvestcraft:riceseedItem,5017,false,harvestcraft,net.minecraft.item.ItemSeeds,水稻种子
harvestcraft:rutabagaseedItem,5018,false,harvestcraft,net.minecraft.item.ItemSeeds,芜菁甘蓝种子
harvestcraft:ryeseedItem,5019,false,harvestcraft,net.minecraft.item.ItemSeeds,黑麦种子
harvestcraft:scallionseedItem,5020,false,harvestcraft,net.minecraft.item.ItemSeeds,青葱种子
harvestcraft:seaweedseedItem,5021,false,harvestcraft,net.minecraft.item.ItemSeeds,海带种子
harvestcraft:sesameseedsseedItem,5022,false,harvestcraft,net.minecraft.item.ItemSeeds,芝麻种子
harvestcraft:spiceleafseedItem,5023,false,harvestcraft,net.minecraft.item.ItemSeeds,香料叶种子
harvestcraft:spinachseedItem,5024,false,harvestcraft,net.minecraft.item.ItemSeeds,菠菜种子
harvestcraft:strawberryseedItem,5025,false,harvestcraft,net.minecraft.item.ItemSeeds,草莓种子
harvestcraft:sweetpotatoseedItem,5026,false,harvestcraft,net.minecraft.item.ItemSeeds,红薯种子
harvestcraft:teaseedItem,5027,false,harvestcraft,net.minecraft.item.ItemSeeds,茶种子
harvestcraft:tomatoseedItem,5028,false,harvestcraft,net.minecraft.item.ItemSeeds,番茄种子
harvestcraft:turnipseedItem,5029,false,harvestcraft,net.minecraft.item.ItemSeeds,芜菁种子
harvestcraft:waterchestnutseedItem,5030,false,harvestcraft,net.minecraft.item.ItemSeeds,荸荠种子
harvestcraft:wintersquashseedItem,5031,false,harvestcraft,net.minecraft.item.ItemSeeds,冬南瓜种子
harvestcraft:zucchiniseedItem,5032,false,harvestcraft,net.minecraft.item.ItemSeeds,西葫芦种子
harvestcraft:sunflowerseedsItem,5033,false,harvestcraft,net.minecraft.item.ItemFood,瓜子
harvestcraft:sesameseedsItem,5034,false,harvestcraft,com.pam.harvestcraft.ItemPamSeedFood,芝麻
harvestcraft:cottonseedItem,5035,false,harvestcraft,net.minecraft.item.ItemSeeds,棉花种子
harvestcraft:whitemushroomseedItem,5036,false,harvestcraft,net.minecraft.item.ItemSeeds,白蘑菇孢子
harvestcraft:artichokeItem,5037,false,harvestcraft,com.pam.harvestcraft.ItemPamSeedFood,朝鲜蓟
harvestcraft:asparagusItem,5038,false,harvestcraft,com.pam.harvestcraft.ItemPamSeedFood,芦笋
harvestcraft:bambooshootItem,5039,false,harvestcraft,com.pam.harvestcraft.ItemPamSeedFood,竹笋
harvestcraft:barleyItem,5040,false,harvestcraft,com.pam.harvestcraft.ItemPamSeedFood,大麦
harvestcraft:beanItem,5041,false,harvestcraft,com.pam.harvestcraft.ItemPamSeedFood,大豆
harvestcraft:beetItem,5042,false,harvestcraft,com.pam.harvestcraft.ItemPamSeedFood,甜菜
harvestcraft:bellpepperItem,5043,false,harvestcraft,com.pam.harvestcraft.ItemPamSeedFood,甜椒
harvestcraft:broccoliItem,5044,false,harvestcraft,com.pam.harvestcraft.ItemPamSeedFood,西兰花
harvestcraft:brusselsproutItem,5045,false,harvestcraft,com.pam.harvestcraft.ItemPamSeedFood,芽甘蓝
harvestcraft:cabbageItem,5046,false,harvestcraft,com.pam.harvestcraft.ItemPamSeedFood,卷心菜
harvestcraft:cactusfruitItem,5047,false,harvestcraft,com.pam.harvestcraft.ItemPamSeedFood,仙人掌果
harvestcraft:cantaloupeItem,5048,false,harvestcraft,com.pam.harvestcraft.ItemPamSeedFood,哈密瓜
harvestcraft:cauliflowerItem,5049,false,harvestcraft,com.pam.harvestcraft.ItemPamSeedFood,花椰菜
harvestcraft:celeryItem,5050,false,harvestcraft,com.pam.harvestcraft.ItemPamSeedFood,芹菜
harvestcraft:chilipepperItem,5051,false,harvestcraft,com.pam.harvestcraft.ItemPamSeedFood,辣椒
harvestcraft:cornItem,5052,false,harvestcraft,com.pam.harvestcraft.ItemPamSeedFood,玉米
harvestcraft:peppercornItem,5053,false,harvestcraft,net.minecraft.item.ItemFood,胡椒
harvestcraft:cucumberItem,5054,false,harvestcraft,com.pam.harvestcraft.ItemPamSeedFood,黄瓜
harvestcraft:eggplantItem,5055,false,harvestcraft,com.pam.harvestcraft.ItemPamSeedFood,茄子
harvestcraft:garlicItem,5056,false,harvestcraft,com.pam.harvestcraft.ItemPamSeedFood,大蒜
harvestcraft:gingerItem,5057,false,harvestcraft,com.pam.harvestcraft.ItemPamSeedFood,姜
harvestcraft:leekItem,5058,false,harvestcraft,com.pam.harvestcraft.ItemPamSeedFood,韭葱
harvestcraft:lettuceItem,5059,false,harvestcraft,com.pam.harvestcraft.ItemPamSeedFood,生菜
harvestcraft:oatsItem,5060,false,harvestcraft,com.pam.harvestcraft.ItemPamSeedFood,燕麦
harvestcraft:okraItem,5061,false,harvestcraft,com.pam.harvestcraft.ItemPamSeedFood,秋葵
harvestcraft:onionItem,5062,false,harvestcraft,com.pam.harvestcraft.ItemPamSeedFood,洋葱
harvestcraft:parsnipItem,5063,false,harvestcraft,com.pam.harvestcraft.ItemPamSeedFood,防风草
harvestcraft:peanutItem,5064,false,harvestcraft,com.pam.harvestcraft.ItemPamSeedFood,花生
harvestcraft:peasItem,5065,false,harvestcraft,com.pam.harvestcraft.ItemPamSeedFood,豌豆
harvestcraft:radishItem,5066,false,harvestcraft,com.pam.harvestcraft.ItemPamSeedFood,小红萝卜
harvestcraft:rhubarbItem,5067,false,harvestcraft,com.pam.harvestcraft.ItemPamSeedFood,大黄
harvestcraft:riceItem,5068,false,harvestcraft,com.pam.harvestcraft.ItemPamSeedFood,水稻
harvestcraft:rutabagaItem,5069,false,harvestcraft,com.pam.harvestcraft.ItemPamSeedFood,芜菁甘蓝
harvestcraft:ryeItem,5070,false,harvestcraft,com.pam.harvestcraft.ItemPamSeedFood,黑麦
harvestcraft:scallionItem,5071,false,harvestcraft,com.pam.harvestcraft.ItemPamSeedFood,青葱
harvestcraft:spiceleafItem,5072,false,harvestcraft,com.pam.harvestcraft.ItemPamSeedFood,香料叶
harvestcraft:spinachItem,5073,false,harvestcraft,com.pam.harvestcraft.ItemPamSeedFood,菠菜
harvestcraft:sweetpotatoItem,5074,false,harvestcraft,com.pam.harvestcraft.ItemPamSeedFood,红薯
harvestcraft:tomatoItem,5075,false,harvestcraft,com.pam.harvestcraft.ItemPamSeedFood,番茄
harvestcraft:turnipItem,5076,false,harvestcraft,com.pam.harvestcraft.ItemPamSeedFood,芜菁
harvestcraft:waterchestnutItem,5077,false,harvestcraft,com.pam.harvestcraft.ItemPamSeedFood,荸荠
harvestcraft:whitemushroomItem,5078,false,harvestcraft,com.pam.harvestcraft.ItemPamSeedFood,白蘑菇
harvestcraft:wintersquashItem,5079,false,harvestcraft,com.pam.harvestcraft.ItemPamSeedFood,冬南瓜
harvestcraft:zucchiniItem,5080,false,harvestcraft,com.pam.harvestcraft.ItemPamSeedFood,西葫芦
harvestcraft:grapeItem,5081,false,harvestcraft,com.pam.harvestcraft.ItemPamSeedFood,葡萄
harvestcraft:kiwiItem,5082,false,harvestcraft,com.pam.harvestcraft.ItemPamSeedFood,猕猴桃
harvestcraft:pineappleItem,5083,false,harvestcraft,com.pam.harvestcraft.ItemPamSeedFood,菠萝
harvestcraft:soybeanItem,5084,false,harvestcraft,com.pam.harvestcraft.ItemPamSeedFood,黄豆
harvestcraft:vanillabeanItem,5085,false,harvestcraft,net.minecraft.item.ItemFood,香草豆荚
harvestcraft:mustardseedsItem,5086,false,harvestcraft,com.pam.harvestcraft.ItemPamSeedFood,芥末种子
harvestcraft:curryleafItem,5087,false,harvestcraft,com.pam.harvestcraft.ItemPamSeedFood,咖哩叶
harvestcraft:ediblerootItem,5088,false,harvestcraft,com.pam.harvestcraft.ItemPamSeedFood,食用块茎
harvestcraft:coffeebeanItem,5089,false,harvestcraft,com.pam.harvestcraft.ItemPamSeedFood,咖啡豆
harvestcraft:tealeafItem,5090,false,harvestcraft,com.pam.harvestcraft.ItemPamSeedFood,茶叶
harvestcraft:strawberryItem,5091,false,harvestcraft,com.pam.harvestcraft.ItemPamSeedFood,草莓
harvestcraft:blackberryItem,5092,false,harvestcraft,com.pam.harvestcraft.ItemPamSeedFood,黑莓
harvestcraft:blueberryItem,5093,false,harvestcraft,com.pam.harvestcraft.ItemPamSeedFood,蓝莓
harvestcraft:cranberryItem,5094,false,harvestcraft,com.pam.harvestcraft.ItemPamSeedFood,蔓越莓
harvestcraft:raspberryItem,5095,false,harvestcraft,com.pam.harvestcraft.ItemPamSeedFood,树莓
harvestcraft:seaweedItem,5096,false,harvestcraft,com.pam.harvestcraft.ItemPamSeedFood,海带
harvestcraft:almondItem,5097,false,harvestcraft,net.minecraft.item.ItemFood,扁桃
harvestcraft:apricotItem,5098,false,harvestcraft,net.minecraft.item.ItemFood,杏子
harvestcraft:avocadoItem,5099,false,harvestcraft,net.minecraft.item.ItemFood,鳄梨
harvestcraft:bananaItem,5100,false,harvestcraft,net.minecraft.item.ItemFood,香蕉
harvestcraft:cashewItem,5101,false,harvestcraft,net.minecraft.item.ItemFood,腰果
harvestcraft:cherryItem,5102,false,harvestcraft,net.minecraft.item.ItemFood,樱桃
harvestcraft:chestnutItem,5103,false,harvestcraft,net.minecraft.item.ItemFood,栗子
harvestcraft:cinnamonItem,5104,false,harvestcraft,net.minecraft.item.ItemFood,肉桂
harvestcraft:coconutItem,5105,false,harvestcraft,net.minecraft.item.ItemFood,椰子
harvestcraft:dateItem,5106,false,harvestcraft,net.minecraft.item.ItemFood,枣椰
harvestcraft:dragonfruitItem,5107,false,harvestcraft,net.minecraft.item.ItemFood,火龙果
harvestcraft:durianItem,5108,false,harvestcraft,net.minecraft.item.ItemFood,榴莲
harvestcraft:figItem,5109,false,harvestcraft,net.minecraft.item.ItemFood,无花果
harvestcraft:gooseberryItem,5110,false,harvestcraft,net.minecraft.item.ItemFood,醋栗
harvestcraft:grapefruitItem,5111,false,harvestcraft,net.minecraft.item.ItemFood,西柚
harvestcraft:lemonItem,5112,false,harvestcraft,net.minecraft.item.ItemFood,柠檬
harvestcraft:candiedlemonItem,5113,false,harvestcraft,net.minecraft.item.ItemFood,柠檬干
harvestcraft:limeItem,5114,false,harvestcraft,net.minecraft.item.ItemFood,酸橙
harvestcraft:mangoItem,5115,false,harvestcraft,net.minecraft.item.ItemFood,芒果
harvestcraft:nutmegItem,5116,false,harvestcraft,net.minecraft.item.ItemFood,肉豆蔻
harvestcraft:oliveItem,5117,false,harvestcraft,net.minecraft.item.ItemFood,橄榄
harvestcraft:orangeItem,5118,false,harvestcraft,net.minecraft.item.ItemFood,橙子
harvestcraft:papayaItem,5119,false,harvestcraft,net.minecraft.item.ItemFood,木瓜
harvestcraft:peachItem,5120,false,harvestcraft,net.minecraft.item.ItemFood,桃子
harvestcraft:pearItem,5121,false,harvestcraft,net.minecraft.item.ItemFood,梨
harvestcraft:pecanItem,5122,false,harvestcraft,net.minecraft.item.ItemFood,山核桃
harvestcraft:persimmonItem,5123,false,harvestcraft,net.minecraft.item.ItemFood,柿子
harvestcraft:pistachioItem,5124,false,harvestcraft,net.minecraft.item.ItemFood,开心果
harvestcraft:plumItem,5125,false,harvestcraft,net.minecraft.item.ItemFood,李子
harvestcraft:pomegranateItem,5126,false,harvestcraft,net.minecraft.item.ItemFood,石榴
harvestcraft:starfruitItem,5127,false,harvestcraft,net.minecraft.item.ItemFood,杨桃
harvestcraft:walnutItem,5128,false,harvestcraft,net.minecraft.item.ItemFood,核桃
harvestcraft:maplesyrupItem,5129,false,harvestcraft,net.minecraft.item.ItemFood,枫树糖浆
harvestcraft:calamarirawItem,5130,false,harvestcraft,net.minecraft.item.ItemFood,生鱿鱼
harvestcraft:calamaricookedItem,5131,false,harvestcraft,net.minecraft.item.ItemFood,熟鱿鱼
harvestcraft:octopusrawItem,5132,false,harvestcraft,net.minecraft.item.ItemFood,生章鱼
harvestcraft:octopuscookedItem,5133,false,harvestcraft,net.minecraft.item.ItemFood,熟章鱼
harvestcraft:clamrawItem,5134,false,harvestcraft,net.minecraft.item.ItemFood,生蛤蜊
harvestcraft:clamcookedItem,5135,false,harvestcraft,net.minecraft.item.ItemFood,熟蛤蜊
harvestcraft:crabrawItem,5136,false,harvestcraft,net.minecraft.item.ItemFood,生螃蟹
harvestcraft:crabcookedItem,5137,false,harvestcraft,net.minecraft.item.ItemFood,熟螃蟹
harvestcraft:crayfishrawItem,5138,false,harvestcraft,net.minecraft.item.ItemFood,生龙虾
harvestcraft:crayfishcookedItem,5139,false,harvestcraft,net.minecraft.item.ItemFood,熟龙虾
harvestcraft:frograwItem,5140,false,harvestcraft,net.minecraft.item.ItemFood,生青蛙
harvestcraft:frogcookedItem,5141,false,harvestcraft,net.minecraft.item.ItemFood,熟蛙腿
harvestcraft:scalloprawItem,5142,false,harvestcraft,net.minecraft.item.ItemFood,生扇贝
harvestcraft:scallopcookedItem,5143,false,harvestcraft,net.minecraft.item.ItemFood,熟扇贝
harvestcraft:shrimprawItem,5144,false,harvestcraft,net.minecraft.item.ItemFood,生虾
harvestcraft:shrimpcookedItem,5145,false,harvestcraft,net.minecraft.item.ItemFood,熟虾
harvestcraft:snailrawItem,5146,false,harvestcraft,net.minecraft.item.ItemFood,生蜗牛
harvestcraft:snailcookedItem,5147,false,harvestcraft,net.minecraft.item.ItemFood,熟蜗牛
harvestcraft:turtlerawItem,5148,false,harvestcraft,net.minecraft.item.ItemFood,生海龟
harvestcraft:turtlecookedItem,5149,false,harvestcraft,net.minecraft.item.ItemFood,熟海龟
harvestcraft:anchovyrawItem,5150,false,harvestcraft,net.minecraft.item.ItemFood,生鳀鱼
harvestcraft:bassrawItem,5151,false,harvestcraft,net.minecraft.item.ItemFood,生鲈鱼
harvestcraft:carprawItem,5152,false,harvestcraft,net.minecraft.item.ItemFood,生鲤鱼
harvestcraft:catfishrawItem,5153,false,harvestcraft,net.minecraft.item.ItemFood,生鲶鱼
harvestcraft:charrrawItem,5154,false,harvestcraft,net.minecraft.item.ItemFood,生嘉鱼
harvestcraft:eelrawItem,5155,false,harvestcraft,net.minecraft.item.ItemFood,生鳗鱼
harvestcraft:grouperrawItem,5156,false,harvestcraft,net.minecraft.item.ItemFood,生石斑鱼
harvestcraft:herringrawItem,5157,false,harvestcraft,net.minecraft.item.ItemFood,生青鱼
harvestcraft:jellyfishrawItem,5158,false,harvestcraft,net.minecraft.item.ItemFood,生海蜇
harvestcraft:mudfishrawItem,5159,false,harvestcraft,net.minecraft.item.ItemFood,生泥鱼
harvestcraft:perchrawItem,5160,false,harvestcraft,net.minecraft.item.ItemFood,生鲈鱼
harvestcraft:snapperrawItem,5161,false,harvestcraft,net.minecraft.item.ItemFood,生鲷鱼
harvestcraft:tilapiarawItem,5162,false,harvestcraft,net.minecraft.item.ItemFood,生罗非鱼
harvestcraft:troutrawItem,5163,false,harvestcraft,net.minecraft.item.ItemFood,生鳟鱼
harvestcraft:tunarawItem,5164,false,harvestcraft,net.minecraft.item.ItemFood,生金枪鱼
harvestcraft:walleyerawItem,5165,false,harvestcraft,net.minecraft.item.ItemFood,生碧古鱼
harvestcraft:greenheartfishItem,5166,false,harvestcraft,net.minecraft.item.ItemFood,绿心鱼
harvestcraft:muttonrawItem,5167,false,harvestcraft,net.minecraft.item.ItemFood,生羊肉
harvestcraft:muttoncookedItem,5168,false,harvestcraft,net.minecraft.item.ItemFood,熟羊肉
harvestcraft:rabbitrawItem,5169,false,harvestcraft,net.minecraft.item.ItemFood,生兔肉
harvestcraft:rabbitcookedItem,5170,false,harvestcraft,net.minecraft.item.ItemFood,熟兔肉
harvestcraft:turkeyrawItem,5171,false,harvestcraft,net.minecraft.item.ItemFood,生火鸡
harvestcraft:turkeycookedItem,5172,false,harvestcraft,net.minecraft.item.ItemFood,熟火鸡
harvestcraft:venisonrawItem,5173,false,harvestcraft,net.minecraft.item.ItemFood,生鹿肉
harvestcraft:venisoncookedItem,5174,false,harvestcraft,net.minecraft.item.ItemFood,熟鹿肉
harvestcraft:flourItem,5175,false,harvestcraft,net.minecraft.item.Item,面粉
harvestcraft:doughItem,5176,false,harvestcraft,net.minecraft.item.Item,生面团
harvestcraft:pastaItem,5177,false,harvestcraft,net.minecraft.item.Item,意粉
harvestcraft:heavycreamItem,5178,false,harvestcraft,net.minecraft.item.Item,多脂奶油
harvestcraft:butterItem,5179,false,harvestcraft,net.minecraft.item.Item,黄油
harvestcraft:cheeseItem,5180,false,harvestcraft,net.minecraft.item.ItemFood,芝士
harvestcraft:batterItem,5181,false,harvestcraft,net.minecraft.item.Item,面糊
harvestcraft:cornmealItem,5182,false,harvestcraft,net.minecraft.item.Item,玉米面
harvestcraft:stockItem,5183,false,harvestcraft,net.minecraft.item.ItemFood,底汤
harvestcraft:mayoItem,5184,false,harvestcraft,net.minecraft.item.Item,蛋黄酱
harvestcraft:ketchupItem,5185,false,harvestcraft,net.minecraft.item.Item,番茄酱
harvestcraft:mustardItem,5186,false,harvestcraft,net.minecraft.item.Item,芥末
harvestcraft:soysauceItem,5187,false,harvestcraft,net.minecraft.item.Item,酱油
harvestcraft:oliveoilItem,5188,false,harvestcraft,net.minecraft.item.Item,食用油
harvestcraft:saladdressingItem,5189,false,harvestcraft,net.minecraft.item.Item,沙拉酱
harvestcraft:coconutcreamItem,5190,false,harvestcraft,net.minecraft.item.ItemFood,椰奶
harvestcraft:vinegarItem,5191,false,harvestcraft,net.minecraft.item.Item,醋
harvestcraft:blackpepperItem,5192,false,harvestcraft,net.minecraft.item.Item,黑胡椒
harvestcraft:currypowderItem,5193,false,harvestcraft,net.minecraft.item.Item,咖喱粉
harvestcraft:groundnutmegItem,5194,false,harvestcraft,net.minecraft.item.Item,豆蔻粉
harvestcraft:groundcinnamonItem,5195,false,harvestcraft,net.minecraft.item.Item,肉桂粉
harvestcraft:cocoapowderItem,5196,false,harvestcraft,net.minecraft.item.Item,可可粉
harvestcraft:vanillaItem,5197,false,harvestcraft,net.minecraft.item.Item,香草
harvestcraft:caramelItem,5198,false,harvestcraft,net.minecraft.item.ItemFood,焦糖
harvestcraft:bubblywaterItem,5199,false,harvestcraft,net.minecraft.item.Item,苏打水
harvestcraft:firmtofuItem,5200,false,harvestcraft,net.minecraft.item.ItemFood,老豆腐
harvestcraft:silkentofuItem,5201,false,harvestcraft,net.minecraft.item.ItemFood,绢豆腐
harvestcraft:grilledasparagusItem,5202,false,harvestcraft,net.minecraft.item.ItemFood,烤芦笋
harvestcraft:grilledmushroomItem,5203,false,harvestcraft,net.minecraft.item.ItemFood,烤蘑菇
harvestcraft:bakedsweetpotatoItem,5204,false,harvestcraft,net.minecraft.item.ItemFood,烤红薯
harvestcraft:toastedcoconutItem,5205,false,harvestcraft,net.minecraft.item.ItemFood,烤椰子
harvestcraft:grilledeggplantItem,5206,false,harvestcraft,net.minecraft.item.ItemFood,烤茄子
harvestcraft:roastedchestnutItem,5207,false,harvestcraft,net.minecraft.item.ItemFood,烤板栗
harvestcraft:toastedsesameseedsItem,5208,false,harvestcraft,net.minecraft.item.Item,烘芝麻
harvestcraft:popcornItem,5209,false,harvestcraft,net.minecraft.item.ItemFood,爆米花
harvestcraft:friedriceItem,5210,false,harvestcraft,net.minecraft.item.ItemFood,炒饭
harvestcraft:grilledskewersItem,5211,false,harvestcraft,net.minecraft.item.ItemFood,串烧
harvestcraft:gherkinItem,5212,false,harvestcraft,net.minecraft.item.ItemFood,腌黄瓜
harvestcraft:sweetpickleItem,5213,false,harvestcraft,net.minecraft.item.ItemFood,糖渍黄瓜
harvestcraft:picklesItem,5214,false,harvestcraft,net.minecraft.item.ItemFood,咸菜
harvestcraft:pickledonionsItem,5215,false,harvestcraft,net.minecraft.item.ItemFood,腌洋葱
harvestcraft:marinatedcucumbersItem,5216,false,harvestcraft,net.minecraft.item.ItemFood,炝黄瓜
harvestcraft:friedeggItem,5217,false,harvestcraft,net.minecraft.item.ItemFood,煎蛋
harvestcraft:scrambledeggItem,5218,false,harvestcraft,net.minecraft.item.ItemFood,炒蛋
harvestcraft:boiledeggItem,5219,false,harvestcraft,net.minecraft.item.ItemFood,水煮鸡蛋
harvestcraft:omeletItem,5220,false,harvestcraft,net.minecraft.item.ItemFood,煎蛋饼
harvestcraft:lemonchickenItem,5221,false,harvestcraft,net.minecraft.item.ItemFood,柠檬鸡
harvestcraft:garlicchickenItem,5222,false,harvestcraft,net.minecraft.item.ItemFood,蒜香鸡
harvestcraft:gingerchickenItem,5223,false,harvestcraft,net.minecraft.item.ItemFood,老姜鸡
harvestcraft:chickenparmasanItem,5224,false,harvestcraft,net.minecraft.item.ItemFood,意式帕尔马烤鸡
harvestcraft:roastchickenItem,5225,false,harvestcraft,net.minecraft.item.ItemFood,烤鸡
harvestcraft:orangechickenItem,5226,false,harvestcraft,net.minecraft.item.ItemFood,陈皮鸡
harvestcraft:cashewchickenItem,5227,false,harvestcraft,net.minecraft.item.ItemFood,腰果鸡
harvestcraft:chickencelerycasseroleItem,5228,false,harvestcraft,net.minecraft.item.ItemFood,芹菜鸡肉砂锅菜
harvestcraft:friesItem,5229,false,harvestcraft,net.minecraft.item.ItemFood,炸薯条
harvestcraft:zucchinifriesItem,5230,false,harvestcraft,net.minecraft.item.ItemFood,西葫芦条
harvestcraft:chilipoppersItem,5231,false,harvestcraft,net.minecraft.item.ItemFood,辣椒卷
harvestcraft:friedonionsItem,5232,false,harvestcraft,net.minecraft.item.ItemFood,油煎洋葱
harvestcraft:hotwingsItem,5233,false,harvestcraft,net.minecraft.item.ItemFood,香辣鸡翅
harvestcraft:friedchickenItem,5234,false,harvestcraft,net.minecraft.item.ItemFood,炸鸡
harvestcraft:hotdogItem,5235,false,harvestcraft,net.minecraft.item.ItemFood,热狗
harvestcraft:hamburgerItem,5236,false,harvestcraft,net.minecraft.item.ItemFood,汉堡
harvestcraft:onionhamburgerItem,5237,false,harvestcraft,net.minecraft.item.ItemFood,洋葱汉堡
harvestcraft:cheeseburgerItem,5238,false,harvestcraft,net.minecraft.item.ItemFood,芝士汉堡
harvestcraft:baconcheeseburgerItem,5239,false,harvestcraft,net.minecraft.item.ItemFood,培根芝士汉堡
harvestcraft:bltItem,5240,false,harvestcraft,net.minecraft.item.ItemFood,培根生菜番茄三明治
harvestcraft:bbqpulledporkItem,5241,false,harvestcraft,net.minecraft.item.ItemFood,烧烤猪肉
harvestcraft:coleslawburgerItem,5242,false,harvestcraft,net.minecraft.item.ItemFood,包菜汉堡
harvestcraft:baconmushroomburgerItem,5243,false,harvestcraft,net.minecraft.item.ItemFood,培根蘑菇堡
harvestcraft:beetburgerItem,5244,false,harvestcraft,net.minecraft.item.ItemFood,甜菜汉堡
harvestcraft:mcpamItem,5245,false,harvestcraft,net.minecraft.item.ItemFood,潘氏巨无霸
harvestcraft:deluxecheeseburgerItem,5246,false,harvestcraft,net.minecraft.item.ItemFood,豪华芝士堡
harvestcraft:delightedmealItem,5247,false,harvestcraft,net.minecraft.item.ItemFood,开心乐园餐
harvestcraft:grilledcheeseItem,5248,false,harvestcraft,net.minecraft.item.ItemFood,烤芝士
harvestcraft:chickensandwichItem,5249,false,harvestcraft,net.minecraft.item.ItemFood,鸡肉三明治
harvestcraft:leafychickensandwichItem,5250,false,harvestcraft,net.minecraft.item.ItemFood,鸡肉菜叶三明治
harvestcraft:footlongItem,5251,false,harvestcraft,net.minecraft.item.ItemFood,法式长棍面包
harvestcraft:fishsandwichItem,5252,false,harvestcraft,net.minecraft.item.ItemFood,鲜鱼三明治
harvestcraft:leafyfishsandwichItem,5253,false,harvestcraft,net.minecraft.item.ItemFood,鲜鱼菜叶三明治
harvestcraft:fishsticksItem,5254,false,harvestcraft,net.minecraft.item.ItemFood,炸鱼条
harvestcraft:salmonpattiesItem,5255,false,harvestcraft,net.minecraft.item.ItemFood,三文鱼饼
harvestcraft:pistachiobakedsalmonItem,5256,false,harvestcraft,net.minecraft.item.ItemFood,开心果烤三文鱼
harvestcraft:fishandchipsItem,5257,false,harvestcraft,net.minecraft.item.ItemFood,炸鱼薯条
harvestcraft:fishdinnerItem,5258,false,harvestcraft,net.minecraft.item.ItemFood,鲜鱼晚宴
harvestcraft:vegetarianlettucewrapItem,5259,false,harvestcraft,net.minecraft.item.ItemFood,素味生菜卷
harvestcraft:porklettucewrapItem,5260,false,harvestcraft,net.minecraft.item.ItemFood,猪肉生菜卷
harvestcraft:fishlettucewrapItem,5261,false,harvestcraft,net.minecraft.item.ItemFood,鱼肉生菜卷
harvestcraft:springsaladItem,5262,false,harvestcraft,net.minecraft.item.ItemFood,蔬菜沙拉
harvestcraft:cucumbersaladItem,5263,false,harvestcraft,net.minecraft.item.ItemFood,黄瓜沙拉
harvestcraft:beetsaladItem,5264,false,harvestcraft,net.minecraft.item.ItemFood,甜菜沙拉
harvestcraft:summerradishsaladItem,5265,false,harvestcraft,net.minecraft.item.ItemFood,水萝卜沙拉
harvestcraft:mixedsaladItem,5266,false,harvestcraft,net.minecraft.item.ItemFood,什锦沙拉
harvestcraft:ceasarsaladItem,5267,false,harvestcraft,net.minecraft.item.ItemFood,凯撒沙拉
harvestcraft:sunflowerbroccolisaladItem,5268,false,harvestcraft,net.minecraft.item.ItemFood,瓜子椰菜沙拉
harvestcraft:coleslawItem,5269,false,harvestcraft,net.minecraft.item.ItemFood,凉拌卷心菜
harvestcraft:eggsaladItem,5270,false,harvestcraft,net.minecraft.item.ItemFood,鸡蛋沙拉
harvestcraft:citrussaladItem,5271,false,harvestcraft,net.minecraft.item.ItemFood,柑橘沙拉
harvestcraft:fruitsaladItem,5272,false,harvestcraft,net.minecraft.item.ItemFood,水果沙拉
harvestcraft:potatosaladItem,5273,false,harvestcraft,net.minecraft.item.ItemFood,土豆沙拉
harvestcraft:strawberrysaladItem,5274,false,harvestcraft,net.minecraft.item.ItemFood,草莓沙拉
harvestcraft:grapesaladItem,5275,false,harvestcraft,net.minecraft.item.ItemFood,葡萄沙拉
harvestcraft:carrotsoupItem,5276,false,harvestcraft,net.minecraft.item.ItemFood,胡萝卜汤
harvestcraft:seedsoupItem,5277,false,harvestcraft,net.minecraft.item.ItemFood,种子汤
harvestcraft:pumpkinsoupItem,5278,false,harvestcraft,net.minecraft.item.ItemFood,南瓜汤
harvestcraft:potatosoupItem,5279,false,harvestcraft,net.minecraft.item.ItemFood,土豆汤
harvestcraft:tomatosoupItem,5280,false,harvestcraft,net.minecraft.item.ItemFood,番茄汤
harvestcraft:onionsoupItem,5281,false,harvestcraft,net.minecraft.item.ItemFood,洋葱汤
harvestcraft:turnipsoupItem,5282,false,harvestcraft,net.minecraft.item.ItemFood,芜菁汤
harvestcraft:beetsoupItem,5283,false,harvestcraft,net.minecraft.item.ItemFood,甜菜汤
harvestcraft:cucumbersoupItem,5284,false,harvestcraft,net.minecraft.item.ItemFood,黄瓜汤
harvestcraft:ricesoupItem,5285,false,harvestcraft,net.minecraft.item.ItemFood,汤泡饭
harvestcraft:cactussoupItem,5286,false,harvestcraft,net.minecraft.item.ItemFood,仙人掌汤
harvestcraft:asparagussoupItem,5287,false,harvestcraft,net.minecraft.item.ItemFood,芦笋汤
harvestcraft:celerysoupItem,5288,false,harvestcraft,net.minecraft.item.ItemFood,芹菜汤
harvestcraft:vegetablesoupItem,5289,false,harvestcraft,net.minecraft.item.ItemFood,蔬菜汤
harvestcraft:gardensoupItem,5290,false,harvestcraft,net.minecraft.item.ItemFood,菜园汤
harvestcraft:splitpeasoupItem,5291,false,harvestcraft,net.minecraft.item.ItemFood,豌豆汤
harvestcraft:creamedbroccolisoupItem,5292,false,harvestcraft,net.minecraft.item.ItemFood,西兰花奶油汤
harvestcraft:potatoandleeksoupItem,5293,false,harvestcraft,net.minecraft.item.ItemFood,大葱土豆汤
harvestcraft:creamofavocadosoupItem,5294,false,harvestcraft,net.minecraft.item.ItemFood,鳄梨奶油汤
harvestcraft:oldworldveggiesoupItem,5295,false,harvestcraft,net.minecraft.item.ItemFood,旧味蔬菜汤
harvestcraft:leekbaconsoupItem,5296,false,harvestcraft,net.minecraft.item.ItemFood,韭葱培根汤
harvestcraft:lambbarleysoupItem,5297,false,harvestcraft,net.minecraft.item.ItemFood,羊羔大麦汤
harvestcraft:chickennoodlesoupItem,5298,false,harvestcraft,net.minecraft.item.ItemFood,鸡肉面条汤
harvestcraft:peaandhamsoupItem,5299,false,harvestcraft,net.minecraft.item.ItemFood,豌豆火腿汤
harvestcraft:applesauceItem,5300,false,harvestcraft,net.minecraft.item.ItemFood,苹果酱
harvestcraft:cranberrysauceItem,5301,false,harvestcraft,net.minecraft.item.ItemFood,蔓越莓酱
harvestcraft:nutellaItem,5302,false,harvestcraft,net.minecraft.item.ItemFood,能多益巧克力酱
harvestcraft:vegemiteItem,5303,false,harvestcraft,net.minecraft.item.ItemFood,维吉米特黑酱
harvestcraft:peanutbutterItem,5304,false,harvestcraft,net.minecraft.item.ItemFood,花生酱
harvestcraft:almondbutterItem,5305,false,harvestcraft,net.minecraft.item.ItemFood,扁桃仁酱
harvestcraft:cashewbutterItem,5306,false,harvestcraft,net.minecraft.item.ItemFood,腰果酱
harvestcraft:chestnutbutterItem,5307,false,harvestcraft,net.minecraft.item.ItemFood,板栗酱
harvestcraft:pistachiobutterItem,5308,false,harvestcraft,net.minecraft.item.ItemFood,开心果奶油
harvestcraft:apricotjellyItem,5309,false,harvestcraft,net.minecraft.item.ItemFood,杏子果酱
harvestcraft:applejellyItem,5310,false,harvestcraft,net.minecraft.item.ItemFood,苹果果酱
harvestcraft:blackberryjellyItem,5311,false,harvestcraft,net.minecraft.item.ItemFood,黑莓果酱
harvestcraft:blueberryjellyItem,5312,false,harvestcraft,net.minecraft.item.ItemFood,蓝莓果酱
harvestcraft:cherryjellyItem,5313,false,harvestcraft,net.minecraft.item.ItemFood,樱桃果酱
harvestcraft:cranberryjellyItem,5314,false,harvestcraft,net.minecraft.item.ItemFood,蔓越莓酱
harvestcraft:kiwijellyItem,5315,false,harvestcraft,net.minecraft.item.ItemFood,猕猴桃果酱
harvestcraft:lemonjellyItem,5316,false,harvestcraft,net.minecraft.item.ItemFood,柠檬果酱
harvestcraft:limejellyItem,5317,false,harvestcraft,net.minecraft.item.ItemFood,酸橙果酱
harvestcraft:mangojellyItem,5318,false,harvestcraft,net.minecraft.item.ItemFood,芒果果酱
harvestcraft:orangejellyItem,5319,false,harvestcraft,net.minecraft.item.ItemFood,橙子果酱
harvestcraft:papayajellyItem,5320,false,harvestcraft,net.minecraft.item.ItemFood,木瓜果酱
harvestcraft:peachjellyItem,5321,false,harvestcraft,net.minecraft.item.ItemFood,桃子果酱
harvestcraft:pomegranatejellyItem,5322,false,harvestcraft,net.minecraft.item.ItemFood,石榴果酱
harvestcraft:raspberryjellyItem,5323,false,harvestcraft,net.minecraft.item.ItemFood,树莓果酱
harvestcraft:starfruitjellyItem,5324,false,harvestcraft,net.minecraft.item.ItemFood,杨桃果酱
harvestcraft:strawberryjellyItem,5325,false,harvestcraft,net.minecraft.item.ItemFood,草莓果酱
harvestcraft:watermelonjellyItem,5326,false,harvestcraft,net.minecraft.item.ItemFood,西瓜果酱
harvestcraft:figjellyItem,5327,false,harvestcraft,net.minecraft.item.ItemFood,无花果酱
harvestcraft:grapefruitjellyItem,5328,false,harvestcraft,net.minecraft.item.ItemFood,西柚果酱
harvestcraft:persimmonjellyItem,5329,false,harvestcraft,net.minecraft.item.ItemFood,柿子果酱
harvestcraft:pearjellyItem,5330,false,harvestcraft,net.minecraft.item.ItemFood,秋梨枇杷冻
harvestcraft:plumjellyItem,5331,false,harvestcraft,net.minecraft.item.ItemFood,李子果酱
harvestcraft:grapejellyItem,5332,false,harvestcraft,net.minecraft.item.ItemFood,葡萄果酱
harvestcraft:gooseberryjellyItem,5333,false,harvestcraft,net.minecraft.item.ItemFood,醋栗果酱
harvestcraft:toastItem,5334,false,harvestcraft,net.minecraft.item.ItemFood,烤面包
harvestcraft:vegemiteontoastItem,5335,false,harvestcraft,net.minecraft.item.ItemFood,维吉米特黑酱土司
harvestcraft:cheeseontoastItem,5336,false,harvestcraft,net.minecraft.item.ItemFood,干酪土司
harvestcraft:beansontoastItem,5337,false,harvestcraft,net.minecraft.item.ItemFood,茄汁豆吐司
harvestcraft:frenchtoastItem,5338,false,harvestcraft,net.minecraft.item.ItemFood,法式吐司
harvestcraft:fairybreadItem,5339,false,harvestcraft,net.minecraft.item.ItemFood,仙女面包
harvestcraft:honeysandwichItem,5340,false,harvestcraft,net.minecraft.item.ItemFood,蜂蜜三明治
harvestcraft:hamsweetpicklesandwichItem,5341,false,harvestcraft,net.minecraft.item.ItemFood,火腿甜三明治
harvestcraft:toastsandwichItem,5342,false,harvestcraft,net.minecraft.item.ItemFood,烤三明治
harvestcraft:pbandjItem,5343,false,harvestcraft,net.minecraft.item.ItemFood,花生酱果酱三明治
harvestcraft:applejellysandwichItem,5344,false,harvestcraft,net.minecraft.item.ItemFood,苹果果酱三明治
harvestcraft:apricotjellysandwichItem,5345,false,harvestcraft,net.minecraft.item.ItemFood,杏子果酱三明治
harvestcraft:blackberryjellysandwichItem,5346,false,harvestcraft,net.minecraft.item.ItemFood,黑莓果酱三明治
harvestcraft:blueberryjellysandwichItem,5347,false,harvestcraft,net.minecraft.item.ItemFood,蓝莓果酱三明治
harvestcraft:cherryjellysandwichItem,5348,false,harvestcraft,net.minecraft.item.ItemFood,樱桃果酱三明治
harvestcraft:cranberryjellysandwichItem,5349,false,harvestcraft,net.minecraft.item.ItemFood,蔓越莓果酱三明治
harvestcraft:figjellysandwichItem,5350,false,harvestcraft,net.minecraft.item.ItemFood,无花果酱三明治
harvestcraft:gooseberryjellysandwichItem,5351,false,harvestcraft,net.minecraft.item.ItemFood,醋栗果酱三明治
harvestcraft:grapefruitjellysandwichItem,5352,false,harvestcraft,net.minecraft.item.ItemFood,西柚果酱三明治
harvestcraft:kiwijellysandwichItem,5353,false,harvestcraft,net.minecraft.item.ItemFood,猕猴桃果酱三明治
harvestcraft:lemonjellysandwichItem,5354,false,harvestcraft,net.minecraft.item.ItemFood,柠檬果酱三明治
harvestcraft:limejellysandwichItem,5355,false,harvestcraft,net.minecraft.item.ItemFood,酸橙果酱三明治
harvestcraft:mangojellysandwichItem,5356,false,harvestcraft,net.minecraft.item.ItemFood,芒果果酱三明治
harvestcraft:orangejellysandwichItem,5357,false,harvestcraft,net.minecraft.item.ItemFood,橙子果酱三明治
harvestcraft:papayajellysandwichItem,5358,false,harvestcraft,net.minecraft.item.ItemFood,木瓜果酱三明治
harvestcraft:peachjellysandwichItem,5359,false,harvestcraft,net.minecraft.item.ItemFood,桃子果酱三明治
harvestcraft:pearjellysandwichItem,5360,false,harvestcraft,net.minecraft.item.ItemFood,秋梨枇杷冻三明治
harvestcraft:persimmonjellysandwichItem,5361,false,harvestcraft,net.minecraft.item.ItemFood,柿子果酱三明治
harvestcraft:plumjellysandwichItem,5362,false,harvestcraft,net.minecraft.item.ItemFood,李子果酱三明治
harvestcraft:pomegranatejellysandwichItem,5363,false,harvestcraft,net.minecraft.item.ItemFood,石榴果酱三明治
harvestcraft:raspberryjellysandwichItem,5364,false,harvestcraft,net.minecraft.item.ItemFood,树莓果酱三明治
harvestcraft:starfruitjellysandwichItem,5365,false,harvestcraft,net.minecraft.item.ItemFood,杨桃果酱三明治
harvestcraft:strawberryjellysandwichItem,5366,false,harvestcraft,net.minecraft.item.ItemFood,草莓果酱三明治
harvestcraft:watermelonjellysandwichItem,5367,false,harvestcraft,net.minecraft.item.ItemFood,西瓜果酱三明治
harvestcraft:plainyogurtItem,5368,false,harvestcraft,net.minecraft.item.ItemFood,原味酸奶
harvestcraft:pineappleyogurtItem,5369,false,harvestcraft,net.minecraft.item.ItemFood,菠萝酸奶
harvestcraft:appleyogurtItem,5370,false,harvestcraft,net.minecraft.item.ItemFood,苹果酸奶
harvestcraft:apricotyogurtItem,5371,false,harvestcraft,net.minecraft.item.ItemFood,杏子酸奶
harvestcraft:bananayogurtItem,5372,false,harvestcraft,net.minecraft.item.ItemFood,香蕉酸奶
harvestcraft:blackberryyogurtItem,5373,false,harvestcraft,net.minecraft.item.ItemFood,黑莓酸奶
harvestcraft:blueberryyogurtItem,5374,false,harvestcraft,net.minecraft.item.ItemFood,蓝莓酸奶
harvestcraft:cherryyogurtItem,5375,false,harvestcraft,net.minecraft.item.ItemFood,樱桃酸奶
harvestcraft:chocolateyogurtItem,5376,false,harvestcraft,net.minecraft.item.ItemFood,巧克力酸奶
harvestcraft:coconutyogurtItem,5377,false,harvestcraft,net.minecraft.item.ItemFood,椰子酸奶
harvestcraft:cranberryyogurtItem,5378,false,harvestcraft,net.minecraft.item.ItemFood,蔓越莓酸奶
harvestcraft:figyogurtItem,5379,false,harvestcraft,net.minecraft.item.ItemFood,无花果酸奶
harvestcraft:gooseberryyogurtItem,5380,false,harvestcraft,net.minecraft.item.ItemFood,醋栗酸奶
harvestcraft:grapefruityogurtItem,5381,false,harvestcraft,net.minecraft.item.ItemFood,西柚酸奶
harvestcraft:grapeyogurtItem,5382,false,harvestcraft,net.minecraft.item.ItemFood,葡萄酸奶
harvestcraft:kiwiyogurtItem,5383,false,harvestcraft,net.minecraft.item.ItemFood,猕猴桃酸奶
harvestcraft:lemonyogurtItem,5384,false,harvestcraft,net.minecraft.item.ItemFood,柠檬酸奶
harvestcraft:limeyogurtItem,5385,false,harvestcraft,net.minecraft.item.ItemFood,酸橙酸奶
harvestcraft:mangoyogurtItem,5386,false,harvestcraft,net.minecraft.item.ItemFood,芒果酸奶
harvestcraft:melonyogurtItem,5387,false,harvestcraft,net.minecraft.item.ItemFood,西瓜酸奶
harvestcraft:orangeyogurtItem,5388,false,harvestcraft,net.minecraft.item.ItemFood,橙子酸奶
harvestcraft:papayayogurtItem,5389,false,harvestcraft,net.minecraft.item.ItemFood,木瓜酸奶
harvestcraft:peachyogurtItem,5390,false,harvestcraft,net.minecraft.item.ItemFood,桃子酸奶
harvestcraft:pearyogurtItem,5391,false,harvestcraft,net.minecraft.item.ItemFood,梨子酸奶
harvestcraft:persimmonyogurtItem,5392,false,harvestcraft,net.minecraft.item.ItemFood,柿子酸奶
harvestcraft:plumyogurtItem,5393,false,harvestcraft,net.minecraft.item.ItemFood,李子酸奶
harvestcraft:pomegranateyogurtItem,5394,false,harvestcraft,net.minecraft.item.ItemFood,石榴酸奶
harvestcraft:pumpkinyogurtItem,5395,false,harvestcraft,net.minecraft.item.ItemFood,南瓜酸奶
harvestcraft:raspberryyogurtItem,5396,false,harvestcraft,net.minecraft.item.ItemFood,树莓酸奶
harvestcraft:starfruityogurtItem,5397,false,harvestcraft,net.minecraft.item.ItemFood,杨桃酸奶
harvestcraft:strawberryyogurtItem,5398,false,harvestcraft,net.minecraft.item.ItemFood,草莓酸奶
harvestcraft:vanillayogurtItem,5399,false,harvestcraft,net.minecraft.item.ItemFood,香草酸奶
harvestcraft:carrotcakeItem,5400,false,harvestcraft,com.pam.harvestcraft.ItemPamCakeFood,胡萝卜蛋糕
harvestcraft:cheesecakeItem,5401,false,harvestcraft,com.pam.harvestcraft.ItemPamCakeFood,奶酪蛋糕
harvestcraft:cherrycheesecakeItem,5402,false,harvestcraft,com.pam.harvestcraft.ItemPamCakeFood,樱桃奶酪蛋糕
harvestcraft:pumpkincheesecakeItem,5403,false,harvestcraft,com.pam.harvestcraft.ItemPamCakeFood,南瓜芝士蛋糕
harvestcraft:chocolatesprinklecakeItem,5404,false,harvestcraft,com.pam.harvestcraft.ItemPamCakeFood,巧克力蛋糕
harvestcraft:holidaycakeItem,5405,false,harvestcraft,com.pam.harvestcraft.ItemPamCakeFood,节日蛋糕
harvestcraft:pineappleupsidedowncakeItem,5406,false,harvestcraft,com.pam.harvestcraft.ItemPamCakeFood,菠萝翻转蛋糕
harvestcraft:redvelvetcakeItem,5407,false,harvestcraft,com.pam.harvestcraft.ItemPamCakeFood,红丝绒蛋糕
harvestcraft:pavlovaItem,5408,false,harvestcraft,com.pam.harvestcraft.ItemPamCakeFood,巴甫洛娃蛋糕
harvestcraft:lamingtonItem,5409,false,harvestcraft,com.pam.harvestcraft.ItemPamCakeFood,拉明顿蛋糕
harvestcraft:applepieItem,5410,false,harvestcraft,net.minecraft.item.ItemFood,苹果派
harvestcraft:strawberrypieItem,5411,false,harvestcraft,net.minecraft.item.ItemFood,草莓派
harvestcraft:blueberrypieItem,5412,false,harvestcraft,net.minecraft.item.ItemFood,蓝莓派
harvestcraft:cherrypieItem,5413,false,harvestcraft,net.minecraft.item.ItemFood,樱桃派
harvestcraft:raspberrypieItem,5414,false,harvestcraft,net.minecraft.item.ItemFood,树莓派
harvestcraft:gooseberrypieItem,5415,false,harvestcraft,net.minecraft.item.ItemFood,醋栗馅饼
harvestcraft:pecanpieItem,5416,false,harvestcraft,net.minecraft.item.ItemFood,山核桃派
harvestcraft:sweetpotatopieItem,5417,false,harvestcraft,net.minecraft.item.ItemFood,红薯派
harvestcraft:keylimepieItem,5418,false,harvestcraft,net.minecraft.item.ItemFood,酸橙派
harvestcraft:fruitcrumbleItem,5419,false,harvestcraft,net.minecraft.item.ItemFood,水果松脆饼
harvestcraft:peachcobblerItem,5420,false,harvestcraft,net.minecraft.item.ItemFood,桃子馅饼
harvestcraft:blackberrycobblerItem,5421,false,harvestcraft,net.minecraft.item.ItemFood,黑莓馅饼
harvestcraft:gingeredrhubarbtartItem,5422,false,harvestcraft,net.minecraft.item.ItemFood,大黄生姜挞
harvestcraft:sweetpotatosouffleItem,5423,false,harvestcraft,net.minecraft.item.ItemFood,红薯派
harvestcraft:raspberrytrifleItem,5424,false,harvestcraft,net.minecraft.item.ItemFood,树莓蛋奶层叠蛋糕
harvestcraft:mincepieItem,5425,false,harvestcraft,net.minecraft.item.ItemFood,水果馅饼
harvestcraft:chickenpotpieItem,5426,false,harvestcraft,net.minecraft.item.ItemFood,鸡肉派
harvestcraft:spinachpieItem,5427,false,harvestcraft,net.minecraft.item.ItemFood,菠菜派
harvestcraft:pumpkinmuffinItem,5428,false,harvestcraft,net.minecraft.item.ItemFood,南瓜松糕
harvestcraft:blueberrymuffinItem,5429,false,harvestcraft,net.minecraft.item.ItemFood,蓝莓松糕
harvestcraft:banananutbreadItem,5430,false,harvestcraft,net.minecraft.item.ItemFood,香蕉坚果面包
harvestcraft:gingerbreadItem,5431,false,harvestcraft,net.minecraft.item.ItemFood,生姜面包
harvestcraft:walnutraisinbreadItem,5432,false,harvestcraft,net.minecraft.item.ItemFood,核桃葡萄干面包
harvestcraft:pumpkinbreadItem,5433,false,harvestcraft,net.minecraft.item.ItemFood,南瓜面包
harvestcraft:datenutbreadItem,5434,false,harvestcraft,net.minecraft.item.ItemFood,椰枣坚果面包
harvestcraft:zucchinibreadItem,5435,false,harvestcraft,net.minecraft.item.ItemFood,西葫芦面包
harvestcraft:cornbreadItem,5436,false,harvestcraft,net.minecraft.item.ItemFood,玉米面包
harvestcraft:croissantItem,5437,false,harvestcraft,net.minecraft.item.ItemFood,羊角面包
harvestcraft:donutItem,5438,false,harvestcraft,net.minecraft.item.ItemFood,甜甜圈
harvestcraft:chocolatedonutItem,5439,false,harvestcraft,net.minecraft.item.ItemFood,巧克力甜甜圈
harvestcraft:powdereddonutItem,5440,false,harvestcraft,net.minecraft.item.ItemFood,粉甜甜圈
harvestcraft:jellydonutItem,5441,false,harvestcraft,net.minecraft.item.ItemFood,果酱甜甜圈
harvestcraft:frosteddonutItem,5442,false,harvestcraft,net.minecraft.item.ItemFood,糖霜甜甜圈
harvestcraft:cinnamonsugardonutItem,5443,false,harvestcraft,net.minecraft.item.ItemFood,肉桂糖甜甜圈
harvestcraft:cinnamonrollItem,5444,false,harvestcraft,net.minecraft.item.ItemFood,肉桂卷
harvestcraft:jamrollItem,5445,false,harvestcraft,net.minecraft.item.ItemFood,果酱卷
harvestcraft:baklavaItem,5446,false,harvestcraft,net.minecraft.item.ItemFood,果仁蜜饼
harvestcraft:custardItem,5447,false,harvestcraft,net.minecraft.item.ItemFood,奶油蛋羹
harvestcraft:chocolaterollItem,5448,false,harvestcraft,net.minecraft.item.ItemFood,巧克力蛋卷
harvestcraft:sunflowerwheatrollsItem,5449,false,harvestcraft,net.minecraft.item.ItemFood,瓜子蛋糕卷
harvestcraft:spicebunItem,5450,false,harvestcraft,net.minecraft.item.ItemFood,香料圆面包
harvestcraft:chaoscookieItem,5451,false,harvestcraft,net.minecraft.item.ItemFood,混沌饼干
harvestcraft:gingersnapsItem,5452,false,harvestcraft,net.minecraft.item.ItemFood,姜饼
harvestcraft:creamcookieItem,5453,false,harvestcraft,net.minecraft.item.ItemFood,奶油饼干
harvestcraft:jaffaItem,5454,false,harvestcraft,net.minecraft.item.ItemFood,佳发蛋糕
harvestcraft:biscuitItem,5455,false,harvestcraft,net.minecraft.item.ItemFood,烤软饼
harvestcraft:damperItem,5456,false,harvestcraft,net.minecraft.item.ItemFood,丹波面包
harvestcraft:raisincookiesItem,5457,false,harvestcraft,net.minecraft.item.ItemFood,葡萄干饼干
harvestcraft:brownieItem,5458,false,harvestcraft,net.minecraft.item.ItemFood,核仁巧克力饼
harvestcraft:lemonbarItem,5459,false,harvestcraft,net.minecraft.item.ItemFood,柠檬方糕
harvestcraft:cranberrybarItem,5460,false,harvestcraft,net.minecraft.item.ItemFood,蔓越莓棒
harvestcraft:figbarItem,5461,false,harvestcraft,net.minecraft.item.ItemFood,无花果馅饼
harvestcraft:chocolatebarItem,5462,false,harvestcraft,net.minecraft.item.ItemFood,巧克力棒
harvestcraft:honeycombchocolatebarItem,5463,false,harvestcraft,net.minecraft.item.ItemFood,蜂蜜巧克力棒
harvestcraft:cherrycoconutchocolatebarItem,5464,false,harvestcraft,net.minecraft.item.ItemFood,樱桃椰子巧克力棒
harvestcraft:chilichocolateItem,5465,false,harvestcraft,net.minecraft.item.ItemFood,辣椒巧克力
harvestcraft:chocolatecaramelfudgeItem,5466,false,harvestcraft,net.minecraft.item.ItemFood,巧克力焦糖
harvestcraft:jellybeansItem,5467,false,harvestcraft,net.minecraft.item.ItemFood,软心豆粒糖
harvestcraft:gummybearsItem,5468,false,harvestcraft,net.minecraft.item.ItemFood,小熊软糖
harvestcraft:marzipanItem,5469,false,harvestcraft,net.minecraft.item.ItemFood,扁桃仁糖膏
harvestcraft:taffyItem,5470,false,harvestcraft,net.minecraft.item.ItemFood,太妃糖
harvestcraft:peppermintItem,5471,false,harvestcraft,net.minecraft.item.ItemFood,薄荷糖
harvestcraft:peanutbuttercookiesItem,5472,false,harvestcraft,net.minecraft.item.ItemFood,花生酱饼干
harvestcraft:timtamItem,5473,false,harvestcraft,net.minecraft.item.ItemFood,巧克力威化
harvestcraft:lemonmeringueItem,5474,false,harvestcraft,net.minecraft.item.ItemFood,柠檬酥
harvestcraft:snickersbarItem,5475,false,harvestcraft,net.minecraft.item.ItemFood,士力架
harvestcraft:pralinesItem,5476,false,harvestcraft,net.minecraft.item.ItemFood,胡桃糖
harvestcraft:raisinsItem,5477,false,harvestcraft,net.minecraft.item.ItemFood,葡萄干
harvestcraft:trailmixItem,5478,false,harvestcraft,net.minecraft.item.ItemFood,什锦蜜饯
harvestcraft:candiedwalnutsItem,5479,false,harvestcraft,net.minecraft.item.ItemFood,蜜汁核桃
harvestcraft:candiedsweetpotatoesItem,5480,false,harvestcraft,net.minecraft.item.ItemFood,蜜汁红薯
harvestcraft:candiedgingerItem,5481,false,harvestcraft,net.minecraft.item.ItemFood,香甜姜糖
harvestcraft:marshmellowsItem,5482,false,harvestcraft,net.minecraft.item.ItemFood,棉花糖
harvestcraft:ricecakeItem,5483,false,harvestcraft,net.minecraft.item.ItemFood,米糕
harvestcraft:lavendershortbreadItem,5484,false,harvestcraft,net.minecraft.item.ItemFood,薰衣草饼干
harvestcraft:crackerItem,5485,false,harvestcraft,net.minecraft.item.ItemFood,薄脆饼干
harvestcraft:poachedpearItem,5486,false,harvestcraft,net.minecraft.item.ItemFood,水煮梨
harvestcraft:caramelappleItem,5487,false,harvestcraft,net.minecraft.item.ItemFood,焦糖苹果
harvestcraft:chocolatestrawberryItem,5488,false,harvestcraft,net.minecraft.item.ItemFood,巧克力草莓
harvestcraft:chocolatecherryItem,5489,false,harvestcraft,net.minecraft.item.ItemFood,巧克力樱桃
harvestcraft:wafflesItem,5490,false,harvestcraft,net.minecraft.item.ItemFood,华夫饼
harvestcraft:maplesyrupwafflesItem,5491,false,harvestcraft,net.minecraft.item.ItemFood,枫糖华夫饼
harvestcraft:pancakesItem,5492,false,harvestcraft,net.minecraft.item.ItemFood,煎饼
harvestcraft:blueberrypancakesItem,5493,false,harvestcraft,net.minecraft.item.ItemFood,蓝莓煎饼
harvestcraft:maplesyruppancakesItem,5494,false,harvestcraft,net.minecraft.item.ItemFood,枫糖煎饼
harvestcraft:cornflakesItem,5495,false,harvestcraft,net.minecraft.item.ItemFood,玉米片
harvestcraft:museliItem,5496,false,harvestcraft,net.minecraft.item.ItemFood,杂锦果麦
harvestcraft:hashItem,5497,false,harvestcraft,net.minecraft.item.ItemFood,大杂烩
harvestcraft:mapleoatmealItem,5498,false,harvestcraft,net.minecraft.item.ItemFood,枫糖燕麦片
harvestcraft:peachesandcreamoatmealItem,5499,false,harvestcraft,net.minecraft.item.ItemFood,桃子味奶油燕麦片
harvestcraft:cinnamonappleoatmealItem,5500,false,harvestcraft,net.minecraft.item.ItemFood,苹果味肉桂燕麦片
harvestcraft:icecreamItem,5501,false,harvestcraft,net.minecraft.item.ItemFood,冰淇淋
harvestcraft:chocolateicecreamItem,5502,false,harvestcraft,net.minecraft.item.ItemFood,巧克力冰淇淋
harvestcraft:strawberryicecreamItem,5503,false,harvestcraft,net.minecraft.item.ItemFood,草莓冰淇淋
harvestcraft:vanillaicecreamItem,5504,false,harvestcraft,net.minecraft.item.ItemFood,香草冰淇淋
harvestcraft:neapolitanicecreamItem,5505,false,harvestcraft,net.minecraft.item.ItemFood,那不勒斯冰淇淋
harvestcraft:cherryicecreamItem,5506,false,harvestcraft,net.minecraft.item.ItemFood,樱桃冰淇淋
harvestcraft:pistachioicecreamItem,5507,false,harvestcraft,net.minecraft.item.ItemFood,开心果冰淇淋
harvestcraft:spumoniicecreamItem,5508,false,harvestcraft,net.minecraft.item.ItemFood,意式冰淇淋
harvestcraft:caramelicecreamItem,5509,false,harvestcraft,net.minecraft.item.ItemFood,焦糖冰淇淋
harvestcraft:mochaicecreamItem,5510,false,harvestcraft,net.minecraft.item.ItemFood,摩卡冰淇淋
harvestcraft:mintchocolatechipicemcreamItem,5511,false,harvestcraft,net.minecraft.item.ItemFood,碎薄荷巧克力冰淇淋
harvestcraft:bananasplitItem,5512,false,harvestcraft,net.minecraft.item.ItemFood,香蕉圣代
harvestcraft:baconwrappeddatesItem,5513,false,harvestcraft,net.minecraft.item.ItemFood,培根包枣椰
harvestcraft:maplecandiedbaconItem,5514,false,harvestcraft,net.minecraft.item.ItemFood,枫糖培根
harvestcraft:chocolatebaconItem,5515,false,harvestcraft,net.minecraft.item.ItemFood,巧克力培根
harvestcraft:epicbaconItem,5516,false,harvestcraft,net.minecraft.item.ItemFood,史诗培根
harvestcraft:zombiejerkyItem,5517,false,harvestcraft,net.minecraft.item.ItemFood,僵尸肉干
harvestcraft:spidereyesoupItem,5518,false,harvestcraft,net.minecraft.item.ItemFood,蜘蛛眼汤
harvestcraft:nachoesItem,5519,false,harvestcraft,net.minecraft.item.ItemFood,烤辣味干酪玉米片
harvestcraft:guacamoleItem,5520,false,harvestcraft,net.minecraft.item.ItemFood,鳄梨沙拉酱
harvestcraft:tortillaItem,5521,false,harvestcraft,net.minecraft.item.ItemFood,墨西哥玉米饼
harvestcraft:tacoItem,5522,false,harvestcraft,net.minecraft.item.ItemFood,塔可饼
harvestcraft:fishtacoItem,5523,false,harvestcraft,net.minecraft.item.ItemFood,海鲜塔可饼
harvestcraft:randomtacoItem,5524,false,harvestcraft,net.minecraft.item.ItemFood,墨西哥卷饼
harvestcraft:avocadoburritoItem,5525,false,harvestcraft,net.minecraft.item.ItemFood,鳄梨玉米煎饼
harvestcraft:refriedbeansItem,5526,false,harvestcraft,net.minecraft.item.ItemFood,炸豆泥
harvestcraft:suaderoItem,5527,false,harvestcraft,net.minecraft.item.ItemFood,过油肉条
harvestcraft:bakedbeansItem,5528,false,harvestcraft,net.minecraft.item.ItemFood,烘豆
harvestcraft:yorkshirepuddingItem,5529,false,harvestcraft,net.minecraft.item.ItemFood,约克郡布丁
harvestcraft:gravyItem,5530,false,harvestcraft,net.minecraft.item.ItemFood,肉汁
harvestcraft:sausagerollItem,5531,false,harvestcraft,net.minecraft.item.ItemFood,香肠卷
harvestcraft:beanburritoItem,5532,false,harvestcraft,net.minecraft.item.ItemFood,豆玉米煎饼
harvestcraft:toadintheholeItem,5533,false,harvestcraft,net.minecraft.item.ItemFood,布丁香肠
harvestcraft:shrimpokrahushpuppiesItem,5534,false,harvestcraft,net.minecraft.item.ItemFood,虾肉秋葵玉米饼
harvestcraft:hushpuppiesItem,5535,false,harvestcraft,net.minecraft.item.ItemFood,黄金玉米球
harvestcraft:garlicbreadItem,5536,false,harvestcraft,net.minecraft.item.ItemFood,蒜蓉面包
harvestcraft:pumpkinoatsconesItem,5537,false,harvestcraft,net.minecraft.item.ItemFood,南瓜燕麦馅饼
harvestcraft:chikorollItem,5538,false,harvestcraft,net.minecraft.item.ItemFood,澳式春卷
harvestcraft:zeppoleItem,5539,false,harvestcraft,net.minecraft.item.ItemFood,炸面饼圈
harvestcraft:sausageinbreadItem,5540,false,harvestcraft,net.minecraft.item.ItemFood,香肠面包
harvestcraft:meatpieItem,5541,false,harvestcraft,net.minecraft.item.ItemFood,肉饼
harvestcraft:porksausageItem,5542,false,harvestcraft,net.minecraft.item.ItemFood,猪肉香肠
harvestcraft:bangersandmashItem,5543,false,harvestcraft,net.minecraft.item.ItemFood,香肠土豆泥
harvestcraft:cornishpastyItem,5544,false,harvestcraft,net.minecraft.item.ItemFood,康沃尔菜肉馅饼
harvestcraft:shepardspieItem,5545,false,harvestcraft,net.minecraft.item.ItemFood,土豆肉饼
harvestcraft:cottagepieItem,5546,false,harvestcraft,net.minecraft.item.ItemFood,农舍派
harvestcraft:beefwellingtonItem,5547,false,harvestcraft,net.minecraft.item.ItemFood,威灵顿牛排
harvestcraft:ploughmanslunchItem,5548,false,harvestcraft,net.minecraft.item.ItemFood,农夫午餐
harvestcraft:mushroomrisottoItem,5549,false,harvestcraft,net.minecraft.item.ItemFood,牛肝菌烩饭
harvestcraft:spagettiItem,5550,false,harvestcraft,net.minecraft.item.ItemFood,意大利面
harvestcraft:spagettiandmeatballsItem,5551,false,harvestcraft,net.minecraft.item.ItemFood,肉丸意大利面
harvestcraft:pizzaItem,5552,false,harvestcraft,net.minecraft.item.ItemFood,披萨
harvestcraft:supremepizzaItem,5553,false,harvestcraft,net.minecraft.item.ItemFood,至尊披萨
harvestcraft:meatfeastpizzaItem,5554,false,harvestcraft,net.minecraft.item.ItemFood,肉宴披萨
harvestcraft:vindalooItem,5555,false,harvestcraft,net.minecraft.item.ItemFood,温达卢咖喱
harvestcraft:paneerItem,5556,false,harvestcraft,net.minecraft.item.ItemFood,印度干酪
harvestcraft:garammasalaItem,5557,false,harvestcraft,net.minecraft.item.Item,咖喱粉
harvestcraft:paneertikkamasalaItem,5558,false,harvestcraft,net.minecraft.item.ItemFood,香料烤鸡咖哩
harvestcraft:curryItem,5559,false,harvestcraft,net.minecraft.item.ItemFood,咖喱饭
harvestcraft:rainbowcurryItem,5560,false,harvestcraft,net.minecraft.item.ItemFood,彩虹咖喱
harvestcraft:chickencurryItem,5561,false,harvestcraft,net.minecraft.item.ItemFood,咖喱鸡
harvestcraft:naanItem,5562,false,harvestcraft,net.minecraft.item.ItemFood,印度烤饼
harvestcraft:mangochutneyItem,5563,false,harvestcraft,net.minecraft.item.ItemFood,芒果咖喱酱
harvestcraft:deluxechickencurryItem,5564,false,harvestcraft,net.minecraft.item.ItemFood,豪华咖喱鸡
harvestcraft:softpretzelItem,5565,false,harvestcraft,net.minecraft.item.ItemFood,椒盐脆饼
harvestcraft:softpretzelandmustardItem,5566,false,harvestcraft,net.minecraft.item.ItemFood,芥末椒盐脆饼
harvestcraft:sushiItem,5567,false,harvestcraft,net.minecraft.item.ItemFood,寿司
harvestcraft:coconutshrimpItem,5568,false,harvestcraft,net.minecraft.item.ItemFood,椰子虾
harvestcraft:californiarollItem,5569,false,harvestcraft,net.minecraft.item.ItemFood,加州卷
harvestcraft:futomakiItem,5570,false,harvestcraft,net.minecraft.item.ItemFood,大卷寿司
harvestcraft:sesamesnapsItem,5571,false,harvestcraft,net.minecraft.item.ItemFood,芝麻糖片
harvestcraft:manjuuItem,5572,false,harvestcraft,net.minecraft.item.ItemFood,日式馒头
harvestcraft:mochiItem,5573,false,harvestcraft,net.minecraft.item.ItemFood,麻薯
harvestcraft:kimchiItem,5574,false,harvestcraft,net.minecraft.item.ItemFood,泡菜
harvestcraft:dimsumItem,5575,false,harvestcraft,net.minecraft.item.ItemFood,点心
harvestcraft:generaltsochickenItem,5576,false,harvestcraft,net.minecraft.item.ItemFood,左宗棠鸡
harvestcraft:sesameballItem,5577,false,harvestcraft,net.minecraft.item.ItemFood,芝麻球
harvestcraft:porklomeinItem,5578,false,harvestcraft,net.minecraft.item.ItemFood,肉捞面
harvestcraft:chickengumboItem,5579,false,harvestcraft,net.minecraft.item.ItemFood,秋葵烩鸡
harvestcraft:stuffedpepperItem,5580,false,harvestcraft,net.minecraft.item.ItemFood,瓤柿子椒
harvestcraft:stuffedeggplantItem,5581,false,harvestcraft,net.minecraft.item.ItemFood,香酥茄盒
harvestcraft:stuffedmushroomItem,5582,false,harvestcraft,net.minecraft.item.ItemFood,瓤冬菇盒
harvestcraft:pickledbeetsItem,5583,false,harvestcraft,net.minecraft.item.ItemFood,腌制甜菜
harvestcraft:braisedonionsItem,5584,false,harvestcraft,net.minecraft.item.ItemFood,炖洋葱
harvestcraft:okrachipsItem,5585,false,harvestcraft,net.minecraft.item.ItemFood,盐烤秋葵
harvestcraft:roastpotatoesItem,5586,false,harvestcraft,net.minecraft.item.ItemFood,烤土豆
harvestcraft:bakedbeetsItem,5587,false,harvestcraft,net.minecraft.item.ItemFood,烤甜菜
harvestcraft:glazedcarrotsItem,5588,false,harvestcraft,net.minecraft.item.ItemFood,糖水胡萝卜
harvestcraft:bakedturnipsItem,5589,false,harvestcraft,net.minecraft.item.ItemFood,烤芜菁
harvestcraft:zestyzucchiniItem,5590,false,harvestcraft,net.minecraft.item.ItemFood,西葫芦意面
harvestcraft:bakedhamItem,5591,false,harvestcraft,net.minecraft.item.ItemFood,烤火腿
harvestcraft:apricotglazedporkItem,5592,false,harvestcraft,net.minecraft.item.ItemFood,杏釉猪肉
harvestcraft:pineapplehamItem,5593,false,harvestcraft,net.minecraft.item.ItemFood,菠萝火腿
harvestcraft:breadedporkchopItem,5594,false,harvestcraft,net.minecraft.item.ItemFood,猪排面包
harvestcraft:butteredpotatoItem,5595,false,harvestcraft,net.minecraft.item.ItemFood,奶油土豆
harvestcraft:tunapotatoItem,5596,false,harvestcraft,net.minecraft.item.ItemFood,金枪鱼土豆
harvestcraft:mashedpotatoesItem,5597,false,harvestcraft,net.minecraft.item.ItemFood,土豆泥
harvestcraft:loadedbakedpotatoItem,5598,false,harvestcraft,net.minecraft.item.ItemFood,奶油培根土豆
harvestcraft:scallionbakedpotatoItem,5599,false,harvestcraft,net.minecraft.item.ItemFood,青葱烤土豆
harvestcraft:garlicmashedpotatoesItem,5600,false,harvestcraft,net.minecraft.item.ItemFood,蒜蓉土豆泥
harvestcraft:mashedsweetpotatoesItem,5601,false,harvestcraft,net.minecraft.item.ItemFood,红薯泥
harvestcraft:potatocakesItem,5602,false,harvestcraft,net.minecraft.item.ItemFood,薯泥饼
harvestcraft:roastedpumpkinseedsItem,5603,false,harvestcraft,net.minecraft.item.ItemFood,烤南瓜种子
harvestcraft:saltedsunflowerseedsItem,5604,false,harvestcraft,net.minecraft.item.ItemFood,腌制瓜子
harvestcraft:veggiestripsItem,5605,false,harvestcraft,net.minecraft.item.ItemFood,蔬菜条
harvestcraft:veggiestirfryItem,5606,false,harvestcraft,net.minecraft.item.ItemFood,炒蔬菜
harvestcraft:roastedrootveggiemedleyItem,5607,false,harvestcraft,net.minecraft.item.ItemFood,蔬菜拼盘
harvestcraft:steamedpeasItem,5608,false,harvestcraft,net.minecraft.item.ItemFood,清蒸豌豆
harvestcraft:peasandceleryItem,5609,false,harvestcraft,net.minecraft.item.ItemFood,豌豆炒芹菜
harvestcraft:broccolimacItem,5610,false,harvestcraft,net.minecraft.item.ItemFood,西兰花意粉
harvestcraft:broccolindipItem,5611,false,harvestcraft,net.minecraft.item.ItemFood,蘸酱西兰花
harvestcraft:beefjerkyItem,5612,false,harvestcraft,net.minecraft.item.ItemFood,牛肉干
harvestcraft:spicymustardporkItem,5613,false,harvestcraft,net.minecraft.item.ItemFood,辛辣芥末猪肉
harvestcraft:maplesausageItem,5614,false,harvestcraft,net.minecraft.item.ItemFood,枫糖香肠
harvestcraft:batteredsausageItem,5615,false,harvestcraft,net.minecraft.item.ItemFood,炸香肠
harvestcraft:chorizoItem,5616,false,harvestcraft,net.minecraft.item.ItemFood,西班牙香肠
harvestcraft:pepperoniItem,5617,false,harvestcraft,net.minecraft.item.ItemFood,意大利香肠
harvestcraft:sausageItem,5618,false,harvestcraft,net.minecraft.item.ItemFood,香肠
harvestcraft:chiliItem,5619,false,harvestcraft,net.minecraft.item.ItemFood,辣椒酱
harvestcraft:extremechiliItem,5620,false,harvestcraft,net.minecraft.item.ItemFood,至尊辣椒酱
harvestcraft:asparagusquicheItem,5621,false,harvestcraft,net.minecraft.item.ItemFood,芦笋乳蛋饼
harvestcraft:potatoandcheesepirogiItem,5622,false,harvestcraft,net.minecraft.item.ItemFood,土豆芝士馅饼
harvestcraft:eggplantparmItem,5623,false,harvestcraft,net.minecraft.item.ItemFood,茄子帕尔马意面
harvestcraft:spicygreensItem,5624,false,harvestcraft,net.minecraft.item.ItemFood,辛辣蔬菜
harvestcraft:zucchinibakeItem,5625,false,harvestcraft,net.minecraft.item.ItemFood,烤西葫芦
harvestcraft:herbbutterparsnipsItem,5626,false,harvestcraft,net.minecraft.item.ItemFood,香草黄油防风草
harvestcraft:okracreoleItem,5627,false,harvestcraft,net.minecraft.item.ItemFood,克里奥尔秋葵
harvestcraft:ovenroastedcauliflowerItem,5628,false,harvestcraft,net.minecraft.item.ItemFood,烘烤花椰菜
harvestcraft:friedpecanokraItem,5629,false,harvestcraft,net.minecraft.item.ItemFood,炸秋葵塞山核桃
harvestcraft:summersquashwithradishItem,5630,false,harvestcraft,net.minecraft.item.ItemFood,西葫芦炒萝卜
harvestcraft:celeryandpeanutbutterItem,5631,false,harvestcraft,net.minecraft.item.ItemFood,花生酱芹菜
harvestcraft:beansandriceItem,5632,false,harvestcraft,net.minecraft.item.ItemFood,大豆饭
harvestcraft:bamboosteamedriceItem,5633,false,harvestcraft,net.minecraft.item.ItemFood,竹筒蒸米
harvestcraft:steamedspinachItem,5634,false,harvestcraft,net.minecraft.item.ItemFood,清蒸菠菜
harvestcraft:potroastItem,5635,false,harvestcraft,net.minecraft.item.ItemFood,红烧牛肉
harvestcraft:lambkebabItem,5636,false,harvestcraft,net.minecraft.item.ItemFood,羊肉串
harvestcraft:heartybreakfastItem,5637,false,harvestcraft,net.minecraft.item.ItemFood,爱心早餐
harvestcraft:steakandchipsItem,5638,false,harvestcraft,net.minecraft.item.ItemFood,薯条牛排
harvestcraft:sundayroastItem,5639,false,harvestcraft,net.minecraft.item.ItemFood,周日烤肉
harvestcraft:lambwithmintsauceItem,5640,false,harvestcraft,net.minecraft.item.ItemFood,薄荷羊肉
harvestcraft:honeylemonlambItem,5641,false,harvestcraft,net.minecraft.item.ItemFood,蜜汁柠檬羔羊肉
harvestcraft:cornonthecobItem,5642,false,harvestcraft,net.minecraft.item.ItemFood,玉米棒
harvestcraft:creamedcornItem,5643,false,harvestcraft,net.minecraft.item.ItemFood,奶油玉米
harvestcraft:meatystewItem,5644,false,harvestcraft,net.minecraft.item.ItemFood,肉汤
harvestcraft:espressoItem,5645,false,harvestcraft,com.pam.harvestcraft.ItemPamPotionFood,特浓咖啡
harvestcraft:coffeeItem,5646,false,harvestcraft,com.pam.harvestcraft.ItemPamPotionFood,一杯咖啡
harvestcraft:coffeeconlecheItem,5647,false,harvestcraft,com.pam.harvestcraft.ItemPamPotionFood,牛奶咖啡
harvestcraft:teaItem,5648,false,harvestcraft,com.pam.harvestcraft.ItemPamPotionFood,一杯茶
harvestcraft:raspberryicedteaItem,5649,false,harvestcraft,com.pam.harvestcraft.ItemPamPotionFood,树莓冰茶
harvestcraft:chaiteaItem,5650,false,harvestcraft,com.pam.harvestcraft.ItemPamPotionFood,印度香茶
harvestcraft:hotchocolateItem,5651,false,harvestcraft,com.pam.harvestcraft.ItemPamPotionFood,热巧克力
harvestcraft:chocolatemilkItem,5652,false,harvestcraft,com.pam.harvestcraft.ItemPamPotionFood,巧克力牛奶
harvestcraft:pinacoladaItem,5653,false,harvestcraft,net.minecraft.item.ItemFood,冰镇果汁朗姆酒
harvestcraft:eggnogItem,5654,false,harvestcraft,com.pam.harvestcraft.ItemPamPotionFood,蛋酒
harvestcraft:appleciderItem,5655,false,harvestcraft,net.minecraft.item.ItemFood,苹果酒
harvestcraft:fruitpunchItem,5656,false,harvestcraft,com.pam.harvestcraft.ItemPamPotionFood,果汁潘趣酒
harvestcraft:coconutmilkItem,5657,false,harvestcraft,com.pam.harvestcraft.ItemPamPotionFood,椰奶
harvestcraft:soymilkItem,5658,false,harvestcraft,com.pam.harvestcraft.ItemPamPotionFood,豆浆
harvestcraft:cherrysodaItem,5659,false,harvestcraft,com.pam.harvestcraft.ItemPamPotionFood,樱桃汽水
harvestcraft:colasodaItem,5660,false,harvestcraft,com.pam.harvestcraft.ItemPamPotionFood,可乐汽水
harvestcraft:gingersodaItem,5661,false,harvestcraft,com.pam.harvestcraft.ItemPamPotionFood,姜汁汽水
harvestcraft:grapesodaItem,5662,false,harvestcraft,com.pam.harvestcraft.ItemPamPotionFood,葡萄汽水
harvestcraft:lemonlimesodaItem,5663,false,harvestcraft,com.pam.harvestcraft.ItemPamPotionFood,柠檬-酸橙汽水
harvestcraft:orangesodaItem,5664,false,harvestcraft,com.pam.harvestcraft.ItemPamPotionFood,橙子汽水
harvestcraft:rootbeersodaItem,5665,false,harvestcraft,com.pam.harvestcraft.ItemPamPotionFood,根汁汽水
harvestcraft:strawberrysodaItem,5666,false,harvestcraft,com.pam.harvestcraft.ItemPamPotionFood,草莓汽水
harvestcraft:grapefruitsodaItem,5667,false,harvestcraft,com.pam.harvestcraft.ItemPamPotionFood,西柚汽水
harvestcraft:lemonaideItem,5668,false,harvestcraft,com.pam.harvestcraft.ItemPamPotionFood,柠檬水
harvestcraft:energydrinkItem,5669,false,harvestcraft,com.pam.harvestcraft.ItemPamPotionFood,能量饮料
harvestcraft:applejuiceItem,5670,false,harvestcraft,com.pam.harvestcraft.ItemPamPotionFood,苹果汁
harvestcraft:apricotjuiceItem,5671,false,harvestcraft,com.pam.harvestcraft.ItemPamPotionFood,杏子汁
harvestcraft:bananajuiceItem,5672,false,harvestcraft,com.pam.harvestcraft.ItemPamPotionFood,香蕉汁
harvestcraft:blackberryjuiceItem,5673,false,harvestcraft,com.pam.harvestcraft.ItemPamPotionFood,黑莓汁
harvestcraft:blueberryjuiceItem,5674,false,harvestcraft,com.pam.harvestcraft.ItemPamPotionFood,蓝莓汁
harvestcraft:cactusfruitjuiceItem,5675,false,harvestcraft,com.pam.harvestcraft.ItemPamPotionFood,仙人掌果汁
harvestcraft:carrotjuiceItem,5676,false,harvestcraft,com.pam.harvestcraft.ItemPamPotionFood,胡萝卜汁
harvestcraft:cherryjuiceItem,5677,false,harvestcraft,com.pam.harvestcraft.ItemPamPotionFood,樱桃汁
harvestcraft:cranberryjuiceItem,5678,false,harvestcraft,com.pam.harvestcraft.ItemPamPotionFood,蔓越莓汁
harvestcraft:figjuiceItem,5679,false,harvestcraft,com.pam.harvestcraft.ItemPamPotionFood,无花果汁
harvestcraft:gooseberryjuiceItem,5680,false,harvestcraft,com.pam.harvestcraft.ItemPamPotionFood,醋栗汁
harvestcraft:grapefruitjuiceItem,5681,false,harvestcraft,com.pam.harvestcraft.ItemPamPotionFood,西柚汁
harvestcraft:grapejuiceItem,5682,false,harvestcraft,com.pam.harvestcraft.ItemPamPotionFood,葡萄汁
harvestcraft:kiwijuiceItem,5683,false,harvestcraft,com.pam.harvestcraft.ItemPamPotionFood,猕猴桃汁
harvestcraft:limejuiceItem,5684,false,harvestcraft,com.pam.harvestcraft.ItemPamPotionFood,酸橙汁
harvestcraft:mangojuiceItem,5685,false,harvestcraft,com.pam.harvestcraft.ItemPamPotionFood,芒果汁
harvestcraft:melonjuiceItem,5686,false,harvestcraft,com.pam.harvestcraft.ItemPamPotionFood,西瓜汁
harvestcraft:orangejuiceItem,5687,false,harvestcraft,com.pam.harvestcraft.ItemPamPotionFood,橙子汁
harvestcraft:papayajuiceItem,5688,false,harvestcraft,com.pam.harvestcraft.ItemPamPotionFood,木瓜汁
harvestcraft:peachjuiceItem,5689,false,harvestcraft,com.pam.harvestcraft.ItemPamPotionFood,桃子汁
harvestcraft:pearjuiceItem,5690,false,harvestcraft,com.pam.harvestcraft.ItemPamPotionFood,梨汁
harvestcraft:persimmonjuiceItem,5691,false,harvestcraft,com.pam.harvestcraft.ItemPamPotionFood,柿子汁
harvestcraft:plumjuiceItem,5692,false,harvestcraft,com.pam.harvestcraft.ItemPamPotionFood,李子汁
harvestcraft:pomegranatejuiceItem,5693,false,harvestcraft,com.pam.harvestcraft.ItemPamPotionFood,石榴汁
harvestcraft:raspberryjuiceItem,5694,false,harvestcraft,com.pam.harvestcraft.ItemPamPotionFood,树莓汁
harvestcraft:starfruitjuiceItem,5695,false,harvestcraft,com.pam.harvestcraft.ItemPamPotionFood,杨桃汁
harvestcraft:strawberryjuiceItem,5696,false,harvestcraft,com.pam.harvestcraft.ItemPamPotionFood,草莓汁
harvestcraft:applesmoothieItem,5697,false,harvestcraft,net.minecraft.item.ItemFood,苹果冰沙
harvestcraft:apricotsmoothieItem,5698,false,harvestcraft,com.pam.harvestcraft.ItemPamPotionFood,杏子冰沙
harvestcraft:bananasmoothieItem,5699,false,harvestcraft,com.pam.harvestcraft.ItemPamPotionFood,香蕉冰沙
harvestcraft:blackberrysmoothieItem,5700,false,harvestcraft,com.pam.harvestcraft.ItemPamPotionFood,黑莓冰沙
harvestcraft:blueberrysmoothieItem,5701,false,harvestcraft,com.pam.harvestcraft.ItemPamPotionFood,蓝莓冰沙
harvestcraft:cherrysmoothieItem,5702,false,harvestcraft,com.pam.harvestcraft.ItemPamPotionFood,樱桃冰沙
harvestcraft:coconutsmoothieItem,5703,false,harvestcraft,net.minecraft.item.ItemFood,椰奶冰沙
harvestcraft:cranberrysmoothieItem,5704,false,harvestcraft,net.minecraft.item.ItemFood,蔓越莓冰沙
harvestcraft:figsmoothieItem,5705,false,harvestcraft,com.pam.harvestcraft.ItemPamPotionFood,无花果冰沙
harvestcraft:gooseberrysmoothieItem,5706,false,harvestcraft,net.minecraft.item.ItemFood,醋栗冰沙
harvestcraft:grapefruitsmoothieItem,5707,false,harvestcraft,com.pam.harvestcraft.ItemPamPotionFood,西柚冰沙
harvestcraft:grapesmoothieItem,5708,false,harvestcraft,net.minecraft.item.ItemFood,葡萄冰沙
harvestcraft:kiwismoothieItem,5709,false,harvestcraft,com.pam.harvestcraft.ItemPamPotionFood,猕猴桃冰沙
harvestcraft:lemonsmoothieItem,5710,false,harvestcraft,net.minecraft.item.ItemFood,柠檬冰沙
harvestcraft:limesmoothieItem,5711,false,harvestcraft,com.pam.harvestcraft.ItemPamPotionFood,酸橙冰沙
harvestcraft:mangosmoothieItem,5712,false,harvestcraft,com.pam.harvestcraft.ItemPamPotionFood,芒果冰沙
harvestcraft:melonsmoothieItem,5713,false,harvestcraft,com.pam.harvestcraft.ItemPamPotionFood,西瓜冰沙
harvestcraft:orangesmoothieItem,5714,false,harvestcraft,com.pam.harvestcraft.ItemPamPotionFood,橙子冰沙
harvestcraft:papayasmoothieItem,5715,false,harvestcraft,com.pam.harvestcraft.ItemPamPotionFood,木瓜冰沙
harvestcraft:peachsmoothieItem,5716,false,harvestcraft,net.minecraft.item.ItemFood,桃子冰沙
harvestcraft:pearsmoothieItem,5717,false,harvestcraft,net.minecraft.item.ItemFood,梨子冰沙
harvestcraft:persimmonsmoothieItem,5718,false,harvestcraft,com.pam.harvestcraft.ItemPamPotionFood,柿子沙冰
harvestcraft:plumsmoothieItem,5719,false,harvestcraft,net.minecraft.item.ItemFood,李子冰沙
harvestcraft:pomegranatesmoothieItem,5720,false,harvestcraft,com.pam.harvestcraft.ItemPamPotionFood,石榴冰沙
harvestcraft:raspberrysmoothieItem,5721,false,harvestcraft,com.pam.harvestcraft.ItemPamPotionFood,树莓冰沙
harvestcraft:starfruitsmoothieItem,5722,false,harvestcraft,com.pam.harvestcraft.ItemPamPotionFood,杨桃冰沙
harvestcraft:strawberrysmoothieItem,5723,false,harvestcraft,net.minecraft.item.ItemFood,草莓冰沙
harvestcraft:bananamilkshakeItem,5724,false,harvestcraft,net.minecraft.item.ItemFood,香蕉奶昔
harvestcraft:chocolatemilkshakeItem,5725,false,harvestcraft,net.minecraft.item.ItemFood,巧克力奶昔
harvestcraft:gooseberrymilkshakeItem,5726,false,harvestcraft,net.minecraft.item.ItemFood,醋栗奶昔
harvestcraft:strawberrymilkshakeItem,5727,false,harvestcraft,net.minecraft.item.ItemFood,草莓奶昔
ExtraTiC:funStuffIngot,5728,false,ExtraTiC,glassmaker.extratic.metals.MetalItem,精灵锭
ExtraTiC:gear,5729,false,ExtraTiC,glassmaker.extratic.items.ItemGear,item.extratic.gear.name
ExtraTiC:drulloyIngot,5730,false,ExtraTiC,glassmaker.extratic.metals.MetalItem,朱氏合金锭
ExtraTiC:arrowhead,5731,false,ExtraTiC,glassmaker.extratic.parts.Part,item.default.arrowhead.name
ExtraTiC:axeHead,5732,false,ExtraTiC,glassmaker.extratic.parts.Part,item.default.axe.head.name
ExtraTiC:battelSign,5733,false,ExtraTiC,glassmaker.extratic.parts.Part,item.default.battle.sign.name
ExtraTiC:binding,5734,false,ExtraTiC,glassmaker.extratic.parts.Part,item.default.binding.name
ExtraTiC:chiselHead,5735,false,ExtraTiC,glassmaker.extratic.parts.Part,item.default.chisel.head.name
ExtraTiC:chunk,5736,false,ExtraTiC,glassmaker.extratic.parts.Part,item.default.chunk.name
ExtraTiC:crossbar,5737,false,ExtraTiC,glassmaker.extratic.parts.Part,item.default.crossbar.name
ExtraTiC:excavatorHead,5738,false,ExtraTiC,glassmaker.extratic.parts.Part,item.default.excavator.head.name
ExtraTiC:frypanHead,5739,false,ExtraTiC,glassmaker.extratic.parts.Part,item.default.frypan.head.name
ExtraTiC:fullGuard,5740,false,ExtraTiC,glassmaker.extratic.parts.Part,item.default.full.guard.name
ExtraTiC:hammerHead,5741,false,ExtraTiC,glassmaker.extratic.parts.Part,item.default.hammer.head.name
ExtraTiC:knifeBlade,5742,false,ExtraTiC,glassmaker.extratic.parts.Part,item.default.knife.blade.name
ExtraTiC:largeGuard,5743,false,ExtraTiC,glassmaker.extratic.parts.Part,item.default.large.guard.name
ExtraTiC:largeSwordBlade,5744,false,ExtraTiC,glassmaker.extratic.parts.Part,item.default.large.sword.blade.name
ExtraTiC:largeplate,5745,false,ExtraTiC,glassmaker.extratic.parts.Part,item.default.largeplate.name
ExtraTiC:lumberaxeHead,5746,false,ExtraTiC,glassmaker.extratic.parts.Part,item.default.lumberaxe.head.name
ExtraTiC:mediumGuard,5747,false,ExtraTiC,glassmaker.extratic.parts.Part,item.default.medium.guard.name
ExtraTiC:pickaxeHead,5748,false,ExtraTiC,glassmaker.extratic.parts.Part,item.default.pickaxe.head.name
ExtraTiC:scytheHead,5749,false,ExtraTiC,glassmaker.extratic.parts.Part,item.default.scythe.head.name
ExtraTiC:shovelHead,5750,false,ExtraTiC,glassmaker.extratic.parts.Part,item.default.shovel.head.name
ExtraTiC:swordBlade,5751,false,ExtraTiC,glassmaker.extratic.parts.Part,item.default.sword.blade.name
ExtraTiC:toolrod,5752,false,ExtraTiC,glassmaker.extratic.parts.Part,item.default.toolrod.name
ExtraTiC:toughbind,5753,false,ExtraTiC,glassmaker.extratic.parts.Part,item.default.toughbind.name
ExtraTiC:toughrod,5754,false,ExtraTiC,glassmaker.extratic.parts.Part,item.default.toughrod.name
ExtraTiC:shuriken,5755,false,ExtraTiC,glassmaker.extratic.parts.Part,item.default.shuriken.name
ExtraTiC:BowLimb,5756,false,ExtraTiC,glassmaker.extratic.parts.Part,item.default.bow.limb.name
ExtraTiC:CrossbowLimb,5757,false,ExtraTiC,glassmaker.extratic.parts.Part,item.default.crossbow.limb.name
ExtraTiC:CrossbowBody,5758,false,ExtraTiC,glassmaker.extratic.parts.Part,item.default.crossbow.body.name
ExtraTiC:Blot,5759,false,ExtraTiC,glassmaker.extratic.parts.Part,item.default.bolt.name
ExtraTiC:extra.bucket,5760,false,ExtraTiC,glassmaker.extratic.metals.MoltenMetalBucketItem,item.extratic.bucket.name
ForgeMicroblock:microblock,5761,false,ForgeMicroblock,codechicken.microblock.ItemMicroPart,Unnamed
ForgeMicroblock:sawStone,5762,false,ForgeMicroblock,codechicken.microblock.ItemSaw,石手锯
ForgeMicroblock:sawIron,5763,false,ForgeMicroblock,codechicken.microblock.ItemSaw,铁手锯
ForgeMicroblock:sawDiamond,5764,false,ForgeMicroblock,codechicken.microblock.ItemSaw,钻石手锯
ForgeMicroblock:stoneRod,5765,false,ForgeMicroblock,net.minecraft.item.Item,石棍
HardcoreQuesting:quest_book,5766,false,HardcoreQuesting,hardcorequesting.items.ItemQuestBook,任务手册
HardcoreQuesting:hearts,5767,false,HardcoreQuesting,hardcorequesting.items.ItemHeart,四分之一红心
HardcoreQuesting:bags,5768,false,HardcoreQuesting,hardcorequesting.items.ItemBag,奖励袋子
HardcoreQuesting:hqmInvalidItem,5769,false,HardcoreQuesting,hardcorequesting.items.ItemInvalid,无效物品
IronChest:ironGoldUpgrade,5770,false,IronChest,cpw.mods.ironchest.ItemChestChanger,箱子升级：铁>金
IronChest:goldDiamondUpgrade,5771,false,IronChest,cpw.mods.ironchest.ItemChestChanger,箱子升级：金>钻石
IronChest:copperSteelUpgrade,5772,false,IronChest,cpw.mods.ironchest.ItemChestChanger,箱子升级：铜>钢
IronChest:steelGoldUpgrade,5773,false,IronChest,cpw.mods.ironchest.ItemChestChanger,箱子升级：钢>金
IronChest:copperIronUpgrade,5774,false,IronChest,cpw.mods.ironchest.ItemChestChanger,箱子升级：铜>铁
IronChest:diamondCrystalUpgrade,5775,false,IronChest,cpw.mods.ironchest.ItemChestChanger,箱子升级：钻石>水晶
IronChest:woodIronUpgrade,5776,false,IronChest,cpw.mods.ironchest.ItemChestChanger,箱子升级：木>铁
IronChest:woodCopperUpgrade,5777,false,IronChest,cpw.mods.ironchest.ItemChestChanger,箱子升级：木>铜
IronChest:diamondObsidianUpgrade,5778,false,IronChest,cpw.mods.ironchest.ItemChestChanger,箱子升级：钻石>黑曜石
IronChest:obsidianNetheriteUpgrade,5779,false,IronChest,cpw.mods.ironchest.ItemChestChanger,箱子升级：黑曜石>下界合金
IronChest:ironSteelUpgrade,5780,false,IronChest,cpw.mods.ironchest.ItemChestChanger,箱子升级：铁>钢
JABBA:upgradeStructural,5781,false,JABBA,mcp.mobius.betterbarrels.common.items.upgrades.ItemUpgradeStructural,结构升级 MK I (橡木木板)
JABBA:upgradeCore,5782,false,JABBA,mcp.mobius.betterbarrels.common.items.upgrades.ItemUpgradeCore,存储升级
JABBA:upgradeSide,5783,false,JABBA,mcp.mobius.betterbarrels.common.items.upgrades.ItemUpgradeSide,贴面
JABBA:mover,5784,false,JABBA,mcp.mobius.betterbarrels.common.items.dolly.ItemBarrelMover,手推车
JABBA:moverFolded,5785,false,JABBA,mcp.mobius.betterbarrels.common.items.dolly.ItemFoldedBarrelMover,手推车（折叠）
JABBA:moverDiamond,5786,false,JABBA,mcp.mobius.betterbarrels.common.items.dolly.ItemDiamondMover,钻石手推车
JABBA:hammer,5787,false,JABBA,mcp.mobius.betterbarrels.common.items.ItemBarrelHammer,桶锤
JABBA:tuningFork,5788,false,JABBA,mcp.mobius.betterbarrels.common.items.ItemTuningFork,B空间音叉
jaffa:Kale,5789,false,jaffa,com.murdy.jaffa.food.BaseFood,羽衣甘蓝
jaffa:kaleSeed,5790,false,jaffa,net.minecraft.item.ItemSeeds,羽衣甘蓝种子
jaffa:CitricAcid,5791,false,jaffa,com.murdy.jaffa.item.BaseItem,柠檬酸
jaffa:CSPizza,5792,false,jaffa,com.murdy.jaffa.food.BaseFood,CS披萨
jaffa:CSPizzaSlice,5793,false,jaffa,com.murdy.jaffa.food.BaseFood,CS披萨片
jaffa:PizzaSlice,5794,false,jaffa,com.murdy.jaffa.food.BaseFood,披萨片
jaffa:SupremeSlice,5795,false,jaffa,com.murdy.jaffa.food.BaseFood,至尊披萨片
jaffa:MeatFeastSlice,5796,false,jaffa,com.murdy.jaffa.food.BaseFood,肉宴披萨片
jaffa:BakedBeansToast,5797,false,jaffa,com.murdy.jaffa.food.BaseFood,烘豆吐司
jaffa:CornChips,5798,false,jaffa,com.murdy.jaffa.food.BaseFood,玉米片
jaffa:StrawberryMilkshake,5799,false,jaffa,com.murdy.jaffa.food.BaseFood,草莓奶昔
jaffa:BananaMilkshake,5800,false,jaffa,com.murdy.jaffa.food.BaseFood,香蕉奶昔
jaffa:ChocolateMilkshake,5801,false,jaffa,com.murdy.jaffa.food.BaseFood,巧克力奶昔
jaffa:VanillaMilkshake,5802,false,jaffa,com.murdy.jaffa.food.BaseFood,香草奶昔
jaffa:Escargot,5803,false,jaffa,com.murdy.jaffa.food.nauseous,蜗牛
jaffa:BaconEggs,5804,false,jaffa,com.murdy.jaffa.food.BaseFood,熏肉煎蛋
jaffa:ChipsSalt,5805,false,jaffa,com.murdy.jaffa.food.BaseFood,盐薯片
jaffa:ChipsSaltVinegar,5806,false,jaffa,com.murdy.jaffa.food.BaseFood,盐醋薯片
jaffa:ChipsChicken,5807,false,jaffa,com.murdy.jaffa.food.BaseFood,鸡肉薯条
jaffa:ChipsSourC,5808,false,jaffa,com.murdy.jaffa.food.BaseFood,韭菜奶油薯片
jaffa:ChocChipCookie,5809,false,jaffa,com.murdy.jaffa.food.BaseFood,巧克力豆曲奇
jaffa:LemonSugarPancakes,5810,false,jaffa,com.murdy.jaffa.food.BaseFood,柠檬糖煎饼
jaffa:JamPancakes,5811,false,jaffa,com.murdy.jaffa.food.BaseFood,果酱煎饼
jaffa:HoneyPancakes,5812,false,jaffa,com.murdy.jaffa.food.BaseFood,蜂蜜煎饼
jaffa:BananaMuffin,5813,false,jaffa,com.murdy.jaffa.food.BaseFood,香蕉松饼
jaffa:SavouryMuffin,5814,false,jaffa,com.murdy.jaffa.food.BaseFood,玉米松饼
jaffa:ChocolateMuffin,5815,false,jaffa,com.murdy.jaffa.food.BaseFood,巧克力松饼
jaffa:SteakCheesePie,5816,false,jaffa,com.murdy.jaffa.food.BaseFood,肉末奶酪派
jaffa:ChickenVegePie,5817,false,jaffa,com.murdy.jaffa.food.BaseFood,蔬菜鸡肉馅饼
jaffa:BaconEggPie,5818,false,jaffa,com.murdy.jaffa.food.BaseFood,培根鸡蛋派
jaffa:FishPie,5819,false,jaffa,com.murdy.jaffa.food.BaseFood,鱼肉派
jaffa:FishKeish,5820,false,jaffa,com.murdy.jaffa.food.BaseFood,鱼肉馅饼
jaffa:MacaroniCheese,5821,false,jaffa,com.murdy.jaffa.food.BaseFood,奶焗通心粉布丁
jaffa:PotatoFishPie,5822,false,jaffa,com.murdy.jaffa.food.BaseFood,马铃薯海鲜派
jaffa:RoastChicken,5823,false,jaffa,com.murdy.jaffa.food.BaseFood,叉烧鸡肉
jaffa:RoastPork,5824,false,jaffa,com.murdy.jaffa.food.BaseFood,叉烧猪肉
jaffa:RoastLamb,5825,false,jaffa,com.murdy.jaffa.food.BaseFood,叉烧羊肉
jaffa:RoastBeef,5826,false,jaffa,com.murdy.jaffa.food.BaseFood,叉烧牛肉
jaffa:LemonCordial,5827,false,jaffa,com.murdy.jaffa.food.returnbottle,柠檬饮料
jaffa:ChickenNoodleBake,5828,false,jaffa,com.murdy.jaffa.food.BaseFood,鸡肉面
jaffa:Pikelets,5829,false,jaffa,com.murdy.jaffa.food.BaseFood,烙饼
jaffa:Jaffas,5830,false,jaffa,com.murdy.jaffa.food.BaseFood,巧克力糖
jaffa:FruitPie,5831,false,jaffa,com.murdy.jaffa.food.BaseFood,水果馅饼
jaffa:Bacon,5832,false,jaffa,com.murdy.jaffa.food.BaseFood,培根
jaffa:ChickenSalad,5833,false,jaffa,com.murdy.jaffa.food.BaseFood,鸡丁沙拉
jaffa:FishSalad,5834,false,jaffa,com.murdy.jaffa.food.BaseFood,金枪鱼沙拉
jaffa:EggSalad,5835,false,jaffa,com.murdy.jaffa.food.BaseFood,鸡蛋沙拉
jaffa:ChiliDog,5836,false,jaffa,com.murdy.jaffa.food.BaseFood,辣椒热狗
jaffa:ExtremeBacon,5837,false,jaffa,com.murdy.jaffa.food.ExtremeBacon,熏猪肉
jaffa:JellyBurger,5838,false,jaffa,com.murdy.jaffa.food.BaseFood,果冻汉堡
jaffa:ShrimpTempura,5839,false,jaffa,com.murdy.jaffa.food.BaseFood,天妇罗炸虾
jaffa:Cheesesteak,5840,false,jaffa,com.murdy.jaffa.food.BaseFood,费城奶酪牛肉三明治
jaffa:Doritos,5841,false,jaffa,com.murdy.jaffa.food.MLGFoodz,多力多滋
jaffa:MtnDew,5842,false,jaffa,com.murdy.jaffa.food.MLGFoodz,激浪
jaffa:CocaCola,5843,false,jaffa,com.murdy.jaffa.food.Soda,可口可乐
jaffa:Pepsi,5844,false,jaffa,com.murdy.jaffa.food.Soda,百事可乐
jaffa:DrPepper,5845,false,jaffa,com.murdy.jaffa.food.Soda,胡椒博士
jaffa:CocaColaFloat,5846,false,jaffa,com.murdy.jaffa.food.Soda,清凉可口可乐
jaffa:OrangeSodaFloat,5847,false,jaffa,com.murdy.jaffa.food.BaseFood,清凉橙子汽水
jaffa:PineappleJuice,5848,false,jaffa,com.murdy.jaffa.food.BaseFood,菠萝果汁
jaffa:PineappleSoda,5849,false,jaffa,com.murdy.jaffa.food.BaseFood,菠萝汽水
jaffa:BaconIceCream,5850,false,jaffa,com.murdy.jaffa.food.BaseFood,培根冰淇淋
jaffa:PeanutButterCup,5851,false,jaffa,com.murdy.jaffa.food.BaseFood,花生酱杯
jaffa:BeefStroganoff,5852,false,jaffa,com.murdy.jaffa.food.BaseFood,牛柳丝
jaffa:CheeseMash,5853,false,jaffa,com.murdy.jaffa.food.BaseFood,奶酪土豆泥
jaffa:ChickenNuggets,5854,false,jaffa,com.murdy.jaffa.food.BaseFood,鸡肉块
jaffa:HoneyChickenNuggets,5855,false,jaffa,com.murdy.jaffa.food.BaseFood,蜂蜜鸡块
jaffa:Lasagna,5856,false,jaffa,com.murdy.jaffa.food.BaseFood,烤宽面条
jaffa:BanhMi,5857,false,jaffa,com.murdy.jaffa.food.BaseFood,法式面包
jaffa:CrabCakes,5858,false,jaffa,com.murdy.jaffa.food.BaseFood,蟹肉饼
jaffa:MapleCocoa,5859,false,jaffa,com.murdy.jaffa.food.BaseFood,枫糖巧克力
jaffa:GrilledEel,5860,false,jaffa,com.murdy.jaffa.food.BaseFood,烤鳗鱼
jaffa:OctopusBalls,5861,false,jaffa,com.murdy.jaffa.food.BaseFood,章鱼丸
jaffa:FriedCorn,5862,false,jaffa,com.murdy.jaffa.food.BaseFood,油炸玉米
jaffa:PuffedRice,5863,false,jaffa,com.murdy.jaffa.food.BaseFood,爆米花
jaffa:RiceKrispies,5864,false,jaffa,com.murdy.jaffa.food.BaseFood,卜卜米
jaffa:Weetabix,5865,false,jaffa,com.murdy.jaffa.food.BaseFood,维他麦
jaffa:WeetabixMilk,5866,false,jaffa,com.murdy.jaffa.food.BaseFood,维他麦奶
jaffa:WeetabixJam,5867,false,jaffa,com.murdy.jaffa.food.BaseFood,维他麦酱
jaffa:LuckyCharms,5868,false,jaffa,com.murdy.jaffa.food.BaseFood,幸运饼干
jaffa:FruitLoops,5869,false,jaffa,com.murdy.jaffa.food.BaseFood,水果圈
jaffa:Granola,5870,false,jaffa,com.murdy.jaffa.food.BaseFood,格兰诺拉麦片
jaffa:CinnamonToastCrunch,5871,false,jaffa,com.murdy.jaffa.food.BaseFood,压缩肉桂吐司
jaffa:CocoaPuffs,5872,false,jaffa,com.murdy.jaffa.food.BaseFood,可可泡芙
jaffa:HoneyPuffs,5873,false,jaffa,com.murdy.jaffa.food.BaseFood,蜂蜜泡芙
jaffa:SpinachQuiche,5874,false,jaffa,com.murdy.jaffa.food.BaseFood,菠菜乳蛋饼
jaffa:BaconEggQuiche,5875,false,jaffa,com.murdy.jaffa.food.BaseFood,熏肉煎蛋饼
jaffa:SalmonQuiche,5876,false,jaffa,com.murdy.jaffa.food.BaseFood,三文鱼饼
jaffa:CreamCan,5877,false,jaffa,com.murdy.jaffa.item.CreamCan,罐装奶油
jaffa:MustardBucket,5878,false,jaffa,com.murdy.jaffa.fluid.LiquidBucket,芥末桶
jaffa:CreamBucket,5879,false,jaffa,com.murdy.jaffa.fluid.LiquidBucket,奶油桶
jaffa:OilBucket,5880,false,jaffa,com.murdy.jaffa.fluid.LiquidBucket,油桶
jaffa:StockBucket,5881,false,jaffa,com.murdy.jaffa.fluid.LiquidBucket,干货桶
jaffa:VinegarBucket,5882,false,jaffa,com.murdy.jaffa.fluid.LiquidBucket,醋桶
jaffa:IceCreamBucket,5883,false,jaffa,com.murdy.jaffa.fluid.LiquidBucket,冰淇淋桶
OpenBlocks:hangglider,5884,false,OpenBlocks,openblocks.common.item.ItemHangGlider,滑翔翼
OpenBlocks:generic,5885,false,OpenBlocks,openblocks.common.item.ItemOBGeneric,滑翔翼
OpenBlocks:luggage,5886,false,OpenBlocks,openblocks.common.item.ItemLuggage,行李箱
OpenBlocks:sonicglasses,5887,false,OpenBlocks,openblocks.common.item.ItemSonicGlasses,音波眼镜
OpenBlocks:pencilGlasses,5888,false,OpenBlocks,openblocks.common.item.ItemImaginationGlasses,铅笔眼镜
OpenBlocks:crayonGlasses,5889,false,OpenBlocks,openblocks.common.item.ItemImaginationGlasses.ItemCrayonGlasses,蜡笔眼镜
OpenBlocks:technicolorGlasses,5890,false,OpenBlocks,openblocks.common.item.ItemImaginationGlasses,惊艳科幻色调眼镜
OpenBlocks:seriousGlasses,5891,false,OpenBlocks,openblocks.common.item.ItemImaginationGlasses,恶棍眼镜
OpenBlocks:craneControl,5892,false,OpenBlocks,openblocks.common.item.ItemCraneControl,起重机控制器
OpenBlocks:craneBackpack,5893,false,OpenBlocks,openblocks.common.item.ItemCraneBackpack,起重机背包
OpenBlocks:slimalyzer,5894,false,OpenBlocks,openblocks.common.item.ItemSlimalyzer,史莱姆区块探测器
OpenBlocks:filledbucket,5895,false,OpenBlocks,openblocks.common.item.ItemFilledBucket,液态经验桶
OpenBlocks:sleepingBag,5896,false,OpenBlocks,openblocks.common.item.ItemSleepingBag,睡袋
OpenBlocks:paintBrush,5897,false,OpenBlocks,openblocks.common.item.ItemPaintBrush,颜料刷
OpenBlocks:stencil,5898,false,OpenBlocks,openblocks.common.item.ItemStencil,模板
OpenBlocks:squeegee,5899,false,OpenBlocks,openblocks.common.item.ItemSqueegee,刮刀
OpenBlocks:heightMap,5900,false,OpenBlocks,openblocks.common.item.ItemHeightMap,高度图
OpenBlocks:emptyMap,5901,false,OpenBlocks,openblocks.common.item.ItemEmptyMap,空白地图
OpenBlocks:cartographer,5902,false,OpenBlocks,openblocks.common.item.ItemCartographer,制图机器人
OpenBlocks:tastyClay,5903,false,OpenBlocks,openblocks.common.item.ItemTastyClay,美味黏土
OpenBlocks:goldenEye,5904,false,OpenBlocks,openblocks.common.item.ItemGoldenEye,黄金之眼
OpenBlocks:genericUnstackable,5905,false,OpenBlocks,openblocks.common.item.ItemOBGenericUnstackable,指针
OpenBlocks:cursor,5906,false,OpenBlocks,openblocks.common.item.ItemCursor,游标
OpenBlocks:infoBook,5907,false,OpenBlocks,openblocks.common.item.ItemInfoBook,用开放式方块主宰世界
OpenBlocks:devnull,5908,false,OpenBlocks,openblocks.common.item.ItemDevNull,/dev/null
OpenBlocks:spongeonastick,5909,false,OpenBlocks,openblocks.common.item.ItemSpongeOnAStick,海绵棒
OpenBlocks:pedometer,5910,false,OpenBlocks,openblocks.common.item.ItemPedometer,计步器
OpenBlocks:epicEraser,5911,false,OpenBlocks,openblocks.common.item.ItemEpicEraser,史诗橡皮擦
OpenBlocks:wrench,5912,false,OpenBlocks,openblocks.common.item.ItemWrench,大金属棒
ProjectBlue:controlPanel,5913,false,ProjectBlue,gcewing.projectblue.ControlPanelItem,控制板 (4x4)
ProjectBlue:miniatureLever,5914,false,ProjectBlue,gcewing.projectblue.ControlItem,微型 白色 拉杆
ProjectBlue:miniatureButton,5915,false,ProjectBlue,gcewing.projectblue.ControlItem,微型 白色 按钮
ProjectBlue:miniatureLamp,5916,false,ProjectBlue,gcewing.projectblue.ControlItem,微型 白色 灯
ProjectBlue:miniatureCover,5917,false,ProjectBlue,gcewing.projectblue.ControlItem,Unnamed
ProjectBlue:emptySprayCan,5918,false,ProjectBlue,net.minecraft.item.Item,空的喷漆罐
ProjectBlue:sprayCan,5919,false,ProjectBlue,gcewing.projectblue.SprayCanItem,白色 喷漆
RedLogic:redlogic.screwdriver,5920,false,RedLogic,mods.immibis.redlogic.ItemScrewdriver,Screwdriver
RedLogic:redlogic.compiledCircuit,5921,false,RedLogic,mods.immibis.redlogic.chips.ingame.ItemPhotomask,Photomask
RedLogic:redlogic.schematic,5922,false,RedLogic,mods.immibis.redlogic.chips.ingame.ItemSchematic,Schematic
RedLogic:redlogic.chip,5923,false,RedLogic,mods.immibis.redlogic.chips.ingame.ItemChip,Integrated Circuit
RedstoneArsenal:material,5924,false,RedstoneArsenal,cofh.core.item.ItemBase,红石琥珀金粉末
RedstoneArsenal:armor.helmetFlux,5925,false,RedstoneArsenal,cofh.redstonearsenal.item.armor.ItemArmorRF,红石充能头盔
RedstoneArsenal:armor.plateFlux,5926,false,RedstoneArsenal,cofh.redstonearsenal.item.armor.ItemArmorRF,红石充能胸甲
RedstoneArsenal:armor.legsFlux,5927,false,RedstoneArsenal,cofh.redstonearsenal.item.armor.ItemArmorRF,红石充能护腿
RedstoneArsenal:armor.bootsFlux,5928,false,RedstoneArsenal,cofh.redstonearsenal.item.armor.ItemArmorRF,红石充能靴子
RedstoneArsenal:tool.wrenchFlux,5929,false,RedstoneArsenal,cofh.redstonearsenal.item.tool.ItemWrenchRF,红石充能新月锤
RedstoneArsenal:tool.battleWrenchFlux,5930,false,RedstoneArsenal,cofh.redstonearsenal.item.tool.ItemWrenchBattleRF,红石充能战锤
RedstoneArsenal:tool.swordFlux,5931,false,RedstoneArsenal,cofh.redstonearsenal.item.tool.ItemSwordRF,红石充能剑
RedstoneArsenal:tool.shovelFlux,5932,false,RedstoneArsenal,cofh.redstonearsenal.item.tool.ItemShovelRF,红石充能铲
RedstoneArsenal:tool.pickaxeFlux,5933,false,RedstoneArsenal,cofh.redstonearsenal.item.tool.ItemPickaxeRF,红石充能镐
RedstoneArsenal:tool.axeFlux,5934,false,RedstoneArsenal,cofh.redstonearsenal.item.tool.ItemAxeRF,红石充能斧
RedstoneArsenal:tool.fishingRodFlux,5935,false,RedstoneArsenal,cofh.redstonearsenal.item.tool.ItemFishingRodRF,红石充能鱼竿
RedstoneArsenal:tool.sickleFlux,5936,false,RedstoneArsenal,cofh.redstonearsenal.item.tool.ItemSickleRF,红石充能镰刀
RedstoneArsenal:tool.bowFlux,5937,false,RedstoneArsenal,cofh.redstonearsenal.item.tool.ItemBowRF,红石充能弓
simplyjetpacks:jetpacksCommon,5938,false,simplyjetpacks,tonius.simplyjetpacks.item.ItemPack.ItemJetpack,土豆喷气背包
simplyjetpacks:fluxpacksCommon,5939,false,simplyjetpacks,tonius.simplyjetpacks.item.ItemPack.ItemFluxPack,item.simplyjetpacks.pack.name
simplyjetpacks:jetpacks,5940,false,simplyjetpacks,tonius.simplyjetpacks.item.ItemPack.ItemJetpack,item.simplyjetpacks.pack.te.name
simplyjetpacks:fluxpacks,5941,false,simplyjetpacks,tonius.simplyjetpacks.item.ItemPack.ItemFluxPack,item.simplyjetpacks.pack.te.name
simplyjetpacks:components,5942,false,simplyjetpacks,tonius.simplyjetpacks.item.ItemMeta,皮带
simplyjetpacks:armorPlatings,5943,false,simplyjetpacks,tonius.simplyjetpacks.item.ItemMeta,item.simplyjetpacks.armorPlatings.name
simplyjetpacks:particleCustomizers,5944,false,simplyjetpacks,tonius.simplyjetpacks.item.ItemMeta,喷射粒子效果 (默认)
simplyjetpacks:jetpackFueller,5945,false,simplyjetpacks,tonius.simplyjetpacks.item.ItemJetpackFueller,Jetpack Fueller
simplyjetpacks:mysteriousPotato,5946,false,simplyjetpacks,tonius.simplyjetpacks.item.ItemMysteriousPotato,神秘的土豆
StevesCarts:ModularCart,5947,false,StevesCarts,vswe.stevescarts.Items.ItemCarts,组装矿车
StevesCarts:ModuleComponents,5948,false,StevesCarts,vswe.stevescarts.Items.ItemCartComponent,木轮
StevesCarts:CartModule,5949,false,StevesCarts,vswe.stevescarts.Items.ItemCartModule,煤炭引擎
StorageDrawers:upgradeTemplate,5950,false,StorageDrawers,net.minecraft.item.Item,升级模板
StorageDrawers:upgrade,5951,false,StorageDrawers,com.jaquadro.minecraft.storagedrawers.item.ItemUpgrade,升级
StorageDrawers:upgradeStatus,5952,false,StorageDrawers,com.jaquadro.minecraft.storagedrawers.item.ItemUpgradeStatus,状态显示升级
StorageDrawers:upgradeVoid,5953,false,StorageDrawers,com.jaquadro.minecraft.storagedrawers.item.ItemUpgradeVoid,虚空升级
StorageDrawers:upgradeCreative,5954,false,StorageDrawers,com.jaquadro.minecraft.storagedrawers.item.ItemUpgradeCreative,创造模式容量升级
StorageDrawers:upgradeRedstone,5955,false,StorageDrawers,com.jaquadro.minecraft.storagedrawers.item.ItemUpgradeRedstone,红石升级
StorageDrawers:upgradeLock,5956,false,StorageDrawers,com.jaquadro.minecraft.storagedrawers.item.ItemUpgradeLock,抽屉钥匙
StorageDrawers:shroudKey,5957,false,StorageDrawers,com.jaquadro.minecraft.storagedrawers.item.ItemShroudKey,屏蔽钥匙
StorageDrawers:quantifyKey,5958,false,StorageDrawers,com.jaquadro.minecraft.storagedrawers.item.ItemQuantifyKey,量化钥匙
StorageDrawers:personalKey,5959,false,StorageDrawers,com.jaquadro.minecraft.storagedrawers.item.ItemPersonalKey,私人钥匙
StorageDrawers:tape,5960,false,StorageDrawers,com.jaquadro.minecraft.storagedrawers.item.ItemTape,打包带
StorageDrawers:upgradeDowngrade,5961,false,StorageDrawers,com.jaquadro.minecraft.storagedrawers.item.ItemUpgradeDowngrade,抽屉容量降级
ThermalDynamics:servo,5962,false,ThermalDynamics,cofh.thermaldynamics.item.ItemServo,伺服器
ThermalDynamics:filter,5963,false,ThermalDynamics,cofh.thermaldynamics.item.ItemFilter,过滤器
ThermalDynamics:cover,5964,false,ThermalDynamics,cofh.thermaldynamics.item.ItemCover, 覆盖板
ThermalDynamics:retriever,5965,false,ThermalDynamics,cofh.thermaldynamics.item.ItemRetriever,检索器
ThermalDynamics:relay,5966,false,ThermalDynamics,cofh.thermaldynamics.item.ItemRelay,红石信号中继器
IguanaTweaksTConstruct:rubberChicken,5967,false,IguanaTweaksTConstruct,net.minecraft.item.Item,橡胶鸡
IguanaTweaksTConstruct:skullItem,5968,false,IguanaTweaksTConstruct,iguanaman.iguanatweakstconstruct.mobheads.items.IguanaSkull,末影人头颅
IguanaTweaksTConstruct:wearableBucket,5969,false,IguanaTweaksTConstruct,iguanaman.iguanatweakstconstruct.mobheads.items.Wearable,多洞的黏土桶
IguanaTweaksTConstruct:clayBucketUnfired,5970,false,IguanaTweaksTConstruct,net.minecraft.item.Item,未烧制的黏土桶
IguanaTweaksTConstruct:clayBucketFired,5971,false,IguanaTweaksTConstruct,iguanaman.iguanatweakstconstruct.claybuckets.items.ClayBucket,烤制的黏土桶
IguanaTweaksTConstruct:clayBucketWater,5972,false,IguanaTweaksTConstruct,iguanaman.iguanatweakstconstruct.claybuckets.items.ClayBucket,水黏土桶
IguanaTweaksTConstruct:clayBucketLava,5973,false,IguanaTweaksTConstruct,iguanaman.iguanatweakstconstruct.claybuckets.items.ClayBucketHot,岩浆黏土桶
IguanaTweaksTConstruct:clayBucketMilk,5974,false,IguanaTweaksTConstruct,iguanaman.iguanatweakstconstruct.claybuckets.items.ClayBucketMilk,牛奶黏土桶
IguanaTweaksTConstruct:clayBucketsTinkers,5975,false,IguanaTweaksTConstruct,iguanaman.iguanatweakstconstruct.claybuckets.items.ClayBucketTinkerLiquids,熔融铁黏土桶
Baubles:bauble_slot_debug_tool,5976,false,Baubles,baubles.common.ItemDebugger,饰品栏Debug工具
fluxedcore:energydestructionpickaxe,5977,false,fluxedcore,fluxedCore.items.ItemEnergyTool,Fluxed 毁灭之镐
fluxedcore:energyitem.thermalfoundation.tool.leadPickaxe,5978,false,fluxedcore,fluxedCore.items.ItemEnergyTool,Fluxed 铅镐
fluxedcore:energyitem.pickaxeGold,5979,false,fluxedcore,fluxedCore.items.ItemEnergyTool,Fluxed 金镐
fluxedcore:energyitem.pickaxeIron,5980,false,fluxedcore,fluxedCore.items.ItemEnergyTool,Fluxed 铁镐
fluxedcore:energyitem.thermalfoundation.tool.silverPickaxe,5981,false,fluxedcore,fluxedCore.items.ItemEnergyTool,Fluxed 银镐
fluxedcore:energyitem.appliedenergistics2.ToolNetherQuartzPickaxe,5982,false,fluxedcore,fluxedCore.items.ItemEnergyTool,Fluxed 下界石英镐
fluxedcore:energyitem.thermalfoundation.tool.nickelPickaxe,5983,false,fluxedcore,fluxedCore.items.ItemEnergyTool,Fluxed 镍镐
fluxedcore:energyitem.appliedenergistics2.ToolCertusQuartzPickaxe,5984,false,fluxedcore,fluxedCore.items.ItemEnergyTool,Fluxed 赛特斯石英镐
fluxedcore:energyitem.infinity_pickaxe,5985,false,fluxedcore,fluxedCore.items.ItemEnergyTool,Fluxed 世界崩解之镐
fluxedcore:energyitem.terraPick,5986,false,fluxedcore,fluxedCore.items.ItemEnergyTool,Fluxed 泰拉粉碎者
fluxedcore:energyitem.thermalfoundation.tool.tinPickaxe,5987,false,fluxedcore,fluxedCore.items.ItemEnergyTool,Fluxed 锡镐
fluxedcore:energyitem.thermalfoundation.tool.electrumPickaxe,5988,false,fluxedcore,fluxedCore.items.ItemEnergyTool,Fluxed 琥珀金镐
fluxedcore:energyitem.manasteelPick,5989,false,fluxedcore,fluxedCore.items.ItemEnergyTool,Fluxed 魔钢镐
fluxedcore:energyitem.thermalfoundation.tool.platinumPickaxe,5990,false,fluxedcore,fluxedCore.items.ItemEnergyTool,Fluxed 铂镐
fluxedcore:energyitem.elementiumPick,5991,false,fluxedcore,fluxedCore.items.ItemEnergyTool,Fluxed 源质钢镐
fluxedcore:energyitem.thermalfoundation.tool.invarPickaxe,5992,false,fluxedcore,fluxedCore.items.ItemEnergyTool,Fluxed 因瓦合金镐
fluxedcore:energyitem.thermalfoundation.tool.bronzePickaxe,5993,false,fluxedcore,fluxedCore.items.ItemEnergyTool,Fluxed 青铜镐
fluxedcore:energyitem.pickaxeWood,5994,false,fluxedcore,fluxedCore.items.ItemEnergyTool,Fluxed 木镐
fluxedcore:energyitem.glassPick,5995,false,fluxedcore,fluxedCore.items.ItemEnergyTool,Fluxed 玻璃镐
fluxedcore:energyitem.pickaxeStone,5996,false,fluxedcore,fluxedCore.items.ItemEnergyTool,Fluxed 石镐
fluxedcore:energyitem.pickaxeDiamond,5997,false,fluxedcore,fluxedCore.items.ItemEnergyTool,Fluxed 钻石镐
fluxedcore:energyitem.thermalfoundation.tool.copperPickaxe,5998,false,fluxedcore,fluxedCore.items.ItemEnergyTool,Fluxed 铜镐
fluxedcore:energyerosionShovel,5999,false,fluxedcore,fluxedCore.items.ItemEnergyTool,Fluxed 侵蚀之铲
fluxedcore:energyitem.shovelStone,6000,false,fluxedcore,fluxedCore.items.ItemEnergyTool,Fluxed 石锹
fluxedcore:energyitem.thermalfoundation.tool.nickelShovel,6001,false,fluxedcore,fluxedCore.items.ItemEnergyTool,Fluxed 镍锹
fluxedcore:energyitem.thermalfoundation.tool.leadShovel,6002,false,fluxedcore,fluxedCore.items.ItemEnergyTool,Fluxed 铅锹
fluxedcore:energyitem.shovelWood,6003,false,fluxedcore,fluxedCore.items.ItemEnergyTool,Fluxed 木锹
fluxedcore:energyitem.appliedenergistics2.ToolNetherQuartzSpade,6004,false,fluxedcore,fluxedCore.items.ItemEnergyTool,Fluxed 下界石英锹
fluxedcore:energyitem.thermalfoundation.tool.silverShovel,6005,false,fluxedcore,fluxedCore.items.ItemEnergyTool,Fluxed 银锹
fluxedcore:energyitem.thermalfoundation.tool.invarShovel,6006,false,fluxedcore,fluxedCore.items.ItemEnergyTool,Fluxed 因瓦合金锹
fluxedcore:energyitem.shovelIron,6007,false,fluxedcore,fluxedCore.items.ItemEnergyTool,Fluxed 铁锹
fluxedcore:energyitem.thermalfoundation.tool.bronzeShovel,6008,false,fluxedcore,fluxedCore.items.ItemEnergyTool,Fluxed 青铜锹
fluxedcore:energyitem.appliedenergistics2.ToolCertusQuartzSpade,6009,false,fluxedcore,fluxedCore.items.ItemEnergyTool,Fluxed 赛特斯石英锹
fluxedcore:energyitem.infinity_shovel,6010,false,fluxedcore,fluxedCore.items.ItemEnergyTool,Fluxed 星球吞噬之铲
fluxedcore:energyitem.thermalfoundation.tool.electrumShovel,6011,false,fluxedcore,fluxedCore.items.ItemEnergyTool,Fluxed 琥珀金锹
fluxedcore:energyitem.thermalfoundation.tool.platinumShovel,6012,false,fluxedcore,fluxedCore.items.ItemEnergyTool,Fluxed 铂锹
fluxedcore:energyitem.thermalfoundation.tool.copperShovel,6013,false,fluxedcore,fluxedCore.items.ItemEnergyTool,Fluxed 铜锹
fluxedcore:energyitem.manasteelShovel,6014,false,fluxedcore,fluxedCore.items.ItemEnergyTool,Fluxed 魔钢铲
fluxedcore:energyitem.shovelDiamond,6015,false,fluxedcore,fluxedCore.items.ItemEnergyTool,Fluxed 钻石锹
fluxedcore:energyitem.thermalfoundation.tool.tinShovel,6016,false,fluxedcore,fluxedCore.items.ItemEnergyTool,Fluxed 锡锹
fluxedcore:energyitem.shovelGold,6017,false,fluxedcore,fluxedCore.items.ItemEnergyTool,Fluxed 金锹
fluxedcore:energyitem.elementiumShovel,6018,false,fluxedcore,fluxedCore.items.ItemEnergyTool,Fluxed 源质钢铲
fluxedcore:energyitem.thermalfoundation.tool.invarAxe,6019,false,fluxedcore,fluxedCore.items.ItemEnergyTool,Fluxed 因瓦合金斧
fluxedcore:energyitem.terraAxe,6020,false,fluxedcore,fluxedCore.items.ItemEnergyTool,Fluxed 泰拉断裂者
fluxedcore:energyitem.thermalfoundation.tool.tinAxe,6021,false,fluxedcore,fluxedCore.items.ItemEnergyTool,Fluxed 锡斧
fluxedcore:energydefoliageAxe,6022,false,fluxedcore,fluxedCore.items.ItemEnergyTool,Fluxed 治愈之斧
fluxedcore:energyitem.manasteelAxe,6023,false,fluxedcore,fluxedCore.items.ItemEnergyTool,Fluxed 魔钢斧
fluxedcore:energyitem.thermalfoundation.tool.silverAxe,6024,false,fluxedcore,fluxedCore.items.ItemEnergyTool,Fluxed 银斧
fluxedcore:energyitem.hatchetWood,6025,false,fluxedcore,fluxedCore.items.ItemEnergyTool,Fluxed 木斧
fluxedcore:energyitem.thermalfoundation.tool.nickelAxe,6026,false,fluxedcore,fluxedCore.items.ItemEnergyTool,Fluxed 镍斧
fluxedcore:energyitem.thermalfoundation.tool.leadAxe,6027,false,fluxedcore,fluxedCore.items.ItemEnergyTool,Fluxed 铅斧
fluxedcore:energyitem.appliedenergistics2.ToolCertusQuartzAxe,6028,false,fluxedcore,fluxedCore.items.ItemEnergyTool,Fluxed 赛特斯石英斧
fluxedcore:energyitem.hatchetGold,6029,false,fluxedcore,fluxedCore.items.ItemEnergyTool,Fluxed 金斧
fluxedcore:energyitem.thermalfoundation.tool.bronzeAxe,6030,false,fluxedcore,fluxedCore.items.ItemEnergyTool,Fluxed 青铜斧
fluxedcore:energyitem.thermalfoundation.tool.electrumAxe,6031,false,fluxedcore,fluxedCore.items.ItemEnergyTool,Fluxed 琥珀金斧
fluxedcore:energyitem.thermalfoundation.tool.platinumAxe,6032,false,fluxedcore,fluxedCore.items.ItemEnergyTool,Fluxed 铂斧
fluxedcore:energyitem.elementiumAxe,6033,false,fluxedcore,fluxedCore.items.ItemEnergyTool,Fluxed 源质钢斧
fluxedcore:energyitem.appliedenergistics2.ToolNetherQuartzAxe,6034,false,fluxedcore,fluxedCore.items.ItemEnergyTool,Fluxed 下界石英斧
fluxedcore:energyitem.thermalfoundation.tool.copperAxe,6035,false,fluxedcore,fluxedCore.items.ItemEnergyTool,Fluxed 铜斧
fluxedcore:energyitem.hatchetIron,6036,false,fluxedcore,fluxedCore.items.ItemEnergyTool,Fluxed 铁斧
fluxedcore:energyitem.infinity_axe,6037,false,fluxedcore,fluxedCore.items.ItemEnergyTool,Fluxed 自然荒芜之斧
fluxedcore:energyitem.hatchetDiamond,6038,false,fluxedcore,fluxedCore.items.ItemEnergyTool,Fluxed 钻石斧
fluxedcore:energyitem.hatchetStone,6039,false,fluxedcore,fluxedCore.items.ItemEnergyTool,Fluxed 石斧
cookingforblockheads:recipebook,6040,false,cookingforblockheads,net.blay09.mods.cookingforblockheads.item.ItemRecipeBook,傻瓜烹饪手册I
cookingforblockheads:toast,6041,false,cookingforblockheads,net.blay09.mods.cookingforblockheads.item.ItemToast,吐司
EnderStorage:enderPouch,6042,false,EnderStorage,codechicken.enderstorage.storage.item.ItemEnderPouch,末影袋子
magicalcrops:InfusionStoneWeak,6043,false,magicalcrops,com.mark719.magicalcrops.items.ItemInfusionStone1Weak,虚弱注入之石
magicalcrops:InfusionStoneRegular,6044,false,magicalcrops,com.mark719.magicalcrops.items.ItemInfusionStone2Regular,正常注入之石
magicalcrops:InfusionStoneStrong,6045,false,magicalcrops,com.mark719.magicalcrops.items.ItemInfusionStone3Strong,强力注入之石
magicalcrops:InfusionStoneExtreme,6046,false,magicalcrops,com.mark719.magicalcrops.items.ItemInfusionStone4Extreme,极限注入之石
magicalcrops:InfusionStoneMaster,6047,false,magicalcrops,com.mark719.magicalcrops.items.ItemInfusionStone5Master,终极注入之石
magicalcrops:AirSeeds,6048,false,magicalcrops,com.mark719.magicalcrops.items.seeds.AirSeeds,风之种子
magicalcrops:CoalSeeds,6049,false,magicalcrops,com.mark719.magicalcrops.items.seeds.CoalSeeds,煤炭种子
magicalcrops:DyeSeeds,6050,false,magicalcrops,com.mark719.magicalcrops.items.seeds.DyeSeeds,染料种子
magicalcrops:EarthSeeds,6051,false,magicalcrops,com.mark719.magicalcrops.items.seeds.EarthSeeds,地之种子
magicalcrops:FireSeeds,6052,false,magicalcrops,com.mark719.magicalcrops.items.seeds.FireSeeds,火之种子
magicalcrops:MinicioSeeds,6053,false,magicalcrops,com.mark719.magicalcrops.items.seeds.MinicioSeeds,精华种子
magicalcrops:NatureSeeds,6054,false,magicalcrops,com.mark719.magicalcrops.items.seeds.NatureSeeds,自然种子
magicalcrops:WaterSeeds,6055,false,magicalcrops,com.mark719.magicalcrops.items.seeds.WaterSeeds,水之种子
magicalcrops:RedstoneSeeds,6056,false,magicalcrops,com.mark719.magicalcrops.items.seeds.RedstoneSeeds,红石种子
magicalcrops:GlowstoneSeeds,6057,false,magicalcrops,com.mark719.magicalcrops.items.seeds.GlowstoneSeeds,萤石种子
magicalcrops:ObsidianSeeds,6058,false,magicalcrops,com.mark719.magicalcrops.items.seeds.ObsidianSeeds,黑曜石种子
magicalcrops:NetherSeeds,6059,false,magicalcrops,com.mark719.magicalcrops.items.seeds.NetherSeeds,下届种子
magicalcrops:IronSeeds,6060,false,magicalcrops,com.mark719.magicalcrops.items.seeds.IronSeeds,铁种子
magicalcrops:GoldSeeds,6061,false,magicalcrops,com.mark719.magicalcrops.items.seeds.GoldSeeds,金种子
magicalcrops:LapisSeeds,6062,false,magicalcrops,com.mark719.magicalcrops.items.seeds.LapisSeeds,青金石种子
magicalcrops:ExperienceSeeds,6063,false,magicalcrops,com.mark719.magicalcrops.items.seeds.ExperienceSeeds,经验种子
magicalcrops:QuartzSeeds,6064,false,magicalcrops,com.mark719.magicalcrops.items.seeds.QuartzSeeds,下届石英种子
magicalcrops:DiamondSeeds,6065,false,magicalcrops,com.mark719.magicalcrops.items.seeds.DiamondSeeds,钻石种子
magicalcrops:EmeraldSeeds,6066,false,magicalcrops,com.mark719.magicalcrops.items.seeds.EmeraldSeeds,翡翠种子
magicalcrops:BlazeSeeds,6067,false,magicalcrops,com.mark719.magicalcrops.items.seeds.BlazeSeeds,火焰种子
magicalcrops:CreeperSeeds,6068,false,magicalcrops,com.mark719.magicalcrops.items.seeds.CreeperSeeds,苦力怕种子
magicalcrops:EndermanSeeds,6069,false,magicalcrops,com.mark719.magicalcrops.items.seeds.EndermanSeeds,末影人种子
magicalcrops:GhastSeeds,6070,false,magicalcrops,com.mark719.magicalcrops.items.seeds.GhastSeeds,恶魂种子
magicalcrops:SkeletonSeeds,6071,false,magicalcrops,com.mark719.magicalcrops.items.seeds.SkeletonSeeds,骷髅种子
magicalcrops:SlimeSeeds,6072,false,magicalcrops,com.mark719.magicalcrops.items.seeds.SlimeSeeds,史莱姆种子
magicalcrops:SpiderSeeds,6073,false,magicalcrops,com.mark719.magicalcrops.items.seeds.SpiderSeeds,蜘蛛种子
magicalcrops:WitherSeeds,6074,false,magicalcrops,com.mark719.magicalcrops.items.seeds.WitherSeeds,凋零骷髅种子
magicalcrops:ChickenSeeds,6075,false,magicalcrops,com.mark719.magicalcrops.items.seeds.ChickenSeeds,鸡种子
magicalcrops:CowSeeds,6076,false,magicalcrops,com.mark719.magicalcrops.items.seeds.CowSeeds,牛种子
magicalcrops:PigSeeds,6077,false,magicalcrops,com.mark719.magicalcrops.items.seeds.PigSeeds,猪种子
magicalcrops:SheepSeeds,6078,false,magicalcrops,com.mark719.magicalcrops.items.seeds.SheepSeeds,羊种子
magicalcrops:MagicalFertilizer,6079,false,magicalcrops,com.mark719.magicalcrops.items.ItemMagicalFertilizer,魔法肥料
magicalcrops:ExperienceBook,6080,false,magicalcrops,com.mark719.magicalcrops.items.ItemExperienceBook,经验之书
magicalcrops:1MinicioEssence,6081,false,magicalcrops,com.mark719.magicalcrops.items.essence.MinicioEssence,精华
magicalcrops:2AccioEssence,6082,false,magicalcrops,com.mark719.magicalcrops.items.essence.AccioEssence,初级精华
magicalcrops:3CrucioEssence,6083,false,magicalcrops,com.mark719.magicalcrops.items.essence.CrucioEssence,中级精华
magicalcrops:4ImperioEssence,6084,false,magicalcrops,com.mark719.magicalcrops.items.essence.ImperioEssence,高级精华
magicalcrops:5ZivicioEssence,6085,false,magicalcrops,com.mark719.magicalcrops.items.essence.ZivicioEssence,终级精华
magicalcrops:TaintedEssence,6086,false,magicalcrops,com.mark719.magicalcrops.items.essence.TaintedEssence,Tainted原质
magicalcrops:AirEssence,6087,false,magicalcrops,com.mark719.magicalcrops.items.essence.AirEssence,风之原质
magicalcrops:CoalEssence,6088,false,magicalcrops,com.mark719.magicalcrops.items.essence.CoalEssence,煤炭原质
magicalcrops:DyeEssence,6089,false,magicalcrops,com.mark719.magicalcrops.items.essence.DyeEssence,染料原质
magicalcrops:EarthEssence,6090,false,magicalcrops,com.mark719.magicalcrops.items.essence.EarthEssence,地之原质
magicalcrops:FireEssence,6091,false,magicalcrops,com.mark719.magicalcrops.items.essence.FireEssence,火之原质
magicalcrops:NatureEssence,6092,false,magicalcrops,com.mark719.magicalcrops.items.essence.NatureEssence,自然原质
magicalcrops:WaterEssence,6093,false,magicalcrops,com.mark719.magicalcrops.items.essence.WaterEssence,水之原质
magicalcrops:RedstoneEssence,6094,false,magicalcrops,com.mark719.magicalcrops.items.essence.RedstoneEssence,红石原质
magicalcrops:GlowstoneEssence,6095,false,magicalcrops,com.mark719.magicalcrops.items.essence.GlowstoneEssence,萤石原质
magicalcrops:ObsidianEssence,6096,false,magicalcrops,com.mark719.magicalcrops.items.essence.ObsidianEssence,黑曜石原质
magicalcrops:NetherEssence,6097,false,magicalcrops,com.mark719.magicalcrops.items.essence.NetherEssence,下届原质
magicalcrops:IronEssence,6098,false,magicalcrops,com.mark719.magicalcrops.items.essence.IronEssence,铁原质
magicalcrops:GoldEssence,6099,false,magicalcrops,com.mark719.magicalcrops.items.essence.GoldEssence,金原质
magicalcrops:LapisEssence,6100,false,magicalcrops,com.mark719.magicalcrops.items.essence.LapisEssence,青金石原质
magicalcrops:ExperienceEssence,6101,false,magicalcrops,com.mark719.magicalcrops.items.essence.ExperienceEssence,经验原质
magicalcrops:QuartzEssence,6102,false,magicalcrops,com.mark719.magicalcrops.items.essence.QuartzEssence,下届石英原质
magicalcrops:DiamondEssence,6103,false,magicalcrops,com.mark719.magicalcrops.items.essence.DiamondEssence,钻石原质
magicalcrops:EmeraldEssence,6104,false,magicalcrops,com.mark719.magicalcrops.items.essence.EmeraldEssence,翡翠原质
magicalcrops:BlazeEssence,6105,false,magicalcrops,com.mark719.magicalcrops.items.essence.BlazeEssence,火焰原质
magicalcrops:CreeperEssence,6106,false,magicalcrops,com.mark719.magicalcrops.items.essence.CreeperEssence,苦力怕原质
magicalcrops:EndermanEssence,6107,false,magicalcrops,com.mark719.magicalcrops.items.essence.EndermanEssence,末影人原质
magicalcrops:GhastEssence,6108,false,magicalcrops,com.mark719.magicalcrops.items.essence.GhastEssence,恶魂原质
magicalcrops:SkeletonEssence,6109,false,magicalcrops,com.mark719.magicalcrops.items.essence.SkeletonEssence,骷髅原质
magicalcrops:SlimeEssence,6110,false,magicalcrops,com.mark719.magicalcrops.items.essence.SlimeEssence,史莱姆原质
magicalcrops:SpiderEssence,6111,false,magicalcrops,com.mark719.magicalcrops.items.essence.SpiderEssence,蜘蛛原质
magicalcrops:WitherEssence,6112,false,magicalcrops,com.mark719.magicalcrops.items.essence.WitherEssence,凋零原质
magicalcrops:ChickenEssence,6113,false,magicalcrops,com.mark719.magicalcrops.items.essence.ChickenEssence,鸡原质
magicalcrops:CowEssence,6114,false,magicalcrops,com.mark719.magicalcrops.items.essence.CowEssence,牛原质
magicalcrops:PigEssence,6115,false,magicalcrops,com.mark719.magicalcrops.items.essence.PigEssence,猪原质
magicalcrops:SheepEssence,6116,false,magicalcrops,com.mark719.magicalcrops.items.essence.SheepEssence,羊原质
magicalcrops:SeedBagAccio,6117,false,magicalcrops,com.mark719.magicalcrops.seedbags.ItemSeedBagAccio,初级精华种子袋
magicalcrops:SeedBagCrucio,6118,false,magicalcrops,com.mark719.magicalcrops.seedbags.ItemSeedBagCrucio,中级精华种子袋
magicalcrops:SeedBagImperio,6119,false,magicalcrops,com.mark719.magicalcrops.seedbags.ItemSeedBagImperio,高级精华种子袋
magicalcrops:SeedBagZivicio,6120,false,magicalcrops,com.mark719.magicalcrops.seedbags.ItemSeedBagZivicio,终级精华种子袋
magicalcrops:AluminiumEssence,6121,false,magicalcrops,com.mark719.magicalcrops.items.essence.AluminiumEssence,铝原质
magicalcrops:AluminiumSeeds,6122,false,magicalcrops,com.mark719.magicalcrops.items.seeds.AluminiumSeeds,铝种子
magicalcrops:ArditeEssence,6123,false,magicalcrops,com.mark719.magicalcrops.items.essence.ArditeEssence,阿迪特原质
magicalcrops:ArditeSeeds,6124,false,magicalcrops,com.mark719.magicalcrops.items.seeds.ArditeSeeds,阿迪特种子
magicalcrops:CobaltEssence,6125,false,magicalcrops,com.mark719.magicalcrops.items.essence.CobaltEssence,钴原质
magicalcrops:CobaltSeeds,6126,false,magicalcrops,com.mark719.magicalcrops.items.seeds.CobaltSeeds,钴种子
magicalcrops:CopperEssence,6127,false,magicalcrops,com.mark719.magicalcrops.items.essence.CopperEssence,铜原质
magicalcrops:CopperSeeds,6128,false,magicalcrops,com.mark719.magicalcrops.items.seeds.CopperSeeds,铜种子
magicalcrops:CertusQuartzEssence,6129,false,magicalcrops,com.mark719.magicalcrops.items.essence.CertusQuartzEssence,赛特斯石英原质
magicalcrops:CertusQuartzSeeds,6130,false,magicalcrops,com.mark719.magicalcrops.items.seeds.CertusQuartzSeeds,赛特斯石英种子
magicalcrops:LeadEssence,6131,false,magicalcrops,com.mark719.magicalcrops.items.essence.LeadEssence,铅原质
magicalcrops:LeadSeeds,6132,false,magicalcrops,com.mark719.magicalcrops.items.seeds.LeadSeeds,铅种子
magicalcrops:NickelEssence,6133,false,magicalcrops,com.mark719.magicalcrops.items.essence.NickelEssence,镍原质
magicalcrops:NickelSeeds,6134,false,magicalcrops,com.mark719.magicalcrops.items.seeds.NickelSeeds,镍种子
magicalcrops:PlatinumEssence,6135,false,magicalcrops,com.mark719.magicalcrops.items.essence.PlatinumEssence,铂原质
magicalcrops:PlatinumSeeds,6136,false,magicalcrops,com.mark719.magicalcrops.items.seeds.PlatinumSeeds,铂种子
magicalcrops:RubberEssence,6137,false,magicalcrops,com.mark719.magicalcrops.items.essence.RubberEssence,橡胶原质
magicalcrops:RubberSeeds,6138,false,magicalcrops,com.mark719.magicalcrops.items.seeds.RubberSeeds,橡胶种子
magicalcrops:SilverEssence,6139,false,magicalcrops,com.mark719.magicalcrops.items.essence.SilverEssence,银原质
magicalcrops:SilverSeeds,6140,false,magicalcrops,com.mark719.magicalcrops.items.seeds.SilverSeeds,银种子
magicalcrops:TinEssence,6141,false,magicalcrops,com.mark719.magicalcrops.items.essence.TinEssence,锡原质
magicalcrops:TinSeeds,6142,false,magicalcrops,com.mark719.magicalcrops.items.seeds.TinSeeds,锡种子
magicalcrops:SulfurEssence,6143,false,magicalcrops,com.mark719.magicalcrops.items.essence.SulfurEssence,硫原质
magicalcrops:SulfurSeeds,6144,false,magicalcrops,com.mark719.magicalcrops.items.seeds.SulfurSeeds,硫种子
magicalcrops:YelloriteEssence,6145,false,magicalcrops,com.mark719.magicalcrops.items.essence.YelloriteEssence,Yellorite原质
magicalcrops:YelloriteSeeds,6146,false,magicalcrops,com.mark719.magicalcrops.items.seeds.YelloriteSeeds,Yellorite种子
magicalcrops:AlumiteEssence,6147,false,magicalcrops,com.mark719.magicalcrops.items.essence.AlumiteEssence,耐酸铝原质
magicalcrops:AlumiteSeeds,6148,false,magicalcrops,com.mark719.magicalcrops.items.seeds.AlumiteSeeds,耐酸铝种子
magicalcrops:BlizzEssence,6149,false,magicalcrops,com.mark719.magicalcrops.items.essence.BlizzEssence,暴雪原质
magicalcrops:BlizzSeeds,6150,false,magicalcrops,com.mark719.magicalcrops.items.seeds.BlizzSeeds,暴雪种子
magicalcrops:BronzeEssence,6151,false,magicalcrops,com.mark719.magicalcrops.items.essence.BronzeEssence,青铜原质
magicalcrops:BronzeSeeds,6152,false,magicalcrops,com.mark719.magicalcrops.items.seeds.BronzeSeeds,青铜种子
magicalcrops:ElectrumEssence,6153,false,magicalcrops,com.mark719.magicalcrops.items.essence.ElectrumEssence,琥珀金原质
magicalcrops:ElectrumSeeds,6154,false,magicalcrops,com.mark719.magicalcrops.items.seeds.ElectrumSeeds,琥珀金种子
magicalcrops:EnderiumEssence,6155,false,magicalcrops,com.mark719.magicalcrops.items.essence.EnderiumEssence,末影锭原质
magicalcrops:EnderiumSeeds,6156,false,magicalcrops,com.mark719.magicalcrops.items.seeds.EnderiumSeeds,末影锭种子
magicalcrops:FluixEssence,6157,false,magicalcrops,com.mark719.magicalcrops.items.essence.FluixEssence,福鲁伊克斯原质
magicalcrops:FluixSeeds,6158,false,magicalcrops,com.mark719.magicalcrops.items.seeds.FluixSeeds,福鲁伊克斯种子
magicalcrops:InvarEssence,6159,false,magicalcrops,com.mark719.magicalcrops.items.essence.InvarEssence,因瓦合金原质
magicalcrops:InvarSeeds,6160,false,magicalcrops,com.mark719.magicalcrops.items.seeds.InvarSeeds,因瓦合金种子
magicalcrops:LumiumEssence,6161,false,magicalcrops,com.mark719.magicalcrops.items.essence.LumiumEssence,流明锭原质
magicalcrops:LumiumSeeds,6162,false,magicalcrops,com.mark719.magicalcrops.items.seeds.LumiumSeeds,流明锭种子
magicalcrops:ManasteelEssence,6163,false,magicalcrops,com.mark719.magicalcrops.items.essence.ManasteelEssence,Manasteel原质
magicalcrops:ManasteelSeeds,6164,false,magicalcrops,com.mark719.magicalcrops.items.seeds.ManasteelSeeds,Manasteel种子
magicalcrops:ManyullynEssence,6165,false,magicalcrops,com.mark719.magicalcrops.items.essence.ManyullynEssence,玛灵玉原质
magicalcrops:ManyullynSeeds,6166,false,magicalcrops,com.mark719.magicalcrops.items.seeds.ManyullynSeeds,玛灵玉种子
magicalcrops:SaltpeterEssence,6167,false,magicalcrops,com.mark719.magicalcrops.items.essence.SaltpeterEssence,硝石原质
magicalcrops:SaltpeterSeeds,6168,false,magicalcrops,com.mark719.magicalcrops.items.seeds.SaltpeterSeeds,硝石种子
magicalcrops:SignalumEssence,6169,false,magicalcrops,com.mark719.magicalcrops.items.essence.SignalumEssence,信素锭原质
magicalcrops:SignalumSeeds,6170,false,magicalcrops,com.mark719.magicalcrops.items.seeds.SignalumSeeds,信素锭种子
magicalcrops:SteelEssence,6171,false,magicalcrops,com.mark719.magicalcrops.items.essence.SteelEssence,钢原质
magicalcrops:SteelSeeds,6172,false,magicalcrops,com.mark719.magicalcrops.items.seeds.SteelSeeds,钢种子
magicalcrops:TerrasteelEssence,6173,false,magicalcrops,com.mark719.magicalcrops.items.essence.TerrasteelEssence,Terrasteel原质
magicalcrops:TerrasteelSeeds,6174,false,magicalcrops,com.mark719.magicalcrops.items.seeds.TerrasteelSeeds,Terrasteel种子
magicalcrops:ElectricalSteelEssence,6175,false,magicalcrops,com.mark719.magicalcrops.items.essence.ElectricalSteelEssence,磁钢原质
magicalcrops:ElectricalSteelSeeds,6176,false,magicalcrops,com.mark719.magicalcrops.items.seeds.ElectricalSteelSeeds,磁钢种子
magicalcrops:EnergeticAlloyEssence,6177,false,magicalcrops,com.mark719.magicalcrops.items.essence.EnergeticAlloyEssence,充能合金原质
magicalcrops:EnergeticAlloySeeds,6178,false,magicalcrops,com.mark719.magicalcrops.items.seeds.EnergeticAlloySeeds,充能合金种子
magicalcrops:RedstoneAlloyEssence,6179,false,magicalcrops,com.mark719.magicalcrops.items.essence.RedstoneAlloyEssence,红石合金原质
magicalcrops:RedstoneAlloySeeds,6180,false,magicalcrops,com.mark719.magicalcrops.items.seeds.RedstoneAlloySeeds,红石合金种子
magicalcrops:ConductiveIronEssence,6181,false,magicalcrops,com.mark719.magicalcrops.items.essence.ConductiveIronEssence,导电铁原质
magicalcrops:ConductiveIronSeeds,6182,false,magicalcrops,com.mark719.magicalcrops.items.seeds.ConductiveIronSeeds,导电铁种子
magicalcrops:DarkSteelEssence,6183,false,magicalcrops,com.mark719.magicalcrops.items.essence.DarkSteelEssence,玄钢原质
magicalcrops:DarkSteelSeeds,6184,false,magicalcrops,com.mark719.magicalcrops.items.seeds.DarkSteelSeeds,玄钢种子
magicalcrops:SoulariumEssence,6185,false,magicalcrops,com.mark719.magicalcrops.items.essence.SoulariumEssence,魂金原质
magicalcrops:SoulariumSeeds,6186,false,magicalcrops,com.mark719.magicalcrops.items.seeds.SoulariumSeeds,魂金种子
magicalcrops:DraconiumEssence,6187,false,magicalcrops,com.mark719.magicalcrops.items.essence.DraconiumEssence,龙原质
magicalcrops:DraconiumSeeds,6188,false,magicalcrops,com.mark719.magicalcrops.items.seeds.DraconiumSeeds,龙种子
magicalcropsarmour:EssenceIngots,6189,false,magicalcropsarmour,com.mark719.magicalcropsarmour.items.ItemsEssenceIngots,初级精华锭
magicalcropsarmour:AccioArmourHelmet,6190,false,magicalcropsarmour,com.mark719.magicalcropsarmour.items.armour.ItemAccioArmour,初级精华头盔
magicalcropsarmour:AccioArmourChestplate,6191,false,magicalcropsarmour,com.mark719.magicalcropsarmour.items.armour.ItemAccioArmour,初级精华胸甲
magicalcropsarmour:AccioArmourLeggings,6192,false,magicalcropsarmour,com.mark719.magicalcropsarmour.items.armour.ItemAccioArmour,初级精华护腿
magicalcropsarmour:AccioArmourBoots,6193,false,magicalcropsarmour,com.mark719.magicalcropsarmour.items.armour.ItemAccioArmour,初级精华靴子
magicalcropsarmour:CrucioArmourHelmet,6194,false,magicalcropsarmour,com.mark719.magicalcropsarmour.items.armour.ItemCrucioArmour,中级精华头盔
magicalcropsarmour:CrucioArmourChestplate,6195,false,magicalcropsarmour,com.mark719.magicalcropsarmour.items.armour.ItemCrucioArmour,中级精华胸甲
magicalcropsarmour:CrucioArmourLeggings,6196,false,magicalcropsarmour,com.mark719.magicalcropsarmour.items.armour.ItemCrucioArmour,中级精华护腿
magicalcropsarmour:CrucioArmourBoots,6197,false,magicalcropsarmour,com.mark719.magicalcropsarmour.items.armour.ItemCrucioArmour,中级精华靴子
magicalcropsarmour:ImperioArmourHelmet,6198,false,magicalcropsarmour,com.mark719.magicalcropsarmour.items.armour.ItemImperioArmour,高级精华头盔
magicalcropsarmour:ImperioArmourChestplate,6199,false,magicalcropsarmour,com.mark719.magicalcropsarmour.items.armour.ItemImperioArmour,高级精华胸甲
magicalcropsarmour:ImperioArmourLeggings,6200,false,magicalcropsarmour,com.mark719.magicalcropsarmour.items.armour.ItemImperioArmour,高级精华护腿
magicalcropsarmour:ImperioArmourBoots,6201,false,magicalcropsarmour,com.mark719.magicalcropsarmour.items.armour.ItemImperioArmour,高级精华靴子
magicalcropsarmour:ZivicioArmourHelmet,6202,false,magicalcropsarmour,com.mark719.magicalcropsarmour.items.armour.ItemZivicioArmour,终极精华头盔
magicalcropsarmour:ZivicioArmourChestplate,6203,false,magicalcropsarmour,com.mark719.magicalcropsarmour.items.armour.ItemZivicioArmour,终极精华胸甲
magicalcropsarmour:ZivicioArmourLeggings,6204,false,magicalcropsarmour,com.mark719.magicalcropsarmour.items.armour.ItemZivicioArmour,终极精华护腿
magicalcropsarmour:ZivicioArmourBoots,6205,false,magicalcropsarmour,com.mark719.magicalcropsarmour.items.armour.ItemZivicioArmour,终极精华靴子
magicalcropsarmour:ZivicioArmourHelmetFeed,6206,false,magicalcropsarmour,com.mark719.magicalcropsarmour.items.armour.ItemZivicioArmour,终极精华头盔(饱腹)
magicalcropsarmour:ZivicioArmourHelmetNight,6207,false,magicalcropsarmour,com.mark719.magicalcropsarmour.items.armour.ItemZivicioArmour,终极精华头盔(夜视)
magicalcropsarmour:ZivicioArmourHelmetWater,6208,false,magicalcropsarmour,com.mark719.magicalcropsarmour.items.armour.ItemZivicioArmour,终极精华头盔(水下呼吸)
magicalcropsarmour:ZivicioArmourChestplateFire,6209,false,magicalcropsarmour,com.mark719.magicalcropsarmour.items.armour.ItemZivicioArmour,终极精华胸甲(防火)
magicalcropsarmour:ZivicioArmourChestplateWither,6210,false,magicalcropsarmour,com.mark719.magicalcropsarmour.items.armour.ItemZivicioArmour,终极精华胸甲(防凋零)
magicalcropsarmour:ZivicioArmourChestplatePoison,6211,false,magicalcropsarmour,com.mark719.magicalcropsarmour.items.armour.ItemZivicioArmour,终极精华胸甲(解毒)
magicalcropsarmour:ZivicioArmourLeggingsBlind,6212,false,magicalcropsarmour,com.mark719.magicalcropsarmour.items.armour.ItemZivicioArmour,终极精华护腿(防失明)
magicalcropsarmour:ZivicioArmourLeggingsWeak,6213,false,magicalcropsarmour,com.mark719.magicalcropsarmour.items.armour.ItemZivicioArmour,终极精华护腿(防虚弱)
magicalcropsarmour:ZivicioArmourLeggingsConfusion,6214,false,magicalcropsarmour,com.mark719.magicalcropsarmour.items.armour.ItemZivicioArmour,终极精华护腿(防混乱)
magicalcropsarmour:ZivicioArmourBootsStep,6215,false,magicalcropsarmour,com.mark719.magicalcropsarmour.items.armour.ItemZivicioArmour,终极精华靴子(协助一格)
magicalcropsarmour:ZivicioArmourBootsSpeed,6216,false,magicalcropsarmour,com.mark719.magicalcropsarmour.items.armour.ItemZivicioArmour,终极精华靴子(加速)
magicalcropsarmour:ZivicioArmourBootsJump,6217,false,magicalcropsarmour,com.mark719.magicalcropsarmour.items.armour.ItemZivicioArmour,终极精华靴子(高跳)
magicalcropsarmour:AccioPickaxe,6218,false,magicalcropsarmour,com.mark719.magicalcropsarmour.items.tools.AccioPickaxe,初级精华镐
magicalcropsarmour:AccioSword,6219,false,magicalcropsarmour,com.mark719.magicalcropsarmour.items.tools.AccioSword,初级精华剑
magicalcropsarmour:AccioAxe,6220,false,magicalcropsarmour,com.mark719.magicalcropsarmour.items.tools.AccioAxe,初级精华斧
magicalcropsarmour:AccioShovel,6221,false,magicalcropsarmour,com.mark719.magicalcropsarmour.items.tools.AccioShovel,初级精华铲
magicalcropsarmour:AccioHoe,6222,false,magicalcropsarmour,com.mark719.magicalcropsarmour.items.tools.AccioHoe,初级精华锄
magicalcropsarmour:CrucioPickaxe,6223,false,magicalcropsarmour,com.mark719.magicalcropsarmour.items.tools.CrucioPickaxe,中级精华镐
magicalcropsarmour:CrucioSword,6224,false,magicalcropsarmour,com.mark719.magicalcropsarmour.items.tools.CrucioSword,中级精华剑
magicalcropsarmour:CrucioAxe,6225,false,magicalcropsarmour,com.mark719.magicalcropsarmour.items.tools.CrucioAxe,中级精华斧
magicalcropsarmour:CrucioShovel,6226,false,magicalcropsarmour,com.mark719.magicalcropsarmour.items.tools.CrucioShovel,中级精华铲
magicalcropsarmour:CrucioHoe,6227,false,magicalcropsarmour,com.mark719.magicalcropsarmour.items.tools.CrucioHoe,中级精华锄
magicalcropsarmour:ImperioPickaxe,6228,false,magicalcropsarmour,com.mark719.magicalcropsarmour.items.tools.ImperioPickaxe,高级精华镐
magicalcropsarmour:ImperioSword,6229,false,magicalcropsarmour,com.mark719.magicalcropsarmour.items.tools.ImperioSword,高级精华剑
magicalcropsarmour:ImperioAxe,6230,false,magicalcropsarmour,com.mark719.magicalcropsarmour.items.tools.ImperioAxe,高级精华斧
magicalcropsarmour:ImperioShovel,6231,false,magicalcropsarmour,com.mark719.magicalcropsarmour.items.tools.ImperioShovel,高级精华铲
magicalcropsarmour:ImperioHoe,6232,false,magicalcropsarmour,com.mark719.magicalcropsarmour.items.tools.ImperioHoe,高级精华锄
magicalcropsarmour:ZivicioPickaxe,6233,false,magicalcropsarmour,com.mark719.magicalcropsarmour.items.tools.ZivicioPickaxe,终极精华镐
magicalcropsarmour:ZivicioSword,6234,false,magicalcropsarmour,com.mark719.magicalcropsarmour.items.tools.ZivicioSword,终极精华剑
magicalcropsarmour:ZivicioAxe,6235,false,magicalcropsarmour,com.mark719.magicalcropsarmour.items.tools.ZivicioAxe,终极精华斧
magicalcropsarmour:ZivicioShovel,6236,false,magicalcropsarmour,com.mark719.magicalcropsarmour.items.tools.ZivicioShovel,终极精华铲
magicalcropsarmour:ZivicioHoe,6237,false,magicalcropsarmour,com.mark719.magicalcropsarmour.items.tools.ZivicioHoe,终极精华锄
ProjRed|Core:projectred.core.part,6238,false,ProjRed|Core,mrtjp.projectred.core.ItemPart,电路板
ProjRed|Core:projectred.core.drawplate,6239,false,ProjRed|Core,mrtjp.projectred.core.ItemDrawPlate,起模板
ProjRed|Core:projectred.core.screwdriver,6240,false,ProjRed|Core,mrtjp.projectred.core.ItemScrewdriver,螺丝刀
ProjRed|Core:projectred.core.wiredebugger,6241,false,ProjRed|Core,mrtjp.projectred.core.ItemWireDebugger,调线工具
ProjRed|Core:projectred.core.datacard,6242,false,ProjRed|Core,mrtjp.projectred.core.ItemDataCard,数据卡
ProjRed|Exploration:projectred.exploration.woolgin,6243,false,ProjRed|Exploration,mrtjp.projectred.exploration.ItemWoolGin,轧线器
ProjRed|Exploration:projectred.exploration.backpack,6244,false,ProjRed|Exploration,mrtjp.projectred.exploration.ItemBackpack,白色背包
ProjRed|Exploration:projectred.exploration.athame,6245,false,ProjRed|Exploration,mrtjp.projectred.exploration.ItemAthame,匕首
ProjRed|Exploration:projectred.exploration.lilyseed,6246,false,ProjRed|Exploration,mrtjp.projectred.exploration.ItemLilySeeds,白百合花种子
ProjRed|Exploration:projectred.exploration.axeruby,6247,false,ProjRed|Exploration,mrtjp.projectred.exploration.ItemGemAxe,红宝石斧
ProjRed|Exploration:projectred.exploration.axesapphire,6248,false,ProjRed|Exploration,mrtjp.projectred.exploration.ItemGemAxe,蓝宝石斧
ProjRed|Exploration:projectred.exploration.axeperidot,6249,false,ProjRed|Exploration,mrtjp.projectred.exploration.ItemGemAxe,绿橄榄石斧
ProjRed|Exploration:projectred.exploration.hoeruby,6250,false,ProjRed|Exploration,mrtjp.projectred.exploration.ItemGemHoe,红宝石锄
ProjRed|Exploration:projectred.exploration.hoesapphire,6251,false,ProjRed|Exploration,mrtjp.projectred.exploration.ItemGemHoe,蓝宝石锄
ProjRed|Exploration:projectred.exploration.hoeperidot,6252,false,ProjRed|Exploration,mrtjp.projectred.exploration.ItemGemHoe,绿橄榄石锄
ProjRed|Exploration:projectred.exploration.pickaxeruby,6253,false,ProjRed|Exploration,mrtjp.projectred.exploration.ItemGemPickaxe,红宝石镐
ProjRed|Exploration:projectred.exploration.pickaxesapphire,6254,false,ProjRed|Exploration,mrtjp.projectred.exploration.ItemGemPickaxe,蓝宝石镐
ProjRed|Exploration:projectred.exploration.pickaxeperidot,6255,false,ProjRed|Exploration,mrtjp.projectred.exploration.ItemGemPickaxe,绿橄榄石镐
ProjRed|Exploration:projectred.exploration.shovelruby,6256,false,ProjRed|Exploration,mrtjp.projectred.exploration.ItemGemShovel,红宝石铲
ProjRed|Exploration:projectred.exploration.shovelsapphire,6257,false,ProjRed|Exploration,mrtjp.projectred.exploration.ItemGemShovel,蓝宝石铲
ProjRed|Exploration:projectred.exploration.shovelperidot,6258,false,ProjRed|Exploration,mrtjp.projectred.exploration.ItemGemShovel,绿橄榄石铲
ProjRed|Exploration:projectred.exploration.swordruby,6259,false,ProjRed|Exploration,mrtjp.projectred.exploration.ItemGemSword,红宝石剑
ProjRed|Exploration:projectred.exploration.swordsapphire,6260,false,ProjRed|Exploration,mrtjp.projectred.exploration.ItemGemSword,蓝宝石剑
ProjRed|Exploration:projectred.exploration.swordperidot,6261,false,ProjRed|Exploration,mrtjp.projectred.exploration.ItemGemSword,绿橄榄石剑
ProjRed|Exploration:projectred.exploration.sawgold,6262,false,ProjRed|Exploration,mrtjp.projectred.exploration.ItemGemSaw,金锯
ProjRed|Exploration:projectred.exploration.sawruby,6263,false,ProjRed|Exploration,mrtjp.projectred.exploration.ItemGemSaw,红宝石锯
ProjRed|Exploration:projectred.exploration.sawsapphire,6264,false,ProjRed|Exploration,mrtjp.projectred.exploration.ItemGemSaw,蓝宝石锯
ProjRed|Exploration:projectred.exploration.sawperidot,6265,false,ProjRed|Exploration,mrtjp.projectred.exploration.ItemGemSaw,绿橄榄石锯
ProjRed|Exploration:projectred.exploration.sicklewood,6266,false,ProjRed|Exploration,mrtjp.projectred.exploration.ItemGemSickle,木头镰刀
ProjRed|Exploration:projectred.exploration.sicklestone,6267,false,ProjRed|Exploration,mrtjp.projectred.exploration.ItemGemSickle,石头镰刀
ProjRed|Exploration:projectred.exploration.sickleiron,6268,false,ProjRed|Exploration,mrtjp.projectred.exploration.ItemGemSickle,铁镰刀
ProjRed|Exploration:projectred.exploration.sicklegold,6269,false,ProjRed|Exploration,mrtjp.projectred.exploration.ItemGemSickle,金镰刀
ProjRed|Exploration:projectred.exploration.sickleruby,6270,false,ProjRed|Exploration,mrtjp.projectred.exploration.ItemGemSickle,红宝石镰刀
ProjRed|Exploration:projectred.exploration.sicklesapphire,6271,false,ProjRed|Exploration,mrtjp.projectred.exploration.ItemGemSickle,蓝宝石镰刀
ProjRed|Exploration:projectred.exploration.sickleperidot,6272,false,ProjRed|Exploration,mrtjp.projectred.exploration.ItemGemSickle,绿橄榄石镰刀
ProjRed|Exploration:projectred.exploration.sicklediamond,6273,false,ProjRed|Exploration,mrtjp.projectred.exploration.ItemGemSickle,钻石镰刀
ProjRed|Exploration:projectred.exploration.rubyhelmet,6274,false,ProjRed|Exploration,mrtjp.projectred.exploration.ItemGemArmor,红宝石帽
ProjRed|Exploration:projectred.exploration.rubychestplate,6275,false,ProjRed|Exploration,mrtjp.projectred.exploration.ItemGemArmor,红宝石胸甲
ProjRed|Exploration:projectred.exploration.rubyleggings,6276,false,ProjRed|Exploration,mrtjp.projectred.exploration.ItemGemArmor,红宝石护腿
ProjRed|Exploration:projectred.exploration.rubyboots,6277,false,ProjRed|Exploration,mrtjp.projectred.exploration.ItemGemArmor,红宝石靴
ProjRed|Exploration:projectred.exploration.sapphirehelmet,6278,false,ProjRed|Exploration,mrtjp.projectred.exploration.ItemGemArmor,蓝宝石帽
ProjRed|Exploration:projectred.exploration.sapphirechestplate,6279,false,ProjRed|Exploration,mrtjp.projectred.exploration.ItemGemArmor,蓝宝石胸甲
ProjRed|Exploration:projectred.exploration.sapphireleggings,6280,false,ProjRed|Exploration,mrtjp.projectred.exploration.ItemGemArmor,蓝宝石护腿
ProjRed|Exploration:projectred.exploration.sapphireboots,6281,false,ProjRed|Exploration,mrtjp.projectred.exploration.ItemGemArmor,蓝宝石靴
ProjRed|Exploration:projectred.exploration.peridothelmet,6282,false,ProjRed|Exploration,mrtjp.projectred.exploration.ItemGemArmor,绿橄榄石帽
ProjRed|Exploration:projectred.exploration.peridotchestplate,6283,false,ProjRed|Exploration,mrtjp.projectred.exploration.ItemGemArmor,绿橄榄石胸甲
ProjRed|Exploration:projectred.exploration.peridotleggings,6284,false,ProjRed|Exploration,mrtjp.projectred.exploration.ItemGemArmor,绿橄榄石护腿
ProjRed|Exploration:projectred.exploration.peridotboots,6285,false,ProjRed|Exploration,mrtjp.projectred.exploration.ItemGemArmor,绿橄榄石靴
ProjRed|Transmission:projectred.transmission.wire,6286,false,ProjRed|Transmission,mrtjp.projectred.transmission.ItemPartWire,红色合金丝
ProjRed|Transmission:projectred.transmission.framewire,6287,false,ProjRed|Transmission,mrtjp.projectred.transmission.ItemPartFramedWire,框架红色合金丝
ProjRed|Transportation:projectred.transportation.pipe,6288,false,ProjRed|Transportation,mrtjp.projectred.transportation.ItemPartPipe,物品运输管道
ProjRed|Transportation:projectred.transportation.routingchip,6289,false,ProjRed|Transportation,mrtjp.projectred.transportation.ItemRoutingChip,物品响应芯片
ProjRed|Transportation:projectred.transportation.routerutil,6290,false,ProjRed|Transportation,mrtjp.projectred.transportation.ItemRouterUtility,路由器工具
ProjRed|Expansion:projectred.expansion.solar_panel,6291,false,ProjRed|Expansion,mrtjp.projectred.expansion.ItemSolarPanel,太阳能电池板
ProjRed|Expansion:projectred.expansion.emptybattery,6292,false,ProjRed|Expansion,mrtjp.projectred.expansion.ItemBatteryEmpty,空电池
ProjRed|Expansion:projectred.expansion.battery,6293,false,ProjRed|Expansion,mrtjp.projectred.expansion.ItemBattery,电池
ProjRed|Expansion:projectred.expansion.jetpack,6294,false,ProjRed|Expansion,mrtjp.projectred.expansion.ItemJetpack,喷气发动机组件
ProjRed|Expansion:projectred.expansion.electric_screwdriver,6295,false,ProjRed|Expansion,mrtjp.projectred.expansion.ItemElectronicScrewdriver,电动螺丝刀
ProjRed|Expansion:projectred.expansion.infused_ender_pearl,6296,false,ProjRed|Expansion,mrtjp.projectred.expansion.ItemInfusedEnderPearl,浸渍末影珍珠
ProjRed|Expansion:projectred.expansion.plan,6297,false,ProjRed|Expansion,mrtjp.projectred.expansion.ItemPlan,计划合成表
ProjRed|Integration:projectred.integration.gate,6298,false,ProjRed|Integration,mrtjp.projectred.integration.ItemPartGate,或门
ProjRed|Fabrication:projectred.fabrication.icblueprint,6299,false,ProjRed|Fabrication,mrtjp.projectred.fabrication.ItemICBlueprint,IC蓝图
ProjRed|Fabrication:projectred.fabrication.icchip,6300,false,ProjRed|Fabrication,mrtjp.projectred.fabrication.ItemICChip,IC芯片
ProjRed|Illumination:projectred.illumination.lantern,6301,false,ProjRed|Illumination,mrtjp.projectred.illumination.ItemBaseLight,白色灯笼
ProjRed|Illumination:projectred.illumination.lantern.inv,6302,false,ProjRed|Illumination,mrtjp.projectred.illumination.ItemBaseLight,反相白色灯笼
ProjRed|Illumination:projectred.illumination.fixture,6303,false,ProjRed|Illumination,mrtjp.projectred.illumination.ItemBaseLight,白色灯具
ProjRed|Illumination:projectred.illumination.fixture.inv,6304,false,ProjRed|Illumination,mrtjp.projectred.illumination.ItemBaseLight,反相白色灯具
ProjRed|Illumination:projectred.illumination.cagelamp,6305,false,ProjRed|Illumination,mrtjp.projectred.illumination.ItemBaseLight,白色罩灯
ProjRed|Illumination:projectred.illumination.cagelamp.inv,6306,false,ProjRed|Illumination,mrtjp.projectred.illumination.ItemBaseLight,反相白色罩灯
ProjRed|Illumination:projectred.illumination.cagelamp2,6307,false,ProjRed|Illumination,mrtjp.projectred.illumination.ItemBaseLight,白色笼灯
ProjRed|Illumination:projectred.illumination.cagelamp2.inv,6308,false,ProjRed|Illumination,mrtjp.projectred.illumination.ItemBaseLight,反相白色笼灯
ProjRed|Illumination:projectred.illumination.lightbutton,6309,false,ProjRed|Illumination,mrtjp.projectred.illumination.ItemPartButton,白色照明按钮
ProjRed|Illumination:projectred.illumination.flightbutton,6310,false,ProjRed|Illumination,mrtjp.projectred.illumination.ItemPartFButton,白色照明反馈按钮
Avaritia:costumes,6311,false,Avaritia,fox.spiteful.avaritia.compat.botania.ItemInfinitatoCostume,item.null.name
exnihilo:exnihilo.iron_broken,6312,false,exnihilo,exnihilo.items.ores.ItemOre,破碎铁矿
exnihilo:exnihilo.iron_crushed,6313,false,exnihilo,exnihilo.items.ores.ItemOre,粉碎铁矿
exnihilo:exnihilo.iron_powdered,6314,false,exnihilo,exnihilo.items.ores.ItemOre,粉状铁矿
exnihilo:exnihilo.nether_iron_broken,6315,false,exnihilo,exnihilo.items.ores.ItemOre,破碎铁矿
exnihilo:exnihilo.gold_broken,6316,false,exnihilo,exnihilo.items.ores.ItemOre,破碎金矿
exnihilo:exnihilo.gold_crushed,6317,false,exnihilo,exnihilo.items.ores.ItemOre,粉碎金矿
exnihilo:exnihilo.gold_powdered,6318,false,exnihilo,exnihilo.items.ores.ItemOre,粉状金矿
exnihilo:exnihilo.nether_gold_broken,6319,false,exnihilo,exnihilo.items.ores.ItemOre,破碎金矿
exnihilo:exnihilo.copper_broken,6320,false,exnihilo,exnihilo.items.ores.ItemOre,破碎铜矿
exnihilo:exnihilo.copper_crushed,6321,false,exnihilo,exnihilo.items.ores.ItemOre,粉碎铜矿
exnihilo:exnihilo.copper_powdered,6322,false,exnihilo,exnihilo.items.ores.ItemOre,粉状铜矿
exnihilo:exnihilo.copper_ingot,6323,false,exnihilo,exnihilo.items.ores.ItemOre,铜锭
exnihilo:exnihilo.nether_copper_broken,6324,false,exnihilo,exnihilo.items.ores.ItemOre,破碎铜矿
exnihilo:exnihilo.tin_broken,6325,false,exnihilo,exnihilo.items.ores.ItemOre,破碎锡矿
exnihilo:exnihilo.tin_crushed,6326,false,exnihilo,exnihilo.items.ores.ItemOre,粉碎锡矿
exnihilo:exnihilo.tin_powdered,6327,false,exnihilo,exnihilo.items.ores.ItemOre,粉状锡矿
exnihilo:exnihilo.tin_ingot,6328,false,exnihilo,exnihilo.items.ores.ItemOre,锡锭
exnihilo:exnihilo.ender_tin_broken,6329,false,exnihilo,exnihilo.items.ores.ItemOre,破碎锡矿
exnihilo:exnihilo.silver_broken,6330,false,exnihilo,exnihilo.items.ores.ItemOre,破碎银矿
exnihilo:exnihilo.silver_crushed,6331,false,exnihilo,exnihilo.items.ores.ItemOre,粉碎银矿
exnihilo:exnihilo.silver_powdered,6332,false,exnihilo,exnihilo.items.ores.ItemOre,粉状银矿
exnihilo:exnihilo.silver_ingot,6333,false,exnihilo,exnihilo.items.ores.ItemOre,银锭
exnihilo:exnihilo.ender_silver_broken,6334,false,exnihilo,exnihilo.items.ores.ItemOre,破碎银矿
exnihilo:exnihilo.lead_broken,6335,false,exnihilo,exnihilo.items.ores.ItemOre,破碎铅矿
exnihilo:exnihilo.lead_crushed,6336,false,exnihilo,exnihilo.items.ores.ItemOre,粉碎铅矿
exnihilo:exnihilo.lead_powdered,6337,false,exnihilo,exnihilo.items.ores.ItemOre,粉状铅矿
exnihilo:exnihilo.lead_ingot,6338,false,exnihilo,exnihilo.items.ores.ItemOre,铅锭
exnihilo:exnihilo.ender_lead_broken,6339,false,exnihilo,exnihilo.items.ores.ItemOre,破碎铅矿
exnihilo:exnihilo.nickel_broken,6340,false,exnihilo,exnihilo.items.ores.ItemOre,破碎镍矿
exnihilo:exnihilo.nickel_crushed,6341,false,exnihilo,exnihilo.items.ores.ItemOre,粉碎镍矿
exnihilo:exnihilo.nickel_powdered,6342,false,exnihilo,exnihilo.items.ores.ItemOre,粉状镍矿
exnihilo:exnihilo.nickel_ingot,6343,false,exnihilo,exnihilo.items.ores.ItemOre,镍锭
exnihilo:exnihilo.nether_nickel_broken,6344,false,exnihilo,exnihilo.items.ores.ItemOre,破碎镍矿
exnihilo:exnihilo.platinum_broken,6345,false,exnihilo,exnihilo.items.ores.ItemOre,破碎铂矿
exnihilo:exnihilo.platinum_crushed,6346,false,exnihilo,exnihilo.items.ores.ItemOre,粉碎铂矿
exnihilo:exnihilo.platinum_powdered,6347,false,exnihilo,exnihilo.items.ores.ItemOre,粉状铂矿
exnihilo:exnihilo.platinum_ingot,6348,false,exnihilo,exnihilo.items.ores.ItemOre,铂锭
exnihilo:exnihilo.ender_platinum_broken,6349,false,exnihilo,exnihilo.items.ores.ItemOre,破碎铂矿
exnihilo:exnihilo.aluminum_broken,6350,false,exnihilo,exnihilo.items.ores.ItemOre,破碎铝矿
exnihilo:exnihilo.aluminum_crushed,6351,false,exnihilo,exnihilo.items.ores.ItemOre,粉碎铝矿
exnihilo:exnihilo.aluminum_powdered,6352,false,exnihilo,exnihilo.items.ores.ItemOre,粉状铝矿
exnihilo:exnihilo.aluminum_ingot,6353,false,exnihilo,exnihilo.items.ores.ItemOre,铝锭
IguanaTweaksTConstruct:sawArdite,6354,false,IguanaTweaksTConstruct,codechicken.microblock.ItemSaw,阿迪特手锯
IguanaTweaksTConstruct:sawCobalt,6355,false,IguanaTweaksTConstruct,codechicken.microblock.ItemSaw,钴手锯
IguanaTweaksTConstruct:sawManyullyn,6356,false,IguanaTweaksTConstruct,codechicken.microblock.ItemSaw,玛玉灵手锯
DegeneratorCrystal:Light,6357,false,DegeneratorCrystal,cubex2.cs3.item.ItemCS,激光生成组件
DegeneratorCrystal:mthil_1,6358,false,DegeneratorCrystal,cubex2.cs3.item.ItemCS,秘银晶体
DegeneratorCrystal:unit,6359,false,DegeneratorCrystal,cubex2.cs3.item.ItemCS,空单元
DegeneratorCrystal:sixteen,6360,false,DegeneratorCrystal,cubex2.cs3.item.ItemCS,十六位电容
DegeneratorCrystal:mthil_2,6361,false,DegeneratorCrystal,cubex2.cs3.item.ItemCS,秘银碎块
DegeneratorCrystal:mthil_3,6362,false,DegeneratorCrystal,cubex2.cs3.item.ItemCS,污浊的蕴魔秘银粉
DegeneratorCrystal:usb_8,6363,false,DegeneratorCrystal,cubex2.cs3.item.ItemCS,集成USB核心
DegeneratorCrystal:Zrplateharden,6364,false,DegeneratorCrystal,cubex2.cs3.item.ItemCS,致密锆板
DegeneratorCrystal:snpbdust,6365,false,DegeneratorCrystal,cubex2.cs3.item.ItemCS,焊锡粉
DegeneratorCrystal:Zringot,6366,false,DegeneratorCrystal,cubex2.cs3.item.ItemCS,锆锭
DegeneratorCrystal:wrong!!!!,6367,false,DegeneratorCrystal,cubex2.cs3.item.ItemCS,如果你想作弊的话，为什么不开创造呢？
DegeneratorCrystal:poweredClay,6368,false,DegeneratorCrystal,cubex2.cs3.item.ItemCS,碎瓷
DegeneratorCrystal:dustLapis,6369,false,DegeneratorCrystal,cubex2.cs3.item.ItemCS,青金石粉
DegeneratorCrystal:HardCoilGold,6370,false,DegeneratorCrystal,cubex2.cs3.item.ItemCS,强化接收线圈
DegeneratorCrystal:Tinugget,6371,false,DegeneratorCrystal,cubex2.cs3.item.ItemCS,钛粒
DegeneratorCrystal:naclunit,6372,false,DegeneratorCrystal,cubex2.cs3.item.ItemCS,盐单元
DegeneratorCrystal:AldaIngot,6373,false,DegeneratorCrystal,cubex2.cs3.item.ItemCS,艾德曼合金锭
DegeneratorCrystal:Ess,6374,false,DegeneratorCrystal,cubex2.cs3.item.ItemCS,极限精华
DegeneratorCrystal:circuitboards_base,6375,false,DegeneratorCrystal,cubex2.cs3.item.ItemCS,集成电路板
DegeneratorCrystal:SnRod,6376,false,DegeneratorCrystal,cubex2.cs3.item.ItemCS,锡杆
DegeneratorCrystal:coal_2,6377,false,DegeneratorCrystal,cubex2.cs3.item.ItemCS,煤块
DegeneratorCrystal:Dirt,6378,false,DegeneratorCrystal,cubex2.cs3.item.ItemCS,泥砖
DegeneratorCrystal:coal_1,6379,false,DegeneratorCrystal,cubex2.cs3.item.ItemCS,压缩煤球
DegeneratorCrystal:circuitboards_ender_1,6380,false,DegeneratorCrystal,cubex2.cs3.item.ItemCS,转换电路板
DegeneratorCrystal:GreenTi,6381,false,DegeneratorCrystal,cubex2.cs3.item.ItemCS,防锈钛锭
DegeneratorCrystal:circuitboards_ender_2,6382,false,DegeneratorCrystal,cubex2.cs3.item.ItemCS,转换处理器
DegeneratorCrystal:cl2unit,6383,false,DegeneratorCrystal,cubex2.cs3.item.ItemCS,氯单元
DegeneratorCrystal:circuitboards_ender,6384,false,DegeneratorCrystal,cubex2.cs3.item.ItemCS,集成转换电路板
DegeneratorCrystal:Zrnugget,6385,false,DegeneratorCrystal,cubex2.cs3.item.ItemCS,锆粒
DegeneratorCrystal:TiCl4,6386,false,DegeneratorCrystal,cubex2.cs3.item.ItemCS,四氯化钛瓶
DegeneratorCrystal:mthil,6387,false,DegeneratorCrystal,cubex2.cs3.item.ItemCS,秘银碎片
DegeneratorCrystal:circuitboards_crystal,6388,false,DegeneratorCrystal,cubex2.cs3.item.ItemCS,集成运算电路板
DegeneratorCrystal:BrokenYellorite_2,6389,false,DegeneratorCrystal,cubex2.cs3.item.ItemCS,粉状黄铀矿
DegeneratorCrystal:BrokenYellorite_1,6390,false,DegeneratorCrystal,cubex2.cs3.item.ItemCS,粉碎黄铀矿
DegeneratorCrystal:Nadust,6391,false,DegeneratorCrystal,cubex2.cs3.item.ItemCS,钠粉
DegeneratorCrystal:Print_Gold,6392,false,DegeneratorCrystal,cubex2.cs3.item.ItemCS,逻辑压印模板(未处理)
DegeneratorCrystal:Aldadust,6393,false,DegeneratorCrystal,cubex2.cs3.item.ItemCS,艾德曼合金粉
DegeneratorCrystal:NaIngot,6394,false,DegeneratorCrystal,cubex2.cs3.item.ItemCS,钠锭
DegeneratorCrystal:snpbnugget,6395,false,DegeneratorCrystal,cubex2.cs3.item.ItemCS,焊锡粒
DegeneratorCrystal:Zrstone,6396,false,DegeneratorCrystal,cubex2.cs3.item.ItemCS,锆石
DegeneratorCrystal:BlackHole,6397,false,DegeneratorCrystal,cubex2.cs3.item.ItemCS,迷你黑洞
DegeneratorCrystal:Sishard,6398,false,DegeneratorCrystal,cubex2.cs3.item.ItemCS,硅碎片
DegeneratorCrystal:snpbingot,6399,false,DegeneratorCrystal,cubex2.cs3.item.ItemCS,焊锡锭
DegeneratorCrystal:TiRod,6400,false,DegeneratorCrystal,cubex2.cs3.item.ItemCS,钛杆
DegeneratorCrystal:Zrdust,6401,false,DegeneratorCrystal,cubex2.cs3.item.ItemCS,锆粉
DegeneratorCrystal:CoilCopper,6402,false,DegeneratorCrystal,cubex2.cs3.item.ItemCS,红石连接线圈
DegeneratorCrystal:RutileDust,6403,false,DegeneratorCrystal,cubex2.cs3.item.ItemCS,金红石粉
DegeneratorCrystal:Rutile,6404,false,DegeneratorCrystal,cubex2.cs3.item.ItemCS,金红石
DegeneratorCrystal:na+cl2,6405,false,DegeneratorCrystal,cubex2.cs3.item.ItemCS,钠氯混合物
DegeneratorCrystal:RedStoneDragoningot,6406,false,DegeneratorCrystal,cubex2.cs3.item.ItemCS,红石浸渍龙锭
DegeneratorCrystal:Print_Ender,6407,false,DegeneratorCrystal,cubex2.cs3.item.ItemCS,转换压印模板(未处理)
DegeneratorCrystal:base,6408,false,DegeneratorCrystal,cubex2.cs3.item.ItemCS,节点升级-基础元件
DegeneratorCrystal:alcl3unit,6409,false,DegeneratorCrystal,cubex2.cs3.item.ItemCS,氯化铝单元
DegeneratorCrystal:Zrstonedust,6410,false,DegeneratorCrystal,cubex2.cs3.item.ItemCS,锆石粉
DegeneratorCrystal:circuitboards_gold,6411,false,DegeneratorCrystal,cubex2.cs3.item.ItemCS,集成逻辑电路板
DegeneratorCrystal:fecl3unit,6412,false,DegeneratorCrystal,cubex2.cs3.item.ItemCS,氯化铁单元
DegeneratorCrystal:Print_Diamoud,6413,false,DegeneratorCrystal,cubex2.cs3.item.ItemCS,工程压印模板(未处理)
DegeneratorCrystal:EnderCoil,6414,false,DegeneratorCrystal,cubex2.cs3.item.ItemCS,末影传导线圈
DegeneratorCrystal:HardCoilElectrium,6415,false,DegeneratorCrystal,cubex2.cs3.item.ItemCS,强化传导线圈
DegeneratorCrystal:alcl3,6416,false,DegeneratorCrystal,cubex2.cs3.item.ItemCS,氯化铝粉
DegeneratorCrystal:Printer_Ender,6417,false,DegeneratorCrystal,cubex2.cs3.item.ItemCS,转换压印模板
DegeneratorCrystal:HardCoilSilver,6418,false,DegeneratorCrystal,cubex2.cs3.item.ItemCS,强化传输线圈
DegeneratorCrystal:Print_Crystal,6419,false,DegeneratorCrystal,cubex2.cs3.item.ItemCS,运算压印模板(未处理)
DegeneratorCrystal:Tiingot,6420,false,DegeneratorCrystal,cubex2.cs3.item.ItemCS,钛锭
DegeneratorCrystal:Nanugget,6421,false,DegeneratorCrystal,cubex2.cs3.item.ItemCS,钠粒
DegeneratorCrystal:BrokenYellorite,6422,false,DegeneratorCrystal,cubex2.cs3.item.ItemCS,破碎黄铀矿
DegeneratorCrystal:goldco,6423,false,DegeneratorCrystal,cubex2.cs3.item.ItemCS,亮金锭
DegeneratorCrystal:Zrplatearmor,6424,false,DegeneratorCrystal,cubex2.cs3.item.ItemCS,锆护甲板
DegeneratorCrystal:Elect,6425,false,DegeneratorCrystal,cubex2.cs3.item.ItemCS,电极
DegeneratorCrystal:geode,6426,false,DegeneratorCrystal,cubex2.cs3.item.ItemCS,晶球
DegeneratorCrystal:Clayingot,6427,false,DegeneratorCrystal,cubex2.cs3.item.ItemCS,锇锭
DegeneratorCrystal:Print_Si,6428,false,DegeneratorCrystal,cubex2.cs3.item.ItemCS,硅压印模板(未处理)
DegeneratorCrystal:Tidust,6429,false,DegeneratorCrystal,cubex2.cs3.item.ItemCS,钛粉
DegeneratorCrystal:usb,6430,false,DegeneratorCrystal,cubex2.cs3.item.ItemCS,USB核心
DegeneratorCrystal:Zrplate,6431,false,DegeneratorCrystal,cubex2.cs3.item.ItemCS,锆板
DegeneratorCrystal:youyihj,6432,false,DegeneratorCrystal,cubex2.cs3.item.ItemCS,youyihj
DegeneratorCrystal:coall,6433,false,DegeneratorCrystal,cubex2.cs3.item.ItemCS,煤球
DegeneratorCrystal:circuitboards_diamond,6434,false,DegeneratorCrystal,cubex2.cs3.item.ItemCS,集成工程电路板
DegeneratorCrystal:GoldRod,6435,false,DegeneratorCrystal,cubex2.cs3.item.ItemCS,金杆
DegeneratorCrystal:ClayBlock,6436,false,DegeneratorCrystal,cubex2.cs3.item.ItemCS,陶瓷锭
DegeneratorCrystal:Osdust,6437,false,DegeneratorCrystal,cubex2.cs3.item.ItemCS,锇粉
DegeneratorCrystal:TiGear,6438,false,DegeneratorCrystal,cubex2.cs3.item.ItemCS,钛齿轮
Backpack:workbenchbackpack,6439,false,Backpack,de.eydamos.backpack.item.ItemWorkbenchBackpack,小工作台背包
Backpack:tannedLeather,6440,false,Backpack,de.eydamos.backpack.item.ItemLeather,鞣制皮革
SpiceOfLife:lunchbox,6441,false,SpiceOfLife,squeek.spiceoflife.items.ItemFoodContainer,午餐盒
Backpack:backpack,6442,false,Backpack,de.eydamos.backpack.item.ItemBackpack,小背包
betterquesting:guide_book,6443,false,betterquesting,betterquesting.items.ItemGuideBook,入门指南
bq_standard:loot_chest,6444,false,bq_standard,bq_standard.items.ItemLootChest,奖励箱
Backpack:boundLeather,6445,false,Backpack,de.eydamos.backpack.item.ItemLeather,钉紧的皮革
SpiceOfLife:lunchbag,6446,false,SpiceOfLife,squeek.spiceoflife.items.ItemFoodContainer,午餐袋
questbook:ItemQuestBook,6447,false,questbook,drethic.questbook.item.ItemQuestBook,任务书
SpiceOfLife:bookfoodjournal,6448,false,SpiceOfLife,squeek.spiceoflife.items.ItemFoodJournal,膳食记录
betterquesting:placeholder,6449,false,betterquesting,betterquesting.api.placeholders.ItemPlaceholder,物品 占位符
betterquesting:pattern_placeholder,6450,false,betterquesting,betterquesting.items.ItemPatternPlaceholder,样板占位符
betterquesting:extra_life,6451,false,betterquesting,betterquesting.items.ItemExtraLife,额外生命
