Ore Name,ItemStack,Item ID,Display Name,Wildcard
Gear,1xitem.thermalfoundation.material@12,ThermalFoundation:material,铁齿轮,false
Gear,1xitem.thermalfoundation.material@13,ThermalFoundation:material,金齿轮,false
Gear,1xitem.thermalfoundation.material@128,ThermalFoundation:material,铜齿轮,false
Gear,1xitem.thermalfoundation.material@129,ThermalFoundation:material,锡齿轮,false
Gear,1xitem.thermalfoundation.material@130,ThermalFoundation:material,银齿轮,false
Gear,1xitem.thermalfoundation.material@131,ThermalFoundation:material,铅齿轮,false
Gear,1xitem.thermalfoundation.material@132,ThermalFoundation:material,镍齿轮,false
Gear,1xitem.thermalfoundation.material@133,ThermalFoundation:material,铂齿轮,false
Gear,1xitem.thermalfoundation.material@134,ThermalFoundation:material,蕴魔秘银齿轮,false
Gear,1xitem.thermalfoundation.material@135,ThermalFoundation:material,琥珀金齿轮,false
Gear,1xitem.thermalfoundation.material@136,ThermalFoundation:material,因瓦合金齿轮,false
Gear,1xitem.thermalfoundation.material@137,ThermalFoundation:material,青铜齿轮,false
Gear,1xitem.thermalfoundation.material@138,ThermalFoundation:material,信素齿轮,false
Gear,1xitem.thermalfoundation.material@139,ThermalFoundation:material,流明齿轮,false
Gear,1xitem.thermalfoundation.material@140,ThermalFoundation:material,末影齿轮,false
Gear,1xitem.TiGear@0,DegeneratorCrystal:TiGear,钛齿轮,false
ItemFluxCryStal,1xitem.appliedenergistics2.ItemMaterial@7,appliedenergistics2:item.ItemMultiMaterial,福鲁伊克斯水晶,false
ItemFluxCryStal,1xitem.appliedenergistics2.ItemMaterial@12,appliedenergistics2:item.ItemMultiMaterial,高纯福鲁伊克斯水晶,false
MainInfusionMaterial,1xitem.diamond@0,minecraft:diamond,钻石,false
MainInfusionMaterial,1xitem.emerald@0,minecraft:emerald,绿宝石,false
MainInfusionMaterial,1xtile.blockGold@0,minecraft:gold_block,金块,false
RedLogic:insulated_wire,1xtile.null@1,RedLogic:redlogic.wire,White insulated wire,false
RedLogic:insulated_wire,1xtile.null@2,RedLogic:redlogic.wire,Orange insulated wire,false
RedLogic:insulated_wire,1xtile.null@3,RedLogic:redlogic.wire,Magenta insulated wire,false
RedLogic:insulated_wire,1xtile.null@4,RedLogic:redlogic.wire,Light blue insulated wire,false
RedLogic:insulated_wire,1xtile.null@5,RedLogic:redlogic.wire,Yellow insulated wire,false
RedLogic:insulated_wire,1xtile.null@6,RedLogic:redlogic.wire,Lime insulated wire,false
RedLogic:insulated_wire,1xtile.null@7,RedLogic:redlogic.wire,Pink insulated wire,false
RedLogic:insulated_wire,1xtile.null@8,RedLogic:redlogic.wire,Grey insulated wire,false
RedLogic:insulated_wire,1xtile.null@9,RedLogic:redlogic.wire,Light grey insulated wire,false
RedLogic:insulated_wire,1xtile.null@10,RedLogic:redlogic.wire,Cyan insulated wire,false
RedLogic:insulated_wire,1xtile.null@11,RedLogic:redlogic.wire,Purple insulated wire,false
RedLogic:insulated_wire,1xtile.null@12,RedLogic:redlogic.wire,Blue insulated wire,false
RedLogic:insulated_wire,1xtile.null@13,RedLogic:redlogic.wire,Brown insulated wire,false
RedLogic:insulated_wire,1xtile.null@14,RedLogic:redlogic.wire,Green insulated wire,false
RedLogic:insulated_wire,1xtile.null@15,RedLogic:redlogic.wire,Red insulated wire,false
RedLogic:insulated_wire,1xtile.null@16,RedLogic:redlogic.wire,Black insulated wire,false
accioMaterial,1xitem.RubberEssence@0,magicalcrops:RubberEssence,橡胶原质,false
accioMaterial,1xitem.AirEssence@0,magicalcrops:AirEssence,风之原质,false
accioMaterial,1xitem.CoalEssence@0,magicalcrops:CoalEssence,煤炭原质,false
accioMaterial,1xitem.DyeEssence@0,magicalcrops:DyeEssence,染料原质,false
accioMaterial,1xitem.EarthEssence@0,magicalcrops:EarthEssence,地之原质,false
accioMaterial,1xitem.FireEssence@0,magicalcrops:FireEssence,火之原质,false
accioMaterial,1xitem.NatureEssence@0,magicalcrops:NatureEssence,自然原质,false
accioMaterial,1xitem.WaterEssence@0,magicalcrops:WaterEssence,水之原质,false
alumiteRod,1xitem.tconstruct.ToolRod@15,TConstruct:toolRod,耐酸铝手柄,false
antiBlock,1xtile.chisel.antiBlock@0,chisel:antiBlock,纯色方块,false
anyCertusCrystal,1xitem.appliedenergistics2.ItemMaterial@10,appliedenergistics2:item.ItemMultiMaterial,高纯赛特斯石英水晶,false
anyCertusCrystal,1xitem.appliedenergistics2.ItemMaterial@0,appliedenergistics2:item.ItemMultiMaterial,赛特斯石英水晶,false
arditeRod,1xitem.tconstruct.ToolRod@11,TConstruct:toolRod,阿迪特手柄,false
bEnderAirBottle,1xitem.manaResource@15,Botania:manaResource,瓶装末地空气,false
bFlask,1xitem.vial@1,Botania:vial,精灵玻璃烧瓶,false
bPlaceholder,1xitem.manaResource@11,Botania:manaResource,合成占位符,false
bRedString,1xitem.manaResource@12,Botania:manaResource,红线,false
bVial,1xitem.vial@0,Botania:vial,魔法玻璃小瓶,false
barsIron,1xtile.fenceIron@0,minecraft:iron_bars,铁栏杆,false
barsIron,1xtile.blockDarkIronBars@0,EnderIO:blockDarkIronBars,玄钢栅栏,false
barsIron,1xtile.blockSoulariumBars@0,EnderIO:blockSoulariumBars,魂金栅栏,false
barsIron,1xtile.blockEndSteelBars@0,EnderIO:blockEndSteelBars,末影钢栅栏,false
beeQueen,1xitem.queenbeeItem@0,harvestcraft:queenbeeItem,蜂后,false
blockAluminium,1xtile.tconstruct.metalblock@6,TConstruct:MetalBlock,铝块,false
blockAluminiumBrass,1xtile.tconstruct.metalblock@7,TConstruct:MetalBlock,铝黄铜块,false
blockAluminum,1xtile.ImmersiveEngineering.storage@1,ImmersiveEngineering:storage,铝块,false
blockAluminum,1xtile.tconstruct.metalblock@6,TConstruct:MetalBlock,铝块,false
blockAluminumBrass,1xtile.tconstruct.metalblock@7,TConstruct:MetalBlock,铝黄铜块,false
blockAlumite,1xtile.tconstruct.metalblock@8,TConstruct:MetalBlock,耐酸铝块,false
blockAndesite,1xtile.chisel.andesite@0,chisel:andesite,安山岩,false
blockArdite,1xtile.tconstruct.metalblock@1,TConstruct:MetalBlock,阿迪特块,false
blockBlaze,1xtile.blazeBlock@0,Botania:blazeBlock,烈焰灯,false
blockBlutonium,1xtile.brMetal.0@3,BigReactors:BRMetalBlock,蓝钚块,false
blockBronze,1xtile.thermalfoundation.storage@9,ThermalFoundation:Storage,青铜块,false
blockBronze,1xtile.tconstruct.metalblock@4,TConstruct:MetalBlock,青铜块,false
blockCarpet,1xtile.chisel.carpet_block@0,chisel:carpet_block,地毯,false
blockCloth,1xtile.cloth@32767,minecraft:wool,(wildcard),true
blockClothRock,1xtile.thermalexpansion.rockwool@32767,ThermalExpansion:Rockwool,(wildcard),true
blockCoal,1xtile.blockCoal@0,minecraft:coal_block,煤炭块,false
blockCoal,1xtile.extrautils:color_blockCoal@0,ExtraUtilities:color_blockCoal,染色 煤炭块（白色）,false
blockCoal,1xtile.extrautils:color_blockCoal@1,ExtraUtilities:color_blockCoal,染色 煤炭块（橙色）,false
blockCoal,1xtile.extrautils:color_blockCoal@2,ExtraUtilities:color_blockCoal,染色 煤炭块（品红色）,false
blockCoal,1xtile.extrautils:color_blockCoal@3,ExtraUtilities:color_blockCoal,染色 煤炭块（淡蓝色）,false
blockCoal,1xtile.extrautils:color_blockCoal@4,ExtraUtilities:color_blockCoal,染色 煤炭块（黄色）,false
blockCoal,1xtile.extrautils:color_blockCoal@5,ExtraUtilities:color_blockCoal,染色 煤炭块（黄绿色）,false
blockCoal,1xtile.extrautils:color_blockCoal@6,ExtraUtilities:color_blockCoal,染色 煤炭块（粉色）,false
blockCoal,1xtile.extrautils:color_blockCoal@7,ExtraUtilities:color_blockCoal,染色 煤炭块（灰色）,false
blockCoal,1xtile.extrautils:color_blockCoal@8,ExtraUtilities:color_blockCoal,染色 煤炭块（淡灰色）,false
blockCoal,1xtile.extrautils:color_blockCoal@9,ExtraUtilities:color_blockCoal,染色 煤炭块（青色）,false
blockCoal,1xtile.extrautils:color_blockCoal@10,ExtraUtilities:color_blockCoal,染色 煤炭块（紫色）,false
blockCoal,1xtile.extrautils:color_blockCoal@11,ExtraUtilities:color_blockCoal,染色 煤炭块（蓝色）,false
blockCoal,1xtile.extrautils:color_blockCoal@12,ExtraUtilities:color_blockCoal,染色 煤炭块（棕色）,false
blockCoal,1xtile.extrautils:color_blockCoal@13,ExtraUtilities:color_blockCoal,染色 煤炭块（绿色）,false
blockCoal,1xtile.extrautils:color_blockCoal@14,ExtraUtilities:color_blockCoal,染色 煤炭块（红色）,false
blockCoal,1xtile.extrautils:color_blockCoal@15,ExtraUtilities:color_blockCoal,染色 煤炭块（黑色）,false
blockCoalBlack,1xtile.extrautils:color_blockCoal@0,ExtraUtilities:color_blockCoal,染色 煤炭块（白色）,false
blockCoalBlue,1xtile.extrautils:color_blockCoal@4,ExtraUtilities:color_blockCoal,染色 煤炭块（黄色）,false
blockCoalBrown,1xtile.extrautils:color_blockCoal@3,ExtraUtilities:color_blockCoal,染色 煤炭块（淡蓝色）,false
blockCoalCyan,1xtile.extrautils:color_blockCoal@6,ExtraUtilities:color_blockCoal,染色 煤炭块（粉色）,false
blockCoalGray,1xtile.extrautils:color_blockCoal@8,ExtraUtilities:color_blockCoal,染色 煤炭块（淡灰色）,false
blockCoalGreen,1xtile.extrautils:color_blockCoal@2,ExtraUtilities:color_blockCoal,染色 煤炭块（品红色）,false
blockCoalLightBlue,1xtile.extrautils:color_blockCoal@12,ExtraUtilities:color_blockCoal,染色 煤炭块（棕色）,false
blockCoalLightGray,1xtile.extrautils:color_blockCoal@7,ExtraUtilities:color_blockCoal,染色 煤炭块（灰色）,false
blockCoalLime,1xtile.extrautils:color_blockCoal@10,ExtraUtilities:color_blockCoal,染色 煤炭块（紫色）,false
blockCoalMagenta,1xtile.extrautils:color_blockCoal@13,ExtraUtilities:color_blockCoal,染色 煤炭块（绿色）,false
blockCoalOrange,1xtile.extrautils:color_blockCoal@14,ExtraUtilities:color_blockCoal,染色 煤炭块（红色）,false
blockCoalPink,1xtile.extrautils:color_blockCoal@9,ExtraUtilities:color_blockCoal,染色 煤炭块（青色）,false
blockCoalPurple,1xtile.extrautils:color_blockCoal@5,ExtraUtilities:color_blockCoal,染色 煤炭块（黄绿色）,false
blockCoalRed,1xtile.extrautils:color_blockCoal@1,ExtraUtilities:color_blockCoal,染色 煤炭块（橙色）,false
blockCoalWhite,1xtile.extrautils:color_blockCoal@15,ExtraUtilities:color_blockCoal,染色 煤炭块（黑色）,false
blockCoalYellow,1xtile.extrautils:color_blockCoal@11,ExtraUtilities:color_blockCoal,染色 煤炭块（蓝色）,false
blockCobalt,1xtile.tconstruct.metalblock@0,TConstruct:MetalBlock,钴块,false
blockConductiveIron,1xtile.blockIngotStorage@4,EnderIO:blockIngotStorage,导电铁块,false
blockConstantan,1xtile.ImmersiveEngineering.storage@5,ImmersiveEngineering:storage,康铜块,false
blockCopper,1xtile.thermalfoundation.storage@0,ThermalFoundation:Storage,铜块,false
blockCopper,1xtile.ImmersiveEngineering.storage@0,ImmersiveEngineering:storage,铜块,false
blockCopper,1xtile.tconstruct.metalblock@3,TConstruct:MetalBlock,铜方块,false
blockCopper,1xtile.projectred.exploration.stone@8,ProjRed|Exploration:projectred.exploration.stone,铜块,false
blockCosmicNeutronium,1xtile.avaritia_resource@0,Avaritia:Resource_Block,宇宙中子态素块,false
blockCrudeSteel,1xtile.blockIngotStorageEndergy@0,EnderIO:blockIngotStorageEndergy,复合黏土块,false
blockCrystalFlux,1xtile.redstonearsenal.storage@1,RedstoneArsenal:Storage,红石水晶块,false
blockCrystalMatrix,1xtile.block_crystal_matrix@0,Avaritia:Crystal_Matrix,水晶矩阵,false
blockCrystallineAlloy,1xtile.blockIngotStorageEndergy@1,EnderIO:blockIngotStorageEndergy,晶化合金块,false
blockCrystallinePinkSlime,1xtile.blockIngotStorageEndergy@4,EnderIO:blockIngotStorageEndergy,晶化粉红史莱姆块,false
blockCupronickel,1xtile.ImmersiveEngineering.storage@5,ImmersiveEngineering:storage,康铜块,false
blockCyanite,1xtile.brMetal.0@1,BigReactors:BRMetalBlock,蓝晶块,false
blockDarkSteel,1xtile.blockIngotStorage@6,EnderIO:blockIngotStorage,玄钢块,false
blockDiamond,1xtile.blockDiamond@0,minecraft:diamond_block,钻石块,false
blockDiorite,1xtile.chisel.diorite@0,chisel:diorite,闪长岩,false
blockDraconium,1xtile.draconicevolution:draconium@0,DraconicEvolution:draconium,龙块,false
blockDraconiumAwakened,1xtile.draconicevolution:draconicBlock@0,DraconicEvolution:draconicBlock,觉醒龙块,false
blockElectricalSteel,1xtile.blockIngotStorage@0,EnderIO:blockIngotStorage,磁钢块,false
blockElectrotine,1xtile.projectred.exploration.stone@11,ProjRed|Exploration:projectred.exploration.stone,蓝石块,false
blockElectrum,1xtile.thermalfoundation.storage@7,ThermalFoundation:Storage,琥珀金块,false
blockElectrum,1xtile.ImmersiveEngineering.storage@6,ImmersiveEngineering:storage,琥珀金块,false
blockElectrumFlux,1xtile.redstonearsenal.storage@0,RedstoneArsenal:Storage,红石琥珀金块,false
blockEmerald,1xtile.blockEmerald@0,minecraft:emerald_block,绿宝石块,false
blockEndSteel,1xtile.blockIngotStorage@8,EnderIO:blockIngotStorage,末影钢块,false
blockEnder,1xtile.tconstruct.metalblock@10,TConstruct:MetalBlock,末影块,false
blockEnderCore,1xtile.extrautils:decorativeBlock1@11,ExtraUtilities:decorativeBlock1,末影之核,false
blockEnderObsidian,1xtile.extrautils:decorativeBlock1@1,ExtraUtilities:decorativeBlock1,末影黑曜石,false
blockEnderium,1xtile.thermalfoundation.storage@12,ThermalFoundation:Storage,末影块,false
blockEndstone,1xtile.chisel.end_Stone@0,chisel:end_Stone,末地石,false
blockEnergeticAlloy,1xtile.blockIngotStorage@1,EnderIO:blockIngotStorage,充能合金块,false
blockEnergeticSilver,1xtile.blockIngotStorageEndergy@5,EnderIO:blockIngotStorageEndergy,充能银块,false
blockFairy,1xtile.solid.metal.block.blockFunStuff@0,ExtraTiC:blockFunStuff,精灵方块,false
blockFuelCoke,1xtile.ImmersiveEngineering.stoneDevice@3,ImmersiveEngineering:stoneDevice,焦煤块,false
blockFuelCoke,1xtile.ImmersiveEngineering.stoneDecoration@3,ImmersiveEngineering:stoneDecoration,焦煤块,false
blockGlass,1xtile.glass@0,minecraft:glass,玻璃,false
blockGlass,1xtile.stainedGlass@32767,minecraft:stained_glass,(wildcard),true
blockGlass,1xtile.extrautils:decorativeBlock2@0,ExtraUtilities:decorativeBlock2,增厚玻璃,false
blockGlass,1xtile.extrautils:decorativeBlock2@1,ExtraUtilities:decorativeBlock2,镶边玻璃,false
blockGlass,1xtile.extrautils:decorativeBlock2@2,ExtraUtilities:decorativeBlock2,玻璃砖块,false
blockGlass,1xtile.extrautils:decorativeBlock2@3,ExtraUtilities:decorativeBlock2,雕纹玻璃,false
blockGlass,1xtile.extrautils:decorativeBlock2@6,ExtraUtilities:decorativeBlock2,漩涡玻璃,false
blockGlass,1xtile.extrautils:decorativeBlock2@9,ExtraUtilities:decorativeBlock2,四方玻璃,false
blockGlass,1xtile.mfr.stainedglass.block@32767,MineFactoryReloaded:stainedglass.block,(wildcard),true
blockGlass,1xtile.GlassBlock@0,TConstruct:GlassBlock,通透玻璃,false
blockGlass,1xtile.blockFusedQuartz@1,EnderIO:blockFusedQuartz,纯净玻璃,false
blockGlassBlack,1xtile.stainedGlass@15,minecraft:stained_glass,黑色染色玻璃,false
blockGlassBlack,1xtile.mfr.stainedglass.block@15,MineFactoryReloaded:stainedglass.block,黑色玻璃,false
blockGlassBlue,1xtile.stainedGlass@11,minecraft:stained_glass,蓝色染色玻璃,false
blockGlassBlue,1xtile.mfr.stainedglass.block@11,MineFactoryReloaded:stainedglass.block,蓝色玻璃,false
blockGlassBrown,1xtile.stainedGlass@12,minecraft:stained_glass,棕色染色玻璃,false
blockGlassBrown,1xtile.mfr.stainedglass.block@12,MineFactoryReloaded:stainedglass.block,棕色玻璃,false
blockGlassColorless,1xtile.glass@0,minecraft:glass,玻璃,false
blockGlassCyan,1xtile.stainedGlass@9,minecraft:stained_glass,青色染色玻璃,false
blockGlassCyan,1xtile.mfr.stainedglass.block@9,MineFactoryReloaded:stainedglass.block,青色玻璃,false
blockGlassGray,1xtile.stainedGlass@7,minecraft:stained_glass,灰色染色玻璃,false
blockGlassGray,1xtile.mfr.stainedglass.block@7,MineFactoryReloaded:stainedglass.block,灰色玻璃,false
blockGlassGreen,1xtile.stainedGlass@13,minecraft:stained_glass,绿色染色玻璃,false
blockGlassGreen,1xtile.mfr.stainedglass.block@13,MineFactoryReloaded:stainedglass.block,绿色玻璃,false
blockGlassHardened,1xtile.blockFusedQuartz@0,EnderIO:blockFusedQuartz,石英玻璃,false
blockGlassHardened,1xtile.thermalexpansion.glass@0,ThermalExpansion:Glass,强化玻璃,false
blockGlassHardened,1xtile.thermalexpansion.glass@1,ThermalExpansion:Glass,强化流明玻璃,false
blockGlassHardenedIlluminated,1xtile.thermalexpansion.glass@1,ThermalExpansion:Glass,强化流明玻璃,false
blockGlassLightBlue,1xtile.stainedGlass@3,minecraft:stained_glass,淡蓝色染色玻璃,false
blockGlassLightBlue,1xtile.mfr.stainedglass.block@3,MineFactoryReloaded:stainedglass.block,浅蓝色玻璃,false
blockGlassLightGray,1xtile.stainedGlass@8,minecraft:stained_glass,淡灰色染色玻璃,false
blockGlassLightGray,1xtile.mfr.stainedglass.block@8,MineFactoryReloaded:stainedglass.block,浅灰色玻璃,false
blockGlassLime,1xtile.stainedGlass@5,minecraft:stained_glass,黄绿色染色玻璃,false
blockGlassLime,1xtile.mfr.stainedglass.block@5,MineFactoryReloaded:stainedglass.block,柠檬色玻璃,false
blockGlassMagenta,1xtile.stainedGlass@2,minecraft:stained_glass,品红色染色玻璃,false
blockGlassMagenta,1xtile.mfr.stainedglass.block@2,MineFactoryReloaded:stainedglass.block,品红色玻璃,false
blockGlassOrange,1xtile.stainedGlass@1,minecraft:stained_glass,橙色染色玻璃,false
blockGlassOrange,1xtile.mfr.stainedglass.block@1,MineFactoryReloaded:stainedglass.block,橙色玻璃,false
blockGlassPink,1xtile.stainedGlass@6,minecraft:stained_glass,粉红色染色玻璃,false
blockGlassPink,1xtile.mfr.stainedglass.block@6,MineFactoryReloaded:stainedglass.block,粉色玻璃,false
blockGlassPurple,1xtile.stainedGlass@10,minecraft:stained_glass,紫色染色玻璃,false
blockGlassPurple,1xtile.mfr.stainedglass.block@10,MineFactoryReloaded:stainedglass.block,紫色玻璃,false
blockGlassRed,1xtile.stainedGlass@14,minecraft:stained_glass,红色染色玻璃,false
blockGlassRed,1xtile.mfr.stainedglass.block@14,MineFactoryReloaded:stainedglass.block,红色玻璃,false
blockGlassSandy,1xtile.extrautils:decorativeBlock1@9,ExtraUtilities:decorativeBlock1,沙化玻璃,false
blockGlassWhite,1xtile.stainedGlass@0,minecraft:stained_glass,白色染色玻璃,false
blockGlassWhite,1xtile.mfr.stainedglass.block@0,MineFactoryReloaded:stainedglass.block,白色玻璃,false
blockGlassYellow,1xtile.stainedGlass@4,minecraft:stained_glass,黄色染色玻璃,false
blockGlassYellow,1xtile.mfr.stainedglass.block@4,MineFactoryReloaded:stainedglass.block,黄色玻璃,false
blockGold,1xtile.blockGold@0,minecraft:gold_block,金块,false
blockGranite,1xtile.chisel.granite@0,chisel:granite,花岗岩,false
blockGraphite,1xtile.brMetal.0@2,BigReactors:BRMetalBlock,石墨块,false
blockHopper,1xtile.hopper@0,minecraft:hopper,漏斗,false
blockIce,1xtile.ice@0,minecraft:ice,冰,false
blockIcestone,1xtile.extrautils:decorativeBlock1@3,ExtraUtilities:decorativeBlock1,霜冻石头,false
blockInfinity,1xtile.avaritia_resource@1,Avaritia:Resource_Block,无尽之块,false
blockInvar,1xtile.thermalfoundation.storage@8,ThermalFoundation:Storage,因瓦合金块,false
blockIron,1xtile.blockIron@0,minecraft:iron_block,铁块,false
blockLapis,1xtile.blockLapis@0,minecraft:lapis_block,青金石块,false
blockLapis,1xtile.extrautils:color_blockLapis@0,ExtraUtilities:color_blockLapis,染色 青金石块（白色）,false
blockLapis,1xtile.extrautils:color_blockLapis@1,ExtraUtilities:color_blockLapis,染色 青金石块（橙色）,false
blockLapis,1xtile.extrautils:color_blockLapis@2,ExtraUtilities:color_blockLapis,染色 青金石块（品红色）,false
blockLapis,1xtile.extrautils:color_blockLapis@3,ExtraUtilities:color_blockLapis,染色 青金石块（淡蓝色）,false
blockLapis,1xtile.extrautils:color_blockLapis@4,ExtraUtilities:color_blockLapis,染色 青金石块（黄色）,false
blockLapis,1xtile.extrautils:color_blockLapis@5,ExtraUtilities:color_blockLapis,染色 青金石块（黄绿色）,false
blockLapis,1xtile.extrautils:color_blockLapis@6,ExtraUtilities:color_blockLapis,染色 青金石块（粉色）,false
blockLapis,1xtile.extrautils:color_blockLapis@7,ExtraUtilities:color_blockLapis,染色 青金石块（灰色）,false
blockLapis,1xtile.extrautils:color_blockLapis@8,ExtraUtilities:color_blockLapis,染色 青金石块（淡灰色）,false
blockLapis,1xtile.extrautils:color_blockLapis@9,ExtraUtilities:color_blockLapis,染色 青金石块（青色）,false
blockLapis,1xtile.extrautils:color_blockLapis@10,ExtraUtilities:color_blockLapis,染色 青金石块（紫色）,false
blockLapis,1xtile.extrautils:color_blockLapis@11,ExtraUtilities:color_blockLapis,染色 青金石块（蓝色）,false
blockLapis,1xtile.extrautils:color_blockLapis@12,ExtraUtilities:color_blockLapis,染色 青金石块（棕色）,false
blockLapis,1xtile.extrautils:color_blockLapis@13,ExtraUtilities:color_blockLapis,染色 青金石块（绿色）,false
blockLapis,1xtile.extrautils:color_blockLapis@14,ExtraUtilities:color_blockLapis,染色 青金石块（红色）,false
blockLapis,1xtile.extrautils:color_blockLapis@15,ExtraUtilities:color_blockLapis,染色 青金石块（黑色）,false
blockLapisBlack,1xtile.extrautils:color_blockLapis@0,ExtraUtilities:color_blockLapis,染色 青金石块（白色）,false
blockLapisBlue,1xtile.extrautils:color_blockLapis@4,ExtraUtilities:color_blockLapis,染色 青金石块（黄色）,false
blockLapisBrown,1xtile.extrautils:color_blockLapis@3,ExtraUtilities:color_blockLapis,染色 青金石块（淡蓝色）,false
blockLapisCyan,1xtile.extrautils:color_blockLapis@6,ExtraUtilities:color_blockLapis,染色 青金石块（粉色）,false
blockLapisGray,1xtile.extrautils:color_blockLapis@8,ExtraUtilities:color_blockLapis,染色 青金石块（淡灰色）,false
blockLapisGreen,1xtile.extrautils:color_blockLapis@2,ExtraUtilities:color_blockLapis,染色 青金石块（品红色）,false
blockLapisLightBlue,1xtile.extrautils:color_blockLapis@12,ExtraUtilities:color_blockLapis,染色 青金石块（棕色）,false
blockLapisLightGray,1xtile.extrautils:color_blockLapis@7,ExtraUtilities:color_blockLapis,染色 青金石块（灰色）,false
blockLapisLime,1xtile.extrautils:color_blockLapis@10,ExtraUtilities:color_blockLapis,染色 青金石块（紫色）,false
blockLapisMagenta,1xtile.extrautils:color_blockLapis@13,ExtraUtilities:color_blockLapis,染色 青金石块（绿色）,false
blockLapisOrange,1xtile.extrautils:color_blockLapis@14,ExtraUtilities:color_blockLapis,染色 青金石块（红色）,false
blockLapisPink,1xtile.extrautils:color_blockLapis@9,ExtraUtilities:color_blockLapis,染色 青金石块（青色）,false
blockLapisPurple,1xtile.extrautils:color_blockLapis@5,ExtraUtilities:color_blockLapis,染色 青金石块（黄绿色）,false
blockLapisRed,1xtile.extrautils:color_blockLapis@1,ExtraUtilities:color_blockLapis,染色 青金石块（橙色）,false
blockLapisWhite,1xtile.extrautils:color_blockLapis@15,ExtraUtilities:color_blockLapis,染色 青金石块（黑色）,false
blockLapisYellow,1xtile.extrautils:color_blockLapis@11,ExtraUtilities:color_blockLapis,染色 青金石块（蓝色）,false
blockLead,1xtile.thermalfoundation.storage@3,ThermalFoundation:Storage,铅块,false
blockLead,1xtile.ImmersiveEngineering.storage@2,ImmersiveEngineering:storage,铅块,false
blockLudicrite,1xtile.brMetal.0@4,BigReactors:BRMetalBlock,纯镥块,false
blockLumium,1xtile.thermalfoundation.storage@11,ThermalFoundation:Storage,流明块,false
blockMagicWood,1xtile.extrautils:decorativeBlock1@7,ExtraUtilities:decorativeBlock1,镶边石头（交替）,false
blockManyullyn,1xtile.tconstruct.metalblock@2,TConstruct:MetalBlock,玛玉灵块,false
blockMarble,1xtile.chisel.marble@0,chisel:marble,大理石,false
blockMarble,1xtile.projectred.exploration.stone@0,ProjRed|Exploration:projectred.exploration.stone,大理石,false
blockMeat,1xtile.mfr.decorative.brick@13,MineFactoryReloaded:brick,烤肉块,false
blockMeatRaw,1xtile.mfr.decorative.brick@12,MineFactoryReloaded:brick,生肉块,false
blockMelodicAlloy,1xtile.blockIngotStorageEndergy@2,EnderIO:blockIngotStorageEndergy,旋律合金块,false
blockMithril,1xtile.thermalfoundation.storage@6,ThermalFoundation:Storage,蕴魔秘银块,false
blockMossCarpet,1xtile.chisel.moss_carpet@0,chisel:moss_carpet,覆地苔藓,false
blockNickel,1xtile.thermalfoundation.storage@4,ThermalFoundation:Storage,镍块,false
blockNickel,1xtile.ImmersiveEngineering.storage@4,ImmersiveEngineering:storage,镍块,false
blockObsidian,1xtile.obsidian@0,minecraft:obsidian,黑曜石,false
blockPackedIce,1xtile.icePacked@0,minecraft:packed_ice,浮冰,false
blockPeridot,1xtile.projectred.exploration.stone@7,ProjRed|Exploration:projectred.exploration.stone,绿橄榄石块,false
blockPlastic,1xtile.mfr.plastic@0,MineFactoryReloaded:plastic,塑料块,false
blockPlatinum,1xtile.thermalfoundation.storage@5,ThermalFoundation:Storage,铂块,false
blockPokefennium,1xtile.solid.metal.block.blockFunStuff@1,ExtraTiC:blockFunStuff,铁血方块,false
blockPrismarine,1xtile.prismarine@32767,Botania:prismarine,(wildcard),true
blockPulsatingIron,1xtile.blockIngotStorage@5,EnderIO:blockIngotStorage,脉冲铁块,false
blockQuartz,1xtile.quartzBlock@0,minecraft:quartz_block,石英块,false
blockRed_aurum,1xtile.solid.metal.block.blockFunStuff@2,ExtraTiC:blockFunStuff,赤金方块,false
blockRedstone,1xtile.blockRedstone@0,minecraft:redstone_block,红石块,false
blockRedstone,1xtile.extrautils:color_blockRedstone@0,ExtraUtilities:color_blockRedstone,染色 红石块（白色）,false
blockRedstone,1xtile.extrautils:color_blockRedstone@1,ExtraUtilities:color_blockRedstone,染色 红石块（橙色）,false
blockRedstone,1xtile.extrautils:color_blockRedstone@2,ExtraUtilities:color_blockRedstone,染色 红石块（品红色）,false
blockRedstone,1xtile.extrautils:color_blockRedstone@3,ExtraUtilities:color_blockRedstone,染色 红石块（淡蓝色）,false
blockRedstone,1xtile.extrautils:color_blockRedstone@4,ExtraUtilities:color_blockRedstone,染色 红石块（黄色）,false
blockRedstone,1xtile.extrautils:color_blockRedstone@5,ExtraUtilities:color_blockRedstone,染色 红石块（黄绿色）,false
blockRedstone,1xtile.extrautils:color_blockRedstone@6,ExtraUtilities:color_blockRedstone,染色 红石块（粉色）,false
blockRedstone,1xtile.extrautils:color_blockRedstone@7,ExtraUtilities:color_blockRedstone,染色 红石块（灰色）,false
blockRedstone,1xtile.extrautils:color_blockRedstone@8,ExtraUtilities:color_blockRedstone,染色 红石块（淡灰色）,false
blockRedstone,1xtile.extrautils:color_blockRedstone@9,ExtraUtilities:color_blockRedstone,染色 红石块（青色）,false
blockRedstone,1xtile.extrautils:color_blockRedstone@10,ExtraUtilities:color_blockRedstone,染色 红石块（紫色）,false
blockRedstone,1xtile.extrautils:color_blockRedstone@11,ExtraUtilities:color_blockRedstone,染色 红石块（蓝色）,false
blockRedstone,1xtile.extrautils:color_blockRedstone@12,ExtraUtilities:color_blockRedstone,染色 红石块（棕色）,false
blockRedstone,1xtile.extrautils:color_blockRedstone@13,ExtraUtilities:color_blockRedstone,染色 红石块（绿色）,false
blockRedstone,1xtile.extrautils:color_blockRedstone@14,ExtraUtilities:color_blockRedstone,染色 红石块（红色）,false
blockRedstone,1xtile.extrautils:color_blockRedstone@15,ExtraUtilities:color_blockRedstone,染色 红石块（黑色）,false
blockRedstoneAlloy,1xtile.blockIngotStorage@3,EnderIO:blockIngotStorage,红石合金块,false
blockRedstoneBlack,1xtile.extrautils:color_blockRedstone@0,ExtraUtilities:color_blockRedstone,染色 红石块（白色）,false
blockRedstoneBlue,1xtile.extrautils:color_blockRedstone@4,ExtraUtilities:color_blockRedstone,染色 红石块（黄色）,false
blockRedstoneBrown,1xtile.extrautils:color_blockRedstone@3,ExtraUtilities:color_blockRedstone,染色 红石块（淡蓝色）,false
blockRedstoneCyan,1xtile.extrautils:color_blockRedstone@6,ExtraUtilities:color_blockRedstone,染色 红石块（粉色）,false
blockRedstoneGray,1xtile.extrautils:color_blockRedstone@8,ExtraUtilities:color_blockRedstone,染色 红石块（淡灰色）,false
blockRedstoneGreen,1xtile.extrautils:color_blockRedstone@2,ExtraUtilities:color_blockRedstone,染色 红石块（品红色）,false
blockRedstoneLightBlue,1xtile.extrautils:color_blockRedstone@12,ExtraUtilities:color_blockRedstone,染色 红石块（棕色）,false
blockRedstoneLightGray,1xtile.extrautils:color_blockRedstone@7,ExtraUtilities:color_blockRedstone,染色 红石块（灰色）,false
blockRedstoneLime,1xtile.extrautils:color_blockRedstone@10,ExtraUtilities:color_blockRedstone,染色 红石块（紫色）,false
blockRedstoneMagenta,1xtile.extrautils:color_blockRedstone@13,ExtraUtilities:color_blockRedstone,染色 红石块（绿色）,false
blockRedstoneOrange,1xtile.extrautils:color_blockRedstone@14,ExtraUtilities:color_blockRedstone,染色 红石块（红色）,false
blockRedstonePink,1xtile.extrautils:color_blockRedstone@9,ExtraUtilities:color_blockRedstone,染色 红石块（青色）,false
blockRedstonePurple,1xtile.extrautils:color_blockRedstone@5,ExtraUtilities:color_blockRedstone,染色 红石块（黄绿色）,false
blockRedstoneRed,1xtile.extrautils:color_blockRedstone@1,ExtraUtilities:color_blockRedstone,染色 红石块（橙色）,false
blockRedstoneWhite,1xtile.extrautils:color_blockRedstone@15,ExtraUtilities:color_blockRedstone,染色 红石块（黑色）,false
blockRedstoneYellow,1xtile.extrautils:color_blockRedstone@11,ExtraUtilities:color_blockRedstone,染色 红石块（蓝色）,false
blockRubber,1xtile.GlueBlock@0,TConstruct:GlueBlock,凝胶方块,false
blockRuby,1xtile.projectred.exploration.stone@5,ProjRed|Exploration:projectred.exploration.stone,红宝石块,false
blockSapphire,1xtile.projectred.exploration.stone@6,ProjRed|Exploration:projectred.exploration.stone,蓝宝石块,false
blockSignalum,1xtile.thermalfoundation.storage@10,ThermalFoundation:Storage,信素块,false
blockSilver,1xtile.thermalfoundation.storage@2,ThermalFoundation:Storage,银块,false
blockSilver,1xtile.ImmersiveEngineering.storage@3,ImmersiveEngineering:storage,银块,false
blockSilver,1xtile.projectred.exploration.stone@10,ProjRed|Exploration:projectred.exploration.stone,银块,false
blockSlime,1xtile.mfr.pinkslime.block@0,MineFactoryReloaded:pinkslime.block,粉色粘液块,false
blockSlimePink,1xtile.mfr.pinkslime.block@0,MineFactoryReloaded:pinkslime.block,粉色粘液块,false
blockSnow,1xtile.snow@0,minecraft:snow,雪,false
blockSoularium,1xtile.blockIngotStorage@7,EnderIO:blockIngotStorage,魂金块,false
blockStainedHardenedClay,1xtile.clayHardenedStained@32767,minecraft:stained_hardened_clay,(wildcard),true
blockSteel,1xtile.ImmersiveEngineering.storage@7,ImmersiveEngineering:storage,钢块,false
blockSteel,1xtile.tconstruct.metalblock@9,TConstruct:MetalBlock,钢块,false
blockStellarAlloy,1xtile.blockIngotStorageEndergy@3,EnderIO:blockIngotStorageEndergy,恒星合金块,false
blockTin,1xtile.thermalfoundation.storage@1,ThermalFoundation:Storage,锡块,false
blockTin,1xtile.tconstruct.metalblock@5,TConstruct:MetalBlock,锡块,false
blockTin,1xtile.projectred.exploration.stone@9,ProjRed|Exploration:projectred.exploration.stone,锡块,false
blockTorch,1xtile.torch@0,minecraft:torch,火把,false
blockTorch,1xtile.pamcandleDeco1@0,harvestcraft:pamcandleDeco1,白色蜡烛,false
blockTorch,1xtile.pamcandleDeco2@0,harvestcraft:pamcandleDeco2,橙色蜡烛,false
blockTorch,1xtile.pamcandleDeco3@0,harvestcraft:pamcandleDeco3,品红色蜡烛,false
blockTorch,1xtile.pamcandleDeco4@0,harvestcraft:pamcandleDeco4,淡蓝色蜡烛,false
blockTorch,1xtile.pamcandleDeco5@0,harvestcraft:pamcandleDeco5,黄色蜡烛,false
blockTorch,1xtile.pamcandleDeco6@0,harvestcraft:pamcandleDeco6,黄绿色蜡烛,false
blockTorch,1xtile.pamcandleDeco7@0,harvestcraft:pamcandleDeco7,粉色蜡烛,false
blockTorch,1xtile.pamcandleDeco8@0,harvestcraft:pamcandleDeco8,深灰色蜡烛,false
blockTorch,1xtile.pamcandleDeco9@0,harvestcraft:pamcandleDeco9,淡灰色蜡烛,false
blockTorch,1xtile.pamcandleDeco10@0,harvestcraft:pamcandleDeco10,青色蜡烛,false
blockTorch,1xtile.pamcandleDeco11@0,harvestcraft:pamcandleDeco11,紫色蜡烛,false
blockTorch,1xtile.pamcandleDeco12@0,harvestcraft:pamcandleDeco12,蓝色蜡烛,false
blockTorch,1xtile.pamcandleDeco13@0,harvestcraft:pamcandleDeco13,棕色蜡烛,false
blockTorch,1xtile.pamcandleDeco14@0,harvestcraft:pamcandleDeco14,绿色蜡烛,false
blockTorch,1xtile.pamcandleDeco15@0,harvestcraft:pamcandleDeco15,红色蜡烛,false
blockTorch,1xtile.pamcandleDeco16@0,harvestcraft:pamcandleDeco16,黑色蜡烛,false
blockUnstable,1xtile.extrautils:decorativeBlock1@5,ExtraUtilities:decorativeBlock1,不稳定金属方块,false
blockVibrantAlloy,1xtile.blockIngotStorage@2,EnderIO:blockIngotStorage,脉冲合金块,false
blockVividAlloy,1xtile.blockIngotStorageEndergy@6,EnderIO:blockIngotStorageEndergy,生动合金块,false
blockWaterstone,1xtile.chisel.waterstone@0,chisel:waterstone,水磨石,false
blockWool,1xtile.cloth@32767,minecraft:wool,(wildcard),true
blockWoolBlack,1xtile.cloth@15,minecraft:wool,黑色羊毛,false
blockWoolBlue,1xtile.cloth@11,minecraft:wool,蓝色羊毛,false
blockWoolBrown,1xtile.cloth@12,minecraft:wool,棕色羊毛,false
blockWoolCyan,1xtile.cloth@9,minecraft:wool,青色羊毛,false
blockWoolGray,1xtile.cloth@7,minecraft:wool,灰色羊毛,false
blockWoolGreen,1xtile.cloth@13,minecraft:wool,绿色羊毛,false
blockWoolLightBlue,1xtile.cloth@3,minecraft:wool,淡蓝色羊毛,false
blockWoolLightGray,1xtile.cloth@8,minecraft:wool,淡灰色羊毛,false
blockWoolLime,1xtile.cloth@5,minecraft:wool,黄绿色羊毛,false
blockWoolMagenta,1xtile.cloth@2,minecraft:wool,品红色羊毛,false
blockWoolOrange,1xtile.cloth@1,minecraft:wool,橙色羊毛,false
blockWoolPink,1xtile.cloth@6,minecraft:wool,粉红色羊毛,false
blockWoolPurple,1xtile.cloth@10,minecraft:wool,紫色羊毛,false
blockWoolRed,1xtile.cloth@14,minecraft:wool,红色羊毛,false
blockWoolWhite,1xtile.cloth@0,minecraft:wool,羊毛,false
blockWoolYellow,1xtile.cloth@4,minecraft:wool,黄色羊毛,false
blockYellorium,1xtile.brMetal.0@0,BigReactors:BRMetalBlock,黄铀块,false
blueslimeRod,1xitem.tconstruct.ToolRod@17,TConstruct:toolRod,史莱姆手柄,false
boneRod,1xitem.tconstruct.ToolRod@5,TConstruct:toolRod,骨头手柄,false
brDeviceCyaniteProcessor,1xtile.blockBRDevice.0@0,BigReactors:BRDevice,蓝晶再加工机,false
bricksClay,1xtile.extrautils:color_brick@0,ExtraUtilities:color_brick,染色 砖块（白色）,false
bricksClay,1xtile.extrautils:color_brick@1,ExtraUtilities:color_brick,染色 砖块（橙色）,false
bricksClay,1xtile.extrautils:color_brick@2,ExtraUtilities:color_brick,染色 砖块（品红色）,false
bricksClay,1xtile.extrautils:color_brick@3,ExtraUtilities:color_brick,染色 砖块（淡蓝色）,false
bricksClay,1xtile.extrautils:color_brick@4,ExtraUtilities:color_brick,染色 砖块（黄色）,false
bricksClay,1xtile.extrautils:color_brick@5,ExtraUtilities:color_brick,染色 砖块（黄绿色）,false
bricksClay,1xtile.extrautils:color_brick@6,ExtraUtilities:color_brick,染色 砖块（粉色）,false
bricksClay,1xtile.extrautils:color_brick@7,ExtraUtilities:color_brick,染色 砖块（灰色）,false
bricksClay,1xtile.extrautils:color_brick@8,ExtraUtilities:color_brick,染色 砖块（淡灰色）,false
bricksClay,1xtile.extrautils:color_brick@9,ExtraUtilities:color_brick,染色 砖块（青色）,false
bricksClay,1xtile.extrautils:color_brick@10,ExtraUtilities:color_brick,染色 砖块（紫色）,false
bricksClay,1xtile.extrautils:color_brick@11,ExtraUtilities:color_brick,染色 砖块（蓝色）,false
bricksClay,1xtile.extrautils:color_brick@12,ExtraUtilities:color_brick,染色 砖块（棕色）,false
bricksClay,1xtile.extrautils:color_brick@13,ExtraUtilities:color_brick,染色 砖块（绿色）,false
bricksClay,1xtile.extrautils:color_brick@14,ExtraUtilities:color_brick,染色 砖块（红色）,false
bricksClay,1xtile.extrautils:color_brick@15,ExtraUtilities:color_brick,染色 砖块（黑色）,false
bricksClayBlack,1xtile.extrautils:color_brick@0,ExtraUtilities:color_brick,染色 砖块（白色）,false
bricksClayBlue,1xtile.extrautils:color_brick@4,ExtraUtilities:color_brick,染色 砖块（黄色）,false
bricksClayBrown,1xtile.extrautils:color_brick@3,ExtraUtilities:color_brick,染色 砖块（淡蓝色）,false
bricksClayCyan,1xtile.extrautils:color_brick@6,ExtraUtilities:color_brick,染色 砖块（粉色）,false
bricksClayGray,1xtile.extrautils:color_brick@8,ExtraUtilities:color_brick,染色 砖块（淡灰色）,false
bricksClayGreen,1xtile.extrautils:color_brick@2,ExtraUtilities:color_brick,染色 砖块（品红色）,false
bricksClayLightBlue,1xtile.extrautils:color_brick@12,ExtraUtilities:color_brick,染色 砖块（棕色）,false
bricksClayLightGray,1xtile.extrautils:color_brick@7,ExtraUtilities:color_brick,染色 砖块（灰色）,false
bricksClayLime,1xtile.extrautils:color_brick@10,ExtraUtilities:color_brick,染色 砖块（紫色）,false
bricksClayMagenta,1xtile.extrautils:color_brick@13,ExtraUtilities:color_brick,染色 砖块（绿色）,false
bricksClayOrange,1xtile.extrautils:color_brick@14,ExtraUtilities:color_brick,染色 砖块（红色）,false
bricksClayPink,1xtile.extrautils:color_brick@9,ExtraUtilities:color_brick,染色 砖块（青色）,false
bricksClayPurple,1xtile.extrautils:color_brick@5,ExtraUtilities:color_brick,染色 砖块（黄绿色）,false
bricksClayRed,1xtile.extrautils:color_brick@1,ExtraUtilities:color_brick,染色 砖块（橙色）,false
bricksClayWhite,1xtile.extrautils:color_brick@15,ExtraUtilities:color_brick,染色 砖块（黑色）,false
bricksClayYellow,1xtile.extrautils:color_brick@11,ExtraUtilities:color_brick,染色 砖块（蓝色）,false
bricksGravel,1xtile.extrautils:decorativeBlock1@6,ExtraUtilities:decorativeBlock1,沙砾砖块,false
bricksStone,1xtile.extrautils:colorStoneBrick@0,ExtraUtilities:colorStoneBrick,染色 石砖（白色）,false
bricksStone,1xtile.extrautils:colorStoneBrick@1,ExtraUtilities:colorStoneBrick,染色 石砖（橙色）,false
bricksStone,1xtile.extrautils:colorStoneBrick@2,ExtraUtilities:colorStoneBrick,染色 石砖（品红色）,false
bricksStone,1xtile.extrautils:colorStoneBrick@3,ExtraUtilities:colorStoneBrick,染色 石砖（淡蓝色）,false
bricksStone,1xtile.extrautils:colorStoneBrick@4,ExtraUtilities:colorStoneBrick,染色 石砖（黄色）,false
bricksStone,1xtile.extrautils:colorStoneBrick@5,ExtraUtilities:colorStoneBrick,染色 石砖（黄绿色）,false
bricksStone,1xtile.extrautils:colorStoneBrick@6,ExtraUtilities:colorStoneBrick,染色 石砖（粉色）,false
bricksStone,1xtile.extrautils:colorStoneBrick@7,ExtraUtilities:colorStoneBrick,染色 石砖（灰色）,false
bricksStone,1xtile.extrautils:colorStoneBrick@8,ExtraUtilities:colorStoneBrick,染色 石砖（淡灰色）,false
bricksStone,1xtile.extrautils:colorStoneBrick@9,ExtraUtilities:colorStoneBrick,染色 石砖（青色）,false
bricksStone,1xtile.extrautils:colorStoneBrick@10,ExtraUtilities:colorStoneBrick,染色 石砖（紫色）,false
bricksStone,1xtile.extrautils:colorStoneBrick@11,ExtraUtilities:colorStoneBrick,染色 石砖（蓝色）,false
bricksStone,1xtile.extrautils:colorStoneBrick@12,ExtraUtilities:colorStoneBrick,染色 石砖（棕色）,false
bricksStone,1xtile.extrautils:colorStoneBrick@13,ExtraUtilities:colorStoneBrick,染色 石砖（绿色）,false
bricksStone,1xtile.extrautils:colorStoneBrick@14,ExtraUtilities:colorStoneBrick,染色 石砖（红色）,false
bricksStone,1xtile.extrautils:colorStoneBrick@15,ExtraUtilities:colorStoneBrick,染色 石砖（黑色）,false
bricksStone,1xtile.stonebricksmooth@0,minecraft:stonebrick,石砖,false
bricksStoneBlack,1xtile.extrautils:colorStoneBrick@0,ExtraUtilities:colorStoneBrick,染色 石砖（白色）,false
bricksStoneBlue,1xtile.extrautils:colorStoneBrick@4,ExtraUtilities:colorStoneBrick,染色 石砖（黄色）,false
bricksStoneBrown,1xtile.extrautils:colorStoneBrick@3,ExtraUtilities:colorStoneBrick,染色 石砖（淡蓝色）,false
bricksStoneCyan,1xtile.extrautils:colorStoneBrick@6,ExtraUtilities:colorStoneBrick,染色 石砖（粉色）,false
bricksStoneGray,1xtile.extrautils:colorStoneBrick@8,ExtraUtilities:colorStoneBrick,染色 石砖（淡灰色）,false
bricksStoneGreen,1xtile.extrautils:colorStoneBrick@2,ExtraUtilities:colorStoneBrick,染色 石砖（品红色）,false
bricksStoneLightBlue,1xtile.extrautils:colorStoneBrick@12,ExtraUtilities:colorStoneBrick,染色 石砖（棕色）,false
bricksStoneLightGray,1xtile.extrautils:colorStoneBrick@7,ExtraUtilities:colorStoneBrick,染色 石砖（灰色）,false
bricksStoneLime,1xtile.extrautils:colorStoneBrick@10,ExtraUtilities:colorStoneBrick,染色 石砖（紫色）,false
bricksStoneMagenta,1xtile.extrautils:colorStoneBrick@13,ExtraUtilities:colorStoneBrick,染色 石砖（绿色）,false
bricksStoneOrange,1xtile.extrautils:colorStoneBrick@14,ExtraUtilities:colorStoneBrick,染色 石砖（红色）,false
bricksStonePink,1xtile.extrautils:colorStoneBrick@9,ExtraUtilities:colorStoneBrick,染色 石砖（青色）,false
bricksStonePurple,1xtile.extrautils:colorStoneBrick@5,ExtraUtilities:colorStoneBrick,染色 石砖（黄绿色）,false
bricksStoneRed,1xtile.extrautils:colorStoneBrick@1,ExtraUtilities:colorStoneBrick,染色 石砖（橙色）,false
bricksStoneWhite,1xtile.extrautils:colorStoneBrick@15,ExtraUtilities:colorStoneBrick,染色 石砖（黑色）,false
bricksStoneYellow,1xtile.extrautils:colorStoneBrick@11,ExtraUtilities:colorStoneBrick,染色 石砖（蓝色）,false
bronzeRod,1xitem.tconstruct.ToolRod@14,TConstruct:toolRod,青铜手柄,false
bucketAerotheum,1xitem.thermalfoundation.bucket@7,ThermalFoundation:bucket,和谐之空气桶,false
bucketCoal,1xitem.thermalfoundation.bucket@6,ThermalFoundation:bucket,液态煤炭桶,false
bucketCryotheum,1xitem.thermalfoundation.bucket@4,ThermalFoundation:bucket,极寒之凛冰桶,false
bucketEnder,1xitem.thermalfoundation.bucket@2,ThermalFoundation:bucket,谐振熔融末影珍珠桶,false
bucketGlowstone,1xitem.thermalfoundation.bucket@1,ThermalFoundation:bucket,充能熔融荧石桶,false
bucketPetrotheum,1xitem.thermalfoundation.bucket@8,ThermalFoundation:bucket,构造之地岩桶,false
bucketPyrotheum,1xitem.thermalfoundation.bucket@3,ThermalFoundation:bucket,烈焰之炽焱桶,false
bucketRedstone,1xitem.thermalfoundation.bucket@0,ThermalFoundation:bucket,不稳定熔融红石桶,false
burntQuartz,1xtile.extrautils:decorativeBlock1@2,ExtraUtilities:decorativeBlock1,焦黑石英,false
cableRedNet,1xtile.mfr.cable.redstone@0,MineFactoryReloaded:cable.redstone,红石线缆,false
cableRedNet,1xtile.mfr.cable.redstone@1,MineFactoryReloaded:cable.redstone,红石线缆,false
cableRedNetEnergy,1xtile.mfr.cable.redstone@2,MineFactoryReloaded:cable.redstone,红石能量线缆,false
cableRedNetEnergy,1xtile.mfr.cable.redstone@3,MineFactoryReloaded:cable.redstone,红石能量线缆,false
cactusRod,1xitem.tconstruct.ToolRod@4,TConstruct:toolRod,仙人掌手柄,false
capacitorAdvanced,1xitem.itemBasicCapacitor@1,EnderIO:itemBasicCapacitor,双层电容,false
capacitorAdvanced,1xitem.itemBasicCapacitor@8,EnderIO:itemBasicCapacitor,充能银电容,false
capacitorBasic,1xitem.itemBasicCapacitor@0,EnderIO:itemBasicCapacitor,基础电容,false
capacitorBasic,1xitem.itemBasicCapacitor@7,EnderIO:itemBasicCapacitor,银制电容,false
capacitorCrystalline,1xitem.itemBasicCapacitor@3,EnderIO:itemBasicCapacitor,晶化合金电容,false
capacitorEnder,1xitem.itemBasicCapacitor@2,EnderIO:itemBasicCapacitor,八位电容,false
capacitorEnder,1xitem.itemBasicCapacitor@9,EnderIO:itemBasicCapacitor,生动合金电容,false
capacitorMelodic,1xitem.itemBasicCapacitor@4,EnderIO:itemBasicCapacitor,旋律合金电容,false
capacitorStellar,1xitem.itemBasicCapacitor@5,EnderIO:itemBasicCapacitor,恒星合金电容,false
capacitorTotemic,1xitem.itemBasicCapacitor@6,EnderIO:itemBasicCapacitor,不死图腾电容,false
carpet,1xtile.chisel.carpet@0,chisel:carpet,地毯,false
charcoal,1xitem.coal@1,minecraft:coal,木炭,false
chestWood,1xtile.chest@0,minecraft:chest,箱子,false
clothManaweave,1xitem.manaResource@22,Botania:manaResource,魔源布匹,false
cloud,1xtile.chisel.cloud@0,chisel:cloud,云朵,false
coal,1xitem.coal@0,minecraft:coal,煤炭,false
cobaltRod,1xitem.tconstruct.ToolRod@10,TConstruct:toolRod,钴手柄,false
cobblestone,1xtile.stonebrick@0,minecraft:cobblestone,圆石,false
cobblestone,1xtile.extrautils:color_stonebrick@0,ExtraUtilities:color_stonebrick,染色 圆石（白色）,false
cobblestone,1xtile.extrautils:color_stonebrick@1,ExtraUtilities:color_stonebrick,染色 圆石（橙色）,false
cobblestone,1xtile.extrautils:color_stonebrick@2,ExtraUtilities:color_stonebrick,染色 圆石（品红色）,false
cobblestone,1xtile.extrautils:color_stonebrick@3,ExtraUtilities:color_stonebrick,染色 圆石（淡蓝色）,false
cobblestone,1xtile.extrautils:color_stonebrick@4,ExtraUtilities:color_stonebrick,染色 圆石（黄色）,false
cobblestone,1xtile.extrautils:color_stonebrick@5,ExtraUtilities:color_stonebrick,染色 圆石（黄绿色）,false
cobblestone,1xtile.extrautils:color_stonebrick@6,ExtraUtilities:color_stonebrick,染色 圆石（粉色）,false
cobblestone,1xtile.extrautils:color_stonebrick@7,ExtraUtilities:color_stonebrick,染色 圆石（灰色）,false
cobblestone,1xtile.extrautils:color_stonebrick@8,ExtraUtilities:color_stonebrick,染色 圆石（淡灰色）,false
cobblestone,1xtile.extrautils:color_stonebrick@9,ExtraUtilities:color_stonebrick,染色 圆石（青色）,false
cobblestone,1xtile.extrautils:color_stonebrick@10,ExtraUtilities:color_stonebrick,染色 圆石（紫色）,false
cobblestone,1xtile.extrautils:color_stonebrick@11,ExtraUtilities:color_stonebrick,染色 圆石（蓝色）,false
cobblestone,1xtile.extrautils:color_stonebrick@12,ExtraUtilities:color_stonebrick,染色 圆石（棕色）,false
cobblestone,1xtile.extrautils:color_stonebrick@13,ExtraUtilities:color_stonebrick,染色 圆石（绿色）,false
cobblestone,1xtile.extrautils:color_stonebrick@14,ExtraUtilities:color_stonebrick,染色 圆石（红色）,false
cobblestone,1xtile.extrautils:color_stonebrick@15,ExtraUtilities:color_stonebrick,染色 圆石（黑色）,false
cobblestone,1xtile.mfr.decorative.stone@2,MineFactoryReloaded:stone,黑岩圆石,false
cobblestone,1xtile.mfr.decorative.stone@3,MineFactoryReloaded:stone,白岩圆石,false
cobblestoneBlack,1xtile.extrautils:color_stonebrick@0,ExtraUtilities:color_stonebrick,染色 圆石（白色）,false
cobblestoneBlue,1xtile.extrautils:color_stonebrick@4,ExtraUtilities:color_stonebrick,染色 圆石（黄色）,false
cobblestoneBrown,1xtile.extrautils:color_stonebrick@3,ExtraUtilities:color_stonebrick,染色 圆石（淡蓝色）,false
cobblestoneCyan,1xtile.extrautils:color_stonebrick@6,ExtraUtilities:color_stonebrick,染色 圆石（粉色）,false
cobblestoneGray,1xtile.extrautils:color_stonebrick@8,ExtraUtilities:color_stonebrick,染色 圆石（淡灰色）,false
cobblestoneGreen,1xtile.extrautils:color_stonebrick@2,ExtraUtilities:color_stonebrick,染色 圆石（品红色）,false
cobblestoneLightBlue,1xtile.extrautils:color_stonebrick@12,ExtraUtilities:color_stonebrick,染色 圆石（棕色）,false
cobblestoneLightGray,1xtile.extrautils:color_stonebrick@7,ExtraUtilities:color_stonebrick,染色 圆石（灰色）,false
cobblestoneLime,1xtile.extrautils:color_stonebrick@10,ExtraUtilities:color_stonebrick,染色 圆石（紫色）,false
cobblestoneMagenta,1xtile.extrautils:color_stonebrick@13,ExtraUtilities:color_stonebrick,染色 圆石（绿色）,false
cobblestoneOrange,1xtile.extrautils:color_stonebrick@14,ExtraUtilities:color_stonebrick,染色 圆石（红色）,false
cobblestonePink,1xtile.extrautils:color_stonebrick@9,ExtraUtilities:color_stonebrick,染色 圆石（青色）,false
cobblestonePurple,1xtile.extrautils:color_stonebrick@5,ExtraUtilities:color_stonebrick,染色 圆石（黄绿色）,false
cobblestoneRed,1xtile.extrautils:color_stonebrick@1,ExtraUtilities:color_stonebrick,染色 圆石（橙色）,false
cobblestoneWhite,1xtile.extrautils:color_stonebrick@15,ExtraUtilities:color_stonebrick,染色 圆石（黑色）,false
cobblestoneYellow,1xtile.extrautils:color_stonebrick@11,ExtraUtilities:color_stonebrick,染色 圆石（蓝色）,false
compressedCobblestone1x,1xtile.extrautils:cobblestone_compressed@0,ExtraUtilities:cobblestone_compressed,压缩圆石,false
compressedCobblestone2x,1xtile.extrautils:cobblestone_compressed@1,ExtraUtilities:cobblestone_compressed,二重压缩圆石,false
compressedCobblestone3x,1xtile.extrautils:cobblestone_compressed@2,ExtraUtilities:cobblestone_compressed,三重压缩圆石,false
compressedCobblestone4x,1xtile.extrautils:cobblestone_compressed@3,ExtraUtilities:cobblestone_compressed,四重压缩圆石,false
compressedCobblestone5x,1xtile.extrautils:cobblestone_compressed@4,ExtraUtilities:cobblestone_compressed,五重压缩圆石,false
compressedCobblestone6x,1xtile.extrautils:cobblestone_compressed@5,ExtraUtilities:cobblestone_compressed,六重压缩圆石,false
compressedCobblestone7x,1xtile.extrautils:cobblestone_compressed@6,ExtraUtilities:cobblestone_compressed,七重压缩圆石,false
compressedCobblestone8x,1xtile.extrautils:cobblestone_compressed@7,ExtraUtilities:cobblestone_compressed,八重压缩圆石,false
compressedDirt1x,1xtile.extrautils:cobblestone_compressed@8,ExtraUtilities:cobblestone_compressed,压缩泥土,false
compressedDirt2x,1xtile.extrautils:cobblestone_compressed@9,ExtraUtilities:cobblestone_compressed,二重压缩泥土,false
compressedDirt3x,1xtile.extrautils:cobblestone_compressed@10,ExtraUtilities:cobblestone_compressed,三重压缩泥土,false
compressedDirt4x,1xtile.extrautils:cobblestone_compressed@11,ExtraUtilities:cobblestone_compressed,四重压缩泥土,false
compressedGravel1x,1xtile.extrautils:cobblestone_compressed@12,ExtraUtilities:cobblestone_compressed,压缩沙砾,false
compressedGravel2x,1xtile.extrautils:cobblestone_compressed@13,ExtraUtilities:cobblestone_compressed,二重压缩沙砾,false
compressedSand1x,1xtile.extrautils:cobblestone_compressed@14,ExtraUtilities:cobblestone_compressed,压缩沙子,false
compressedSand2x,1xtile.extrautils:cobblestone_compressed@15,ExtraUtilities:cobblestone_compressed,二重压缩沙子,false
concrete,1xtile.chisel.concrete@0,chisel:concrete,混凝土,false
concrete,1xtile.ImmersiveEngineering.stoneDecoration@4,ImmersiveEngineering:stoneDecoration,混凝土,false
concrete,1xtile.ImmersiveEngineering.stoneDecoration@5,ImmersiveEngineering:stoneDecoration,混凝土砖,false
copperRod,1xitem.tconstruct.ToolRod@13,TConstruct:toolRod,铜手柄,false
crafterWood,1xtile.workbench@0,minecraft:crafting_table,工作台,false
craftingTableWood,1xtile.workbench@0,minecraft:crafting_table,工作台,false
cropAlmond,1xitem.almondItem@0,harvestcraft:almondItem,扁桃,false
cropApple,1xitem.apple@0,minecraft:apple,苹果,false
cropApricot,1xitem.apricotItem@0,harvestcraft:apricotItem,杏子,false
cropArtichoke,1xitem.artichokeItem@0,harvestcraft:artichokeItem,朝鲜蓟,false
cropAsparagus,1xitem.asparagusItem@0,harvestcraft:asparagusItem,芦笋,false
cropAvocado,1xitem.avocadoItem@0,harvestcraft:avocadoItem,鳄梨,false
cropBambooshoot,1xitem.bambooshootItem@0,harvestcraft:bambooshootItem,竹笋,false
cropBanana,1xitem.bananaItem@0,harvestcraft:bananaItem,香蕉,false
cropBarley,1xitem.barleyItem@0,harvestcraft:barleyItem,大麦,false
cropBean,1xitem.beanItem@0,harvestcraft:beanItem,大豆,false
cropBeet,1xitem.beetItem@0,harvestcraft:beetItem,甜菜,false
cropBeetroot,1xitem.beetItem@0,harvestcraft:beetItem,甜菜,false
cropBellpepper,1xitem.bellpepperItem@0,harvestcraft:bellpepperItem,甜椒,false
cropBlackberry,1xitem.blackberryItem@0,harvestcraft:blackberryItem,黑莓,false
cropBlueberry,1xitem.blueberryItem@0,harvestcraft:blueberryItem,蓝莓,false
cropBroccoli,1xitem.broccoliItem@0,harvestcraft:broccoliItem,西兰花,false
cropBrusselsprout,1xitem.brusselsproutItem@0,harvestcraft:brusselsproutItem,芽甘蓝,false
cropCabbage,1xitem.cabbageItem@0,harvestcraft:cabbageItem,卷心菜,false
cropCactus,1xtile.cactus@0,minecraft:cactus,仙人掌,false
cropCactusfruit,1xitem.cactusfruitItem@0,harvestcraft:cactusfruitItem,仙人掌果,false
cropCandle,1xitem.candleberryItem@0,harvestcraft:candleberryItem,蜡杨梅,false
cropCandleberry,1xitem.candleberryItem@0,harvestcraft:candleberryItem,蜡杨梅,false
cropCantaloupe,1xitem.cantaloupeItem@0,harvestcraft:cantaloupeItem,哈密瓜,false
cropCarrot,1xitem.carrots@0,minecraft:carrot,胡萝卜,false
cropCashew,1xitem.cashewItem@0,harvestcraft:cashewItem,腰果,false
cropCauliflower,1xitem.cauliflowerItem@0,harvestcraft:cauliflowerItem,花椰菜,false
cropCelery,1xitem.celeryItem@0,harvestcraft:celeryItem,芹菜,false
cropCherry,1xitem.cherryItem@0,harvestcraft:cherryItem,樱桃,false
cropChestnut,1xitem.chestnutItem@0,harvestcraft:chestnutItem,栗子,false
cropChilipepper,1xitem.chilipepperItem@0,harvestcraft:chilipepperItem,辣椒,false
cropCinnamon,1xitem.cinnamonItem@0,harvestcraft:cinnamonItem,肉桂,false
cropCoconut,1xitem.coconutItem@0,harvestcraft:coconutItem,椰子,false
cropCoffee,1xitem.coffeebeanItem@0,harvestcraft:coffeebeanItem,咖啡豆,false
cropCorn,1xitem.cornItem@0,harvestcraft:cornItem,玉米,false
cropCotton,1xitem.cottonItem@0,harvestcraft:cottonItem,棉花,false
cropCranberry,1xitem.cranberryItem@0,harvestcraft:cranberryItem,蔓越莓,false
cropCucumber,1xitem.cucumberItem@0,harvestcraft:cucumberItem,黄瓜,false
cropCurryleaf,1xitem.curryleafItem@0,harvestcraft:curryleafItem,咖哩叶,false
cropDate,1xitem.dateItem@0,harvestcraft:dateItem,枣椰,false
cropDragonfruit,1xitem.dragonfruitItem@0,harvestcraft:dragonfruitItem,火龙果,false
cropDurian,1xitem.durianItem@0,harvestcraft:durianItem,榴莲,false
cropEdibleroot,1xitem.ediblerootItem@0,harvestcraft:ediblerootItem,食用块茎,false
cropEggplant,1xitem.eggplantItem@0,harvestcraft:eggplantItem,茄子,false
cropFig,1xitem.figItem@0,harvestcraft:figItem,无花果,false
cropGarlic,1xitem.garlicItem@0,harvestcraft:garlicItem,大蒜,false
cropGinger,1xitem.gingerItem@0,harvestcraft:gingerItem,姜,false
cropGooseberry,1xitem.gooseberryItem@0,harvestcraft:gooseberryItem,醋栗,false
cropGrape,1xitem.grapeItem@0,harvestcraft:grapeItem,葡萄,false
cropGrapefruit,1xitem.grapefruitItem@0,harvestcraft:grapefruitItem,西柚,false
cropKiwi,1xitem.kiwiItem@0,harvestcraft:kiwiItem,猕猴桃,false
cropLeek,1xitem.leekItem@0,harvestcraft:leekItem,韭葱,false
cropLemon,1xitem.lemonItem@0,harvestcraft:lemonItem,柠檬,false
cropLettuce,1xitem.lettuceItem@0,harvestcraft:lettuceItem,生菜,false
cropLime,1xitem.limeItem@0,harvestcraft:limeItem,酸橙,false
cropMango,1xitem.mangoItem@0,harvestcraft:mangoItem,芒果,false
cropMaplesyrup,1xitem.maplesyrupItem@0,harvestcraft:maplesyrupItem,枫树糖浆,false
cropMushroomBrown,1xtile.mushroom@0,minecraft:brown_mushroom,蘑菇,false
cropMushroomRed,1xtile.mushroom@0,minecraft:red_mushroom,蘑菇,false
cropMustard,1xitem.mustardseedsItem@0,harvestcraft:mustardseedsItem,芥末种子,false
cropNutmeg,1xitem.nutmegItem@0,harvestcraft:nutmegItem,肉豆蔻,false
cropOats,1xitem.oatsItem@0,harvestcraft:oatsItem,燕麦,false
cropOkra,1xitem.okraItem@0,harvestcraft:okraItem,秋葵,false
cropOlive,1xitem.oliveItem@0,harvestcraft:oliveItem,橄榄,false
cropOnion,1xitem.onionItem@0,harvestcraft:onionItem,洋葱,false
cropOrange,1xitem.orangeItem@0,harvestcraft:orangeItem,橙子,false
cropPapaya,1xitem.papayaItem@0,harvestcraft:papayaItem,木瓜,false
cropParsnip,1xitem.parsnipItem@0,harvestcraft:parsnipItem,防风草,false
cropPeach,1xitem.peachItem@0,harvestcraft:peachItem,桃子,false
cropPeanut,1xitem.peanutItem@0,harvestcraft:peanutItem,花生,false
cropPear,1xitem.pearItem@0,harvestcraft:pearItem,梨,false
cropPeas,1xitem.peasItem@0,harvestcraft:peasItem,豌豆,false
cropPecan,1xitem.pecanItem@0,harvestcraft:pecanItem,山核桃,false
cropPeppercorn,1xitem.peppercornItem@0,harvestcraft:peppercornItem,胡椒,false
cropPersimmon,1xitem.persimmonItem@0,harvestcraft:persimmonItem,柿子,false
cropPineapple,1xitem.pineappleItem@0,harvestcraft:pineappleItem,菠萝,false
cropPistachio,1xitem.pistachioItem@0,harvestcraft:pistachioItem,开心果,false
cropPlum,1xitem.plumItem@0,harvestcraft:plumItem,李子,false
cropPomegranate,1xitem.pomegranateItem@0,harvestcraft:pomegranateItem,石榴,false
cropPotato,1xitem.potato@0,minecraft:potato,马铃薯,false
cropPumpkin,1xtile.pumpkin@0,minecraft:pumpkin,南瓜,false
cropRadish,1xitem.radishItem@0,harvestcraft:radishItem,小红萝卜,false
cropRaspberry,1xitem.raspberryItem@0,harvestcraft:raspberryItem,树莓,false
cropRhubarb,1xitem.rhubarbItem@0,harvestcraft:rhubarbItem,大黄,false
cropRice,1xitem.riceItem@0,harvestcraft:riceItem,水稻,false
cropRutabaga,1xitem.rutabagaItem@0,harvestcraft:rutabagaItem,芜菁甘蓝,false
cropRye,1xitem.ryeItem@0,harvestcraft:ryeItem,黑麦,false
cropScallion,1xitem.scallionItem@0,harvestcraft:scallionItem,青葱,false
cropSeaweed,1xitem.seaweedItem@0,harvestcraft:seaweedItem,海带,false
cropSesame,1xitem.sesameseedsItem@0,harvestcraft:sesameseedsItem,芝麻,false
cropSoybean,1xitem.soybeanItem@0,harvestcraft:soybeanItem,黄豆,false
cropSpiceleaf,1xitem.spiceleafItem@0,harvestcraft:spiceleafItem,香料叶,false
cropSpinach,1xitem.spinachItem@0,harvestcraft:spinachItem,菠菜,false
cropStarfruit,1xitem.starfruitItem@0,harvestcraft:starfruitItem,杨桃,false
cropStrawberry,1xitem.strawberryItem@0,harvestcraft:strawberryItem,草莓,false
cropSunflower,1xitem.sunflowerseedsItem@0,harvestcraft:sunflowerseedsItem,瓜子,false
cropSweetpotato,1xitem.sweetpotatoItem@0,harvestcraft:sweetpotatoItem,红薯,false
cropTea,1xitem.tealeafItem@0,harvestcraft:tealeafItem,茶叶,false
cropTomato,1xitem.tomatoItem@0,harvestcraft:tomatoItem,番茄,false
cropTurnip,1xitem.turnipItem@0,harvestcraft:turnipItem,芜菁,false
cropVanillabean,1xitem.vanillabeanItem@0,harvestcraft:vanillabeanItem,香草豆荚,false
cropWalnut,1xitem.walnutItem@0,harvestcraft:walnutItem,核桃,false
cropWaterchestnut,1xitem.waterchestnutItem@0,harvestcraft:waterchestnutItem,荸荠,false
cropWheat,1xitem.wheat@0,minecraft:wheat,小麦,false
cropWhitemushroom,1xitem.whitemushroomItem@0,harvestcraft:whitemushroomItem,白蘑菇,false
cropWintersquash,1xitem.wintersquashItem@0,harvestcraft:wintersquashItem,冬南瓜,false
cropZucchini,1xitem.zucchiniItem@0,harvestcraft:zucchiniItem,西葫芦,false
crucioMaterial,1xitem.AluminiumEssence@0,magicalcrops:AluminiumEssence,铝原质,false
crucioMaterial,1xitem.CopperEssence@0,magicalcrops:CopperEssence,铜原质,false
crucioMaterial,1xitem.CertusQuartzEssence@0,magicalcrops:CertusQuartzEssence,赛特斯石英原质,false
crucioMaterial,1xitem.LeadEssence@0,magicalcrops:LeadEssence,铅原质,false
crucioMaterial,1xitem.TinEssence@0,magicalcrops:TinEssence,锡原质,false
crucioMaterial,1xitem.SulfurEssence@0,magicalcrops:SulfurEssence,硫原质,false
crucioMaterial,1xitem.BronzeEssence@0,magicalcrops:BronzeEssence,青铜原质,false
crucioMaterial,1xitem.ManasteelEssence@0,magicalcrops:ManasteelEssence,Manasteel原质,false
crucioMaterial,1xitem.SaltpeterEssence@0,magicalcrops:SaltpeterEssence,硝石原质,false
crucioMaterial,1xitem.RedstoneAlloyEssence@0,magicalcrops:RedstoneAlloyEssence,红石合金原质,false
crucioMaterial,1xitem.RedstoneEssence@0,magicalcrops:RedstoneEssence,红石原质,false
crucioMaterial,1xitem.GlowstoneEssence@0,magicalcrops:GlowstoneEssence,萤石原质,false
crucioMaterial,1xitem.ObsidianEssence@0,magicalcrops:ObsidianEssence,黑曜石原质,false
crucioMaterial,1xitem.NetherEssence@0,magicalcrops:NetherEssence,下届原质,false
crucioMaterial,1xitem.CowEssence@0,magicalcrops:CowEssence,牛原质,false
crucioMaterial,1xitem.PigEssence@0,magicalcrops:PigEssence,猪原质,false
crucioMaterial,1xitem.ChickenEssence@0,magicalcrops:ChickenEssence,鸡原质,false
crucioMaterial,1xitem.SheepEssence@0,magicalcrops:SheepEssence,羊原质,false
crystalCertusQuartz,1xitem.appliedenergistics2.ItemMaterial@0,appliedenergistics2:item.ItemMultiMaterial,赛特斯石英水晶,false
crystalCinnabar,1xitem.thermalfoundation.material@20,ThermalFoundation:material,朱砂,false
crystalFluix,1xitem.appliedenergistics2.ItemMaterial@7,appliedenergistics2:item.ItemMultiMaterial,福鲁伊克斯水晶,false
crystalNetherQuartz,1xitem.netherquartz@0,minecraft:quartz,下界石英,false
crystalPureFluix,1xitem.appliedenergistics2.ItemMaterial@12,appliedenergistics2:item.ItemMultiMaterial,高纯福鲁伊克斯水晶,false
dirt,1xtile.dirt@0,minecraft:dirt,泥土,false
dirt,1xtile.chisel.dirt@0,chisel:dirt,泥土,false
drawerBasic,1xtile.fullDrawers1@32767,StorageDrawers:fullDrawers1,(wildcard),true
drawerBasic,1xtile.fullDrawers2@32767,StorageDrawers:fullDrawers2,(wildcard),true
drawerBasic,1xtile.fullDrawers4@32767,StorageDrawers:fullDrawers4,(wildcard),true
drawerBasic,1xtile.halfDrawers2@32767,StorageDrawers:halfDrawers2,(wildcard),true
drawerBasic,1xtile.halfDrawers4@32767,StorageDrawers:halfDrawers4,(wildcard),true
dreamwood,1xtile.dreamwood@0,Botania:dreamwood,梦之木,false
dreamwoodTwig,1xitem.manaResource@13,Botania:manaResource,梦之木棍,false
dropHoney,1xitem.honeyItem@0,harvestcraft:honeyItem,蜂蜜,false
dustAerotheum,1xitem.thermalfoundation.material@514,ThermalFoundation:material,空气之尘,false
dustAluminium,1xitem.tconstruct.Materials@40,TConstruct:materials,铝粉,false
dustAluminiumBrass,1xitem.tconstruct.Materials@42,TConstruct:materials,铝黄铜粉,false
dustAluminum,1xitem.ImmersiveEngineering.metal@11,ImmersiveEngineering:metal,铝粉,false
dustAluminum,1xitem.tconstruct.Materials@40,TConstruct:materials,铝粉,false
dustAluminumBrass,1xitem.tconstruct.Materials@42,TConstruct:materials,铝黄铜粉,false
dustArdite,1xitem.tconstruct.Materials@38,TConstruct:materials,阿迪特粉,false
dustBasalz,1xitem.thermalfoundation.material@1029,ThermalFoundation:material,岩石粉,false
dustBlitz,1xitem.thermalfoundation.material@1027,ThermalFoundation:material,狂风粉,false
dustBlizz,1xitem.thermalfoundation.material@1025,ThermalFoundation:material,暴雪粉,false
dustBlutonium,1xitem.ingot@7,BigReactors:BRIngot,蓝钚粉,false
dustBronze,1xitem.thermalfoundation.material@41,ThermalFoundation:material,青铜粉,false
dustCertusQuartz,1xitem.appliedenergistics2.ItemMaterial@2,appliedenergistics2:item.ItemMultiMaterial,赛特斯石英粉,false
dustCharcoal,1xitem.thermalfoundation.material@3,ThermalFoundation:material,炭粉,false
dustCoal,1xitem.thermalfoundation.material@2,ThermalFoundation:material,煤粉,false
dustCoal,1xitem.itemPowderIngot@0,EnderIO:itemPowderIngot,煤粉,false
dustCobalt,1xitem.tconstruct.Materials@39,TConstruct:materials,钴粉,false
dustCoke,1xitem.ImmersiveEngineering.metal@17,ImmersiveEngineering:metal,焦煤粉,false
dustConstantan,1xitem.ImmersiveEngineering.metal@15,ImmersiveEngineering:metal,康铜粉,false
dustCopper,1xitem.thermalfoundation.material@32,ThermalFoundation:material,铜粉,false
dustCopper,1xitem.ImmersiveEngineering.metal@10,ImmersiveEngineering:metal,铜粉,false
dustCopper,1xitem.itemPowderIngot@3,EnderIO:itemPowderIngot,铜粉,false
dustCryotheum,1xitem.thermalfoundation.material@513,ThermalFoundation:material,凛冰之尘,false
dustCupronickel,1xitem.ImmersiveEngineering.metal@15,ImmersiveEngineering:metal,康铜粉,false
dustCyanite,1xitem.ingot@5,BigReactors:BRIngot,蓝晶粉,false
dustDraconium,1xitem.draconicevolution:draconiumDust@0,DraconicEvolution:draconiumDust,龙尘,false
dustElectrotine,1xitem.projectred.core.part@56,ProjRed|Core:projectred.core.part,蓝石粉,false
dustElectrum,1xitem.thermalfoundation.material@39,ThermalFoundation:material,琥珀金粉,false
dustElectrum,1xitem.ImmersiveEngineering.metal@16,ImmersiveEngineering:metal,琥珀金粉,false
dustElectrumFlux,1xitem.redstonearsenal.material@0,RedstoneArsenal:material,红石琥珀金粉末,false
dustEnderPearl,1xitem.itemPowderIngot@5,EnderIO:itemPowderIngot,末影珍珠粉,false
dustEnderium,1xitem.thermalfoundation.material@44,ThermalFoundation:material,末影粉,false
dustFluix,1xitem.appliedenergistics2.ItemMaterial@8,appliedenergistics2:item.ItemMultiMaterial,福鲁伊克斯粉,false
dustGlowstone,1xitem.yellowDust@0,minecraft:glowstone_dust,萤石粉,false
dustGold,1xitem.thermalfoundation.material@1,ThermalFoundation:material,金粉,false
dustGold,1xitem.ImmersiveEngineering.metal@9,ImmersiveEngineering:metal,金粉,false
dustGold,1xitem.itemPowderIngot@2,EnderIO:itemPowderIngot,金粉,false
dustGraphite,1xitem.ingot@6,BigReactors:BRIngot,石墨粉,false
dustGunpowder,1xitem.sulphur@0,minecraft:gunpowder,火药,false
dustHOPGraphite,1xitem.ImmersiveEngineering.metal@19,ImmersiveEngineering:metal,HOP石墨粉,false
dustInvar,1xitem.thermalfoundation.material@40,ThermalFoundation:material,因瓦合金粉,false
dustIron,1xitem.thermalfoundation.material@0,ThermalFoundation:material,铁粉,false
dustIron,1xitem.ImmersiveEngineering.metal@8,ImmersiveEngineering:metal,铁粉,false
dustIron,1xitem.itemPowderIngot@1,EnderIO:itemPowderIngot,铁粉,false
dustLead,1xitem.thermalfoundation.material@35,ThermalFoundation:material,铅粉,false
dustLead,1xitem.ImmersiveEngineering.metal@12,ImmersiveEngineering:metal,铅粉,false
dustLudicrite,1xitem.ingot@9,BigReactors:BRIngot,纯镥粉,false
dustLumium,1xitem.thermalfoundation.material@43,ThermalFoundation:material,流明粉,false
dustManyullyn,1xitem.tconstruct.Materials@41,TConstruct:materials,玛玉灵粉,false
dustMithril,1xitem.thermalfoundation.material@38,ThermalFoundation:material,蕴魔秘银粉,false
dustNetherQuartz,1xitem.appliedenergistics2.ItemMaterial@3,appliedenergistics2:item.ItemMultiMaterial,下界石英粉,false
dustNickel,1xitem.thermalfoundation.material@36,ThermalFoundation:material,镍粉,false
dustNickel,1xitem.ImmersiveEngineering.metal@14,ImmersiveEngineering:metal,镍粉,false
dustObsidian,1xitem.thermalfoundation.material@4,ThermalFoundation:material,黑曜石粉,false
dustObsidian,1xitem.itemPowderIngot@7,EnderIO:itemPowderIngot,黑曜石粉,false
dustPetrotheum,1xitem.thermalfoundation.material@515,ThermalFoundation:material,地岩之尘,false
dustPlastic,1xitem.mfr.plastic.raw@0,MineFactoryReloaded:plastic.raw,生塑料,false
dustPlatinum,1xitem.thermalfoundation.material@37,ThermalFoundation:material,铂粉,false
dustPlutonium,1xitem.ingot@7,BigReactors:BRIngot,蓝钚粉,false
dustPyrotheum,1xitem.thermalfoundation.material@512,ThermalFoundation:material,炽焱之尘,false
dustQuartz,1xitem.ImmersiveEngineering.metal@18,ImmersiveEngineering:metal,下界石英粉,false
dustRedstone,1xitem.redstone@0,minecraft:redstone,红石,false
dustSalt,1xitem.saltItem@0,harvestcraft:saltItem,盐,false
dustSaltpeter,1xitem.thermalfoundation.material@17,ThermalFoundation:material,硝石,false
dustSignalum,1xitem.thermalfoundation.material@42,ThermalFoundation:material,信素粉,false
dustSilver,1xitem.thermalfoundation.material@34,ThermalFoundation:material,银粉,false
dustSilver,1xitem.ImmersiveEngineering.metal@13,ImmersiveEngineering:metal,银粉,false
dustSulfur,1xitem.thermalfoundation.material@16,ThermalFoundation:material,硫磺,false
dustTin,1xitem.thermalfoundation.material@33,ThermalFoundation:material,锡粉,false
dustTin,1xitem.itemPowderIngot@4,EnderIO:itemPowderIngot,锡粉,false
dustUranium,1xitem.ingot@4,BigReactors:BRIngot,黄铀粉,false
dustWheat,1xitem.appliedenergistics2.ItemMaterial@4,appliedenergistics2:item.ItemMultiMaterial,面粉,false
dustWheat,1xitem.itemPowderIngot@8,EnderIO:itemPowderIngot,面粉,false
dustWood,1xitem.thermalexpansion.material@512,ThermalExpansion:material,锯末,false
dustYellorium,1xitem.ingot@4,BigReactors:BRIngot,黄铀粉,false
dye,1xitem.dyePowder@32767,minecraft:dye,(wildcard),true
dyeBlack,1xitem.dyePowder@0,minecraft:dye,墨囊,false
dyeBlack,1xitem.dye@15,Botania:dye,黑色花粉,false
dyeBlack,1xitem.thermalfoundation.material@2,ThermalFoundation:material,煤粉,false
dyeBlack,1xitem.thermalfoundation.material@3,ThermalFoundation:material,炭粉,false
dyeBlack,1xitem.projectred.exploration.lilyseed@15,ProjRed|Exploration:projectred.exploration.lilyseed,黑百合花种子,false
dyeBlue,1xitem.dyePowder@4,minecraft:dye,青金石,false
dyeBlue,1xitem.dye@11,Botania:dye,蓝色花粉,false
dyeBlue,1xitem.projectred.exploration.lilyseed@11,ProjRed|Exploration:projectred.exploration.lilyseed,蓝百合花种子,false
dyeBlue,1xitem.dustLapis@0,DegeneratorCrystal:dustLapis,青金石粉,false
dyeBrown,1xitem.dyePowder@3,minecraft:dye,可可豆,false
dyeBrown,1xitem.dye@12,Botania:dye,棕色花粉,false
dyeBrown,1xitem.mfr.fertilizer@0,MineFactoryReloaded:fertilizer,工业肥料,false
dyeBrown,1xitem.projectred.exploration.lilyseed@12,ProjRed|Exploration:projectred.exploration.lilyseed,棕百合花种子,false
dyeCeramicBlack,1xitem.mfr.ceramicdye@15,MineFactoryReloaded:ceramicdye,陶瓷颜料(黑色),false
dyeCeramicBlue,1xitem.mfr.ceramicdye@11,MineFactoryReloaded:ceramicdye,陶瓷颜料(蓝色),false
dyeCeramicBrown,1xitem.mfr.ceramicdye@12,MineFactoryReloaded:ceramicdye,陶瓷颜料(棕色),false
dyeCeramicCyan,1xitem.mfr.ceramicdye@9,MineFactoryReloaded:ceramicdye,陶瓷颜料(青色),false
dyeCeramicGray,1xitem.mfr.ceramicdye@7,MineFactoryReloaded:ceramicdye,陶瓷颜料(灰色),false
dyeCeramicGreen,1xitem.mfr.ceramicdye@13,MineFactoryReloaded:ceramicdye,陶瓷颜料(绿色),false
dyeCeramicLightBlue,1xitem.mfr.ceramicdye@3,MineFactoryReloaded:ceramicdye,陶瓷颜料(浅蓝色),false
dyeCeramicLightGray,1xitem.mfr.ceramicdye@8,MineFactoryReloaded:ceramicdye,陶瓷颜料(浅灰色),false
dyeCeramicLime,1xitem.mfr.ceramicdye@5,MineFactoryReloaded:ceramicdye,陶瓷颜料(柠檬色),false
dyeCeramicMagenta,1xitem.mfr.ceramicdye@2,MineFactoryReloaded:ceramicdye,陶瓷颜料(品红色),false
dyeCeramicOrange,1xitem.mfr.ceramicdye@1,MineFactoryReloaded:ceramicdye,陶瓷颜料(橙色),false
dyeCeramicPink,1xitem.mfr.ceramicdye@6,MineFactoryReloaded:ceramicdye,陶瓷颜料(粉色),false
dyeCeramicPurple,1xitem.mfr.ceramicdye@10,MineFactoryReloaded:ceramicdye,陶瓷颜料(紫色),false
dyeCeramicRed,1xitem.mfr.ceramicdye@14,MineFactoryReloaded:ceramicdye,陶瓷颜料(红色),false
dyeCeramicWhite,1xitem.mfr.ceramicdye@0,MineFactoryReloaded:ceramicdye,陶瓷颜料(白色),false
dyeCeramicYellow,1xitem.mfr.ceramicdye@4,MineFactoryReloaded:ceramicdye,陶瓷颜料(黄色),false
dyeCyan,1xitem.dyePowder@6,minecraft:dye,青色染料,false
dyeCyan,1xitem.dye@9,Botania:dye,青色花粉,false
dyeCyan,1xitem.projectred.exploration.lilyseed@9,ProjRed|Exploration:projectred.exploration.lilyseed,青百合花种子,false
dyeGray,1xitem.dyePowder@8,minecraft:dye,灰色染料,false
dyeGray,1xitem.dye@7,Botania:dye,灰色花粉,false
dyeGray,1xitem.projectred.exploration.lilyseed@7,ProjRed|Exploration:projectred.exploration.lilyseed,灰色百合花种子,false
dyeGreen,1xitem.dyePowder@2,minecraft:dye,仙人掌绿,false
dyeGreen,1xitem.dye@13,Botania:dye,绿色花粉,false
dyeGreen,1xitem.projectred.exploration.lilyseed@13,ProjRed|Exploration:projectred.exploration.lilyseed,绿百合花种子,false
dyeLightBlue,1xitem.dyePowder@12,minecraft:dye,淡蓝色染料,false
dyeLightBlue,1xitem.dye@3,Botania:dye,淡蓝色花粉,false
dyeLightBlue,1xitem.projectred.exploration.lilyseed@3,ProjRed|Exploration:projectred.exploration.lilyseed,淡蓝百合花种子,false
dyeLightGray,1xitem.dyePowder@7,minecraft:dye,淡灰色染料,false
dyeLightGray,1xitem.dye@8,Botania:dye,淡灰色花粉,false
dyeLightGray,1xitem.projectred.exploration.lilyseed@8,ProjRed|Exploration:projectred.exploration.lilyseed,淡灰百合花种子,false
dyeLime,1xitem.dyePowder@10,minecraft:dye,黄绿色染料,false
dyeLime,1xitem.dye@5,Botania:dye,黄绿色花粉,false
dyeLime,1xitem.projectred.exploration.lilyseed@5,ProjRed|Exploration:projectred.exploration.lilyseed,黄绿百合花种子,false
dyeMagenta,1xitem.dyePowder@13,minecraft:dye,品红色染料,false
dyeMagenta,1xitem.dye@2,Botania:dye,品红色花粉,false
dyeMagenta,1xitem.projectred.exploration.lilyseed@2,ProjRed|Exploration:projectred.exploration.lilyseed,品红百合花种子,false
dyeOrange,1xitem.dyePowder@14,minecraft:dye,橙色染料,false
dyeOrange,1xitem.dye@1,Botania:dye,橙色花粉,false
dyeOrange,1xitem.projectred.exploration.lilyseed@1,ProjRed|Exploration:projectred.exploration.lilyseed,橙百合花种子,false
dyePink,1xitem.dyePowder@9,minecraft:dye,粉红色染料,false
dyePink,1xitem.dye@6,Botania:dye,粉色花粉,false
dyePink,1xitem.projectred.exploration.lilyseed@6,ProjRed|Exploration:projectred.exploration.lilyseed,粉色百合花种子,false
dyePurple,1xitem.dyePowder@5,minecraft:dye,紫色染料,false
dyePurple,1xitem.dye@10,Botania:dye,紫色花粉,false
dyePurple,1xitem.projectred.exploration.lilyseed@10,ProjRed|Exploration:projectred.exploration.lilyseed,紫百合花种子,false
dyeRed,1xitem.dyePowder@1,minecraft:dye,玫瑰红,false
dyeRed,1xitem.dye@14,Botania:dye,红色花粉,false
dyeRed,1xitem.projectred.exploration.lilyseed@14,ProjRed|Exploration:projectred.exploration.lilyseed,红百合花种子,false
dyeWhite,1xitem.dyePowder@15,minecraft:dye,骨粉,false
dyeWhite,1xitem.dye@0,Botania:dye,白色花粉,false
dyeWhite,1xitem.projectred.exploration.lilyseed@0,ProjRed|Exploration:projectred.exploration.lilyseed,白百合花种子,false
dyeYellow,1xitem.dyePowder@11,minecraft:dye,蒲公英黄,false
dyeYellow,1xitem.dye@4,Botania:dye,黄色花粉,false
dyeYellow,1xitem.thermalfoundation.material@16,ThermalFoundation:material,硫磺,false
dyeYellow,1xitem.projectred.exploration.lilyseed@4,ProjRed|Exploration:projectred.exploration.lilyseed,黄百合花种子,false
elvenDragonstone,1xitem.manaResource@9,Botania:manaResource,龙石,false
elvenPixieDust,1xitem.manaResource@8,Botania:manaResource,精灵尘,false
eternalLifeEssence,1xitem.manaResource@5,Botania:manaResource,盖亚之魂,false
fabricHemp,1xitem.ImmersiveEngineering.material@4,ImmersiveEngineering:material,坚韧布料,false
fenceAluminum,1xtile.ImmersiveEngineering.metalDecoration@12,ImmersiveEngineering:metalDecoration,铝栅栏,false
fenceSteel,1xtile.ImmersiveEngineering.metalDecoration@0,ImmersiveEngineering:metalDecoration,钢栅栏,false
fertilizer,1xitem.mfr.fertilizer@0,MineFactoryReloaded:fertilizer,工业肥料,false
fertilizer,1xitem.thermalexpansion.material@516,ThermalExpansion:material,堆肥,false
fertilizer,1xitem.thermalexpansion.material@517,ThermalExpansion:material,富集堆肥,false
fertilizerOrganic,1xitem.mfr.fertilizer@0,MineFactoryReloaded:fertilizer,工业肥料,false
fertilizerRich,1xitem.thermalexpansion.material@517,ThermalExpansion:material,富集堆肥,false
fishtrapBait,1xitem.fishtrapbaitItem@0,harvestcraft:fishtrapbaitItem,鱼饵,false
flintRod,1xitem.tconstruct.ToolRod@3,TConstruct:toolRod,燧石手柄,false
flourEqualswheat,1xitem.wheat@0,minecraft:wheat,小麦,false
flourEqualswheat,1xitem.flourItem@0,harvestcraft:flourItem,面粉,false
flowerRed,1xtile.flower2@0,minecraft:red_flower,罂粟,false
flowerYellow,1xtile.flower1@0,minecraft:yellow_flower,蒲公英,false
foodAlmondbutter,1xitem.almondbutterItem@0,harvestcraft:almondbutterItem,扁桃仁酱,false
foodAnchovyraw,1xitem.anchovyrawItem@0,harvestcraft:anchovyrawItem,生鳀鱼,false
foodApplecider,1xitem.appleciderItem@0,harvestcraft:appleciderItem,苹果酒,false
foodApplejelly,1xitem.applejellyItem@0,harvestcraft:applejellyItem,苹果果酱,false
foodApplejellysandwich,1xitem.applejellysandwichItem@0,harvestcraft:applejellysandwichItem,苹果果酱三明治,false
foodApplejuice,1xitem.applejuiceItem@0,harvestcraft:applejuiceItem,苹果汁,false
foodApplepie,1xitem.applepieItem@0,harvestcraft:applepieItem,苹果派,false
foodApplesauce,1xitem.applesauceItem@0,harvestcraft:applesauceItem,苹果酱,false
foodApplesmoothie,1xitem.applesmoothieItem@0,harvestcraft:applesmoothieItem,苹果冰沙,false
foodAppleyogurt,1xitem.appleyogurtItem@0,harvestcraft:appleyogurtItem,苹果酸奶,false
foodApricotglazedpork,1xitem.apricotglazedporkItem@0,harvestcraft:apricotglazedporkItem,杏釉猪肉,false
foodApricotjelly,1xitem.apricotjellyItem@0,harvestcraft:apricotjellyItem,杏子果酱,false
foodApricotjellysandwich,1xitem.apricotjellysandwichItem@0,harvestcraft:apricotjellysandwichItem,杏子果酱三明治,false
foodApricotjuice,1xitem.apricotjuiceItem@0,harvestcraft:apricotjuiceItem,杏子汁,false
foodApricotsmoothie,1xitem.apricotsmoothieItem@0,harvestcraft:apricotsmoothieItem,杏子冰沙,false
foodApricotyogurt,1xitem.apricotyogurtItem@0,harvestcraft:apricotyogurtItem,杏子酸奶,false
foodAsparagusquiche,1xitem.asparagusquicheItem@0,harvestcraft:asparagusquicheItem,芦笋乳蛋饼,false
foodAsparagussoup,1xitem.asparagussoupItem@0,harvestcraft:asparagussoupItem,芦笋汤,false
foodAvocadoburrito,1xitem.avocadoburritoItem@0,harvestcraft:avocadoburritoItem,鳄梨玉米煎饼,false
foodBaconcheeseburger,1xitem.baconcheeseburgerItem@0,harvestcraft:baconcheeseburgerItem,培根芝士汉堡,false
foodBaconmushroomburger,1xitem.baconmushroomburgerItem@0,harvestcraft:baconmushroomburgerItem,培根蘑菇堡,false
foodBaconwrappeddates,1xitem.baconwrappeddatesItem@0,harvestcraft:baconwrappeddatesItem,培根包枣椰,false
foodBakedbeans,1xitem.bakedbeansItem@0,harvestcraft:bakedbeansItem,烘豆,false
foodBakedbeets,1xitem.bakedbeetsItem@0,harvestcraft:bakedbeetsItem,烤甜菜,false
foodBakedham,1xitem.bakedhamItem@0,harvestcraft:bakedhamItem,烤火腿,false
foodBakedturnips,1xitem.bakedturnipsItem@0,harvestcraft:bakedturnipsItem,烤芜菁,false
foodBaklava,1xitem.baklavaItem@0,harvestcraft:baklavaItem,果仁蜜饼,false
foodBamboosteamedrice,1xitem.bamboosteamedriceItem@0,harvestcraft:bamboosteamedriceItem,竹筒蒸米,false
foodBananajuice,1xitem.bananajuiceItem@0,harvestcraft:bananajuiceItem,香蕉汁,false
foodBananamilkshake,1xitem.bananamilkshakeItem@0,harvestcraft:bananamilkshakeItem,香蕉奶昔,false
foodBanananutbread,1xitem.banananutbreadItem@0,harvestcraft:banananutbreadItem,香蕉坚果面包,false
foodBananasmoothie,1xitem.bananasmoothieItem@0,harvestcraft:bananasmoothieItem,香蕉冰沙,false
foodBananasplit,1xitem.bananasplitItem@0,harvestcraft:bananasplitItem,香蕉圣代,false
foodBananayogurt,1xitem.bananayogurtItem@0,harvestcraft:bananayogurtItem,香蕉酸奶,false
foodBangersandmash,1xitem.bangersandmashItem@0,harvestcraft:bangersandmashItem,香肠土豆泥,false
foodBassraw,1xitem.bassrawItem@0,harvestcraft:bassrawItem,生鲈鱼,false
foodBatter,1xitem.batterItem@0,harvestcraft:batterItem,面糊,false
foodBatteredsausage,1xitem.batteredsausageItem@0,harvestcraft:batteredsausageItem,炸香肠,false
foodBbqpulledpork,1xitem.bbqpulledporkItem@0,harvestcraft:bbqpulledporkItem,烧烤猪肉,false
foodBeanburrito,1xitem.beanburritoItem@0,harvestcraft:beanburritoItem,豆玉米煎饼,false
foodBeansandrice,1xitem.beansandriceItem@0,harvestcraft:beansandriceItem,大豆饭,false
foodBeansontoast,1xitem.beansontoastItem@0,harvestcraft:beansontoastItem,茄汁豆吐司,false
foodBeefjerky,1xitem.beefjerkyItem@0,harvestcraft:beefjerkyItem,牛肉干,false
foodBeefwellington,1xitem.beefwellingtonItem@0,harvestcraft:beefwellingtonItem,威灵顿牛排,false
foodBeetburger,1xitem.beetburgerItem@0,harvestcraft:beetburgerItem,甜菜汉堡,false
foodBeetsalad,1xitem.beetsaladItem@0,harvestcraft:beetsaladItem,甜菜沙拉,false
foodBeetsoup,1xitem.beetsoupItem@0,harvestcraft:beetsoupItem,甜菜汤,false
foodBiscuit,1xitem.biscuitItem@0,harvestcraft:biscuitItem,烤软饼,false
foodBlackberrycobbler,1xitem.blackberrycobblerItem@0,harvestcraft:blackberrycobblerItem,黑莓馅饼,false
foodBlackberryjelly,1xitem.blackberryjellyItem@0,harvestcraft:blackberryjellyItem,黑莓果酱,false
foodBlackberryjellysandwich,1xitem.blackberryjellysandwichItem@0,harvestcraft:blackberryjellysandwichItem,黑莓果酱三明治,false
foodBlackberryjuice,1xitem.blackberryjuiceItem@0,harvestcraft:blackberryjuiceItem,黑莓汁,false
foodBlackberrysmoothie,1xitem.blackberrysmoothieItem@0,harvestcraft:blackberrysmoothieItem,黑莓冰沙,false
foodBlackberryyogurt,1xitem.blackberryyogurtItem@0,harvestcraft:blackberryyogurtItem,黑莓酸奶,false
foodBlackpepper,1xitem.blackpepperItem@0,harvestcraft:blackpepperItem,黑胡椒,false
foodBlt,1xitem.bltItem@0,harvestcraft:bltItem,培根生菜番茄三明治,false
foodBlueberryjelly,1xitem.blueberryjellyItem@0,harvestcraft:blueberryjellyItem,蓝莓果酱,false
foodBlueberryjellysandwich,1xitem.blueberryjellysandwichItem@0,harvestcraft:blueberryjellysandwichItem,蓝莓果酱三明治,false
foodBlueberryjuice,1xitem.blueberryjuiceItem@0,harvestcraft:blueberryjuiceItem,蓝莓汁,false
foodBlueberrymuffin,1xitem.blueberrymuffinItem@0,harvestcraft:blueberrymuffinItem,蓝莓松糕,false
foodBlueberrypancakes,1xitem.blueberrypancakesItem@0,harvestcraft:blueberrypancakesItem,蓝莓煎饼,false
foodBlueberrypie,1xitem.blueberrypieItem@0,harvestcraft:blueberrypieItem,蓝莓派,false
foodBlueberrysmoothie,1xitem.blueberrysmoothieItem@0,harvestcraft:blueberrysmoothieItem,蓝莓冰沙,false
foodBlueberryyogurt,1xitem.blueberryyogurtItem@0,harvestcraft:blueberryyogurtItem,蓝莓酸奶,false
foodBoiledegg,1xitem.boiledeggItem@0,harvestcraft:boiledeggItem,水煮鸡蛋,false
foodBraisedonions,1xitem.braisedonionsItem@0,harvestcraft:braisedonionsItem,炖洋葱,false
foodBread,1xitem.bread@0,minecraft:bread,面包,false
foodBreadedporkchop,1xitem.breadedporkchopItem@0,harvestcraft:breadedporkchopItem,猪排面包,false
foodBroccolimac,1xitem.broccolimacItem@0,harvestcraft:broccolimacItem,西兰花意粉,false
foodBroccolindip,1xitem.broccolindipItem@0,harvestcraft:broccolindipItem,蘸酱西兰花,false
foodBrownie,1xitem.brownieItem@0,harvestcraft:brownieItem,核仁巧克力饼,false
foodBubblywater,1xitem.bubblywaterItem@0,harvestcraft:bubblywaterItem,苏打水,false
foodButter,1xitem.butterItem@0,harvestcraft:butterItem,黄油,false
foodButteredpotato,1xitem.butteredpotatoItem@0,harvestcraft:butteredpotatoItem,奶油土豆,false
foodCactusfruitjuice,1xitem.cactusfruitjuiceItem@0,harvestcraft:cactusfruitjuiceItem,仙人掌果汁,false
foodCactussoup,1xitem.cactussoupItem@0,harvestcraft:cactussoupItem,仙人掌汤,false
foodCalamaricooked,1xitem.calamaricookedItem@0,harvestcraft:calamaricookedItem,熟鱿鱼,false
foodCalamariraw,1xitem.calamarirawItem@0,harvestcraft:calamarirawItem,生鱿鱼,false
foodCaliforniaroll,1xitem.californiarollItem@0,harvestcraft:californiarollItem,加州卷,false
foodCandiedginger,1xitem.candiedgingerItem@0,harvestcraft:candiedgingerItem,香甜姜糖,false
foodCandiedlemon,1xitem.candiedlemonItem@0,harvestcraft:candiedlemonItem,柠檬干,false
foodCandiedsweetpotatoes,1xitem.candiedsweetpotatoesItem@0,harvestcraft:candiedsweetpotatoesItem,蜜汁红薯,false
foodCandiedwalnuts,1xitem.candiedwalnutsItem@0,harvestcraft:candiedwalnutsItem,蜜汁核桃,false
foodCaramel,1xitem.caramelItem@0,harvestcraft:caramelItem,焦糖,false
foodCaramelapple,1xitem.caramelappleItem@0,harvestcraft:caramelappleItem,焦糖苹果,false
foodCaramelicecream,1xitem.caramelicecreamItem@0,harvestcraft:caramelicecreamItem,焦糖冰淇淋,false
foodCarpraw,1xitem.carprawItem@0,harvestcraft:carprawItem,生鲤鱼,false
foodCarrotcake,1xitem.carrotcakeItem@0,harvestcraft:carrotcakeItem,胡萝卜蛋糕,false
foodCarrotjuice,1xitem.carrotjuiceItem@0,harvestcraft:carrotjuiceItem,胡萝卜汁,false
foodCarrotsoup,1xitem.carrotsoupItem@0,harvestcraft:carrotsoupItem,胡萝卜汤,false
foodCashewbutter,1xitem.cashewbutterItem@0,harvestcraft:cashewbutterItem,腰果酱,false
foodCashewchicken,1xitem.cashewchickenItem@0,harvestcraft:cashewchickenItem,腰果鸡,false
foodCatfishraw,1xitem.catfishrawItem@0,harvestcraft:catfishrawItem,生鲶鱼,false
foodCeasarsalad,1xitem.ceasarsaladItem@0,harvestcraft:ceasarsaladItem,凯撒沙拉,false
foodCeleryandpeanutbutter,1xitem.celeryandpeanutbutterItem@0,harvestcraft:celeryandpeanutbutterItem,花生酱芹菜,false
foodCelerysoup,1xitem.celerysoupItem@0,harvestcraft:celerysoupItem,芹菜汤,false
foodChaitea,1xitem.chaiteaItem@0,harvestcraft:chaiteaItem,印度香茶,false
foodChaoscookie,1xitem.chaoscookieItem@0,harvestcraft:chaoscookieItem,混沌饼干,false
foodCharrraw,1xitem.charrrawItem@0,harvestcraft:charrrawItem,生嘉鱼,false
foodCheese,1xitem.cheeseItem@0,harvestcraft:cheeseItem,芝士,false
foodCheeseburger,1xitem.cheeseburgerItem@0,harvestcraft:cheeseburgerItem,芝士汉堡,false
foodCheesecake,1xitem.cheesecakeItem@0,harvestcraft:cheesecakeItem,奶酪蛋糕,false
foodCheeseontoast,1xitem.cheeseontoastItem@0,harvestcraft:cheeseontoastItem,干酪土司,false
foodCherrycheesecake,1xitem.cherrycheesecakeItem@0,harvestcraft:cherrycheesecakeItem,樱桃奶酪蛋糕,false
foodCherrycoconutchocolatebar,1xitem.cherrycoconutchocolatebarItem@0,harvestcraft:cherrycoconutchocolatebarItem,樱桃椰子巧克力棒,false
foodCherryicecream,1xitem.cherryicecreamItem@0,harvestcraft:cherryicecreamItem,樱桃冰淇淋,false
foodCherryjelly,1xitem.cherryjellyItem@0,harvestcraft:cherryjellyItem,樱桃果酱,false
foodCherryjellysandwich,1xitem.cherryjellysandwichItem@0,harvestcraft:cherryjellysandwichItem,樱桃果酱三明治,false
foodCherryjuice,1xitem.cherryjuiceItem@0,harvestcraft:cherryjuiceItem,樱桃汁,false
foodCherrypie,1xitem.cherrypieItem@0,harvestcraft:cherrypieItem,樱桃派,false
foodCherrysmoothie,1xitem.cherrysmoothieItem@0,harvestcraft:cherrysmoothieItem,樱桃冰沙,false
foodCherrysoda,1xitem.cherrysodaItem@0,harvestcraft:cherrysodaItem,樱桃汽水,false
foodCherryyogurt,1xitem.cherryyogurtItem@0,harvestcraft:cherryyogurtItem,樱桃酸奶,false
foodChestnutbutter,1xitem.chestnutbutterItem@0,harvestcraft:chestnutbutterItem,板栗酱,false
foodChickencelerycasserole,1xitem.chickencelerycasseroleItem@0,harvestcraft:chickencelerycasseroleItem,芹菜鸡肉砂锅菜,false
foodChickencurry,1xitem.chickencurryItem@0,harvestcraft:chickencurryItem,咖喱鸡,false
foodChickengumbo,1xitem.chickengumboItem@0,harvestcraft:chickengumboItem,秋葵烩鸡,false
foodChickennoodlesoup,1xitem.chickennoodlesoupItem@0,harvestcraft:chickennoodlesoupItem,鸡肉面条汤,false
foodChickenparmasan,1xitem.chickenparmasanItem@0,harvestcraft:chickenparmasanItem,意式帕尔马烤鸡,false
foodChickenpotpie,1xitem.chickenpotpieItem@0,harvestcraft:chickenpotpieItem,鸡肉派,false
foodChickensandwich,1xitem.chickensandwichItem@0,harvestcraft:chickensandwichItem,鸡肉三明治,false
foodChikoroll,1xitem.chikorollItem@0,harvestcraft:chikorollItem,澳式春卷,false
foodChili,1xitem.chiliItem@0,harvestcraft:chiliItem,辣椒酱,false
foodChilichocolate,1xitem.chilichocolateItem@0,harvestcraft:chilichocolateItem,辣椒巧克力,false
foodChilipoppers,1xitem.chilipoppersItem@0,harvestcraft:chilipoppersItem,辣椒卷,false
foodChocolatebar,1xitem.chocolatebarItem@0,harvestcraft:chocolatebarItem,巧克力棒,false
foodChocolatecaramelfudge,1xitem.chocolatecaramelfudgeItem@0,harvestcraft:chocolatecaramelfudgeItem,巧克力焦糖,false
foodChocolatecherry,1xitem.chocolatecherryItem@0,harvestcraft:chocolatecherryItem,巧克力樱桃,false
foodChocolatecookie,1xitem.chocolatebaconItem@0,harvestcraft:chocolatebaconItem,巧克力培根,false
foodChocolatedonut,1xitem.chocolatedonutItem@0,harvestcraft:chocolatedonutItem,巧克力甜甜圈,false
foodChocolateicecream,1xitem.chocolateicecreamItem@0,harvestcraft:chocolateicecreamItem,巧克力冰淇淋,false
foodChocolatemilk,1xitem.chocolatemilkItem@0,harvestcraft:chocolatemilkItem,巧克力牛奶,false
foodChocolatemilkshake,1xitem.chocolatemilkshakeItem@0,harvestcraft:chocolatemilkshakeItem,巧克力奶昔,false
foodChocolateroll,1xitem.chocolaterollItem@0,harvestcraft:chocolaterollItem,巧克力蛋卷,false
foodChocolatesprinklecake,1xitem.chocolatesprinklecakeItem@0,harvestcraft:chocolatesprinklecakeItem,巧克力蛋糕,false
foodChocolatestrawberry,1xitem.chocolatestrawberryItem@0,harvestcraft:chocolatestrawberryItem,巧克力草莓,false
foodChocolateyogurt,1xitem.chocolateyogurtItem@0,harvestcraft:chocolateyogurtItem,巧克力酸奶,false
foodCinnamonappleoatmeal,1xitem.cinnamonappleoatmealItem@0,harvestcraft:cinnamonappleoatmealItem,苹果味肉桂燕麦片,false
foodCinnamonroll,1xitem.cinnamonrollItem@0,harvestcraft:cinnamonrollItem,肉桂卷,false
foodCinnamonsugardonut,1xitem.cinnamonsugardonutItem@0,harvestcraft:cinnamonsugardonutItem,肉桂糖甜甜圈,false
foodCitrussalad,1xitem.citrussaladItem@0,harvestcraft:citrussaladItem,柑橘沙拉,false
foodClamcooked,1xitem.clamcookedItem@0,harvestcraft:clamcookedItem,熟蛤蜊,false
foodClamraw,1xitem.clamrawItem@0,harvestcraft:clamrawItem,生蛤蜊,false
foodCocoapowder,1xitem.cocoapowderItem@0,harvestcraft:cocoapowderItem,可可粉,false
foodCoconutcream,1xitem.coconutcreamItem@0,harvestcraft:coconutcreamItem,椰奶,false
foodCoconutmilk,1xitem.coconutmilkItem@0,harvestcraft:coconutmilkItem,椰奶,false
foodCoconutshrimp,1xitem.coconutshrimpItem@0,harvestcraft:coconutshrimpItem,椰子虾,false
foodCoconutsmoothie,1xitem.coconutsmoothieItem@0,harvestcraft:coconutsmoothieItem,椰奶冰沙,false
foodCoconutyogurt,1xitem.coconutyogurtItem@0,harvestcraft:coconutyogurtItem,椰子酸奶,false
foodCoffee,1xitem.coffeeItem@0,harvestcraft:coffeeItem,一杯咖啡,false
foodCoffeeconleche,1xitem.coffeeconlecheItem@0,harvestcraft:coffeeconlecheItem,牛奶咖啡,false
foodColasoda,1xitem.colasodaItem@0,harvestcraft:colasodaItem,可乐汽水,false
foodColeslaw,1xitem.coleslawItem@0,harvestcraft:coleslawItem,凉拌卷心菜,false
foodColeslawburger,1xitem.coleslawburgerItem@0,harvestcraft:coleslawburgerItem,包菜汉堡,false
foodCornbread,1xitem.cornbreadItem@0,harvestcraft:cornbreadItem,玉米面包,false
foodCornflakes,1xitem.cornflakesItem@0,harvestcraft:cornflakesItem,玉米片,false
foodCornishpasty,1xitem.cornishpastyItem@0,harvestcraft:cornishpastyItem,康沃尔菜肉馅饼,false
foodCornmeal,1xitem.cornmealItem@0,harvestcraft:cornmealItem,玉米面,false
foodCornonthecob,1xitem.cornonthecobItem@0,harvestcraft:cornonthecobItem,玉米棒,false
foodCottagepie,1xitem.cottagepieItem@0,harvestcraft:cottagepieItem,农舍派,false
foodCrabcooked,1xitem.crabcookedItem@0,harvestcraft:crabcookedItem,熟螃蟹,false
foodCrabraw,1xitem.crabrawItem@0,harvestcraft:crabrawItem,生螃蟹,false
foodCracker,1xitem.crackerItem@0,harvestcraft:crackerItem,薄脆饼干,false
foodCranberrybar,1xitem.cranberrybarItem@0,harvestcraft:cranberrybarItem,蔓越莓棒,false
foodCranberryjelly,1xitem.cranberryjellyItem@0,harvestcraft:cranberryjellyItem,蔓越莓酱,false
foodCranberryjellysandwich,1xitem.cranberryjellysandwichItem@0,harvestcraft:cranberryjellysandwichItem,蔓越莓果酱三明治,false
foodCranberryjuice,1xitem.cranberryjuiceItem@0,harvestcraft:cranberryjuiceItem,蔓越莓汁,false
foodCranberrysauce,1xitem.cranberrysauceItem@0,harvestcraft:cranberrysauceItem,蔓越莓酱,false
foodCranberrysmoothie,1xitem.cranberrysmoothieItem@0,harvestcraft:cranberrysmoothieItem,蔓越莓冰沙,false
foodCranberryyogurt,1xitem.cranberryyogurtItem@0,harvestcraft:cranberryyogurtItem,蔓越莓酸奶,false
foodCrayfishcooked,1xitem.crayfishcookedItem@0,harvestcraft:crayfishcookedItem,熟龙虾,false
foodCrayfishraw,1xitem.crayfishrawItem@0,harvestcraft:crayfishrawItem,生龙虾,false
foodCreamcookie,1xitem.creamcookieItem@0,harvestcraft:creamcookieItem,奶油饼干,false
foodCreamedbroccolisoup,1xitem.creamedbroccolisoupItem@0,harvestcraft:creamedbroccolisoupItem,西兰花奶油汤,false
foodCreamedcorn,1xitem.creamedcornItem@0,harvestcraft:creamedcornItem,奶油玉米,false
foodCreamofavocadosoup,1xitem.creamofavocadosoupItem@0,harvestcraft:creamofavocadosoupItem,鳄梨奶油汤,false
foodCroissant,1xitem.croissantItem@0,harvestcraft:croissantItem,羊角面包,false
foodCucumbersalad,1xitem.cucumbersaladItem@0,harvestcraft:cucumbersaladItem,黄瓜沙拉,false
foodCucumbersoup,1xitem.cucumbersoupItem@0,harvestcraft:cucumbersoupItem,黄瓜汤,false
foodCurry,1xitem.curryItem@0,harvestcraft:curryItem,咖喱饭,false
foodCurrypowder,1xitem.currypowderItem@0,harvestcraft:currypowderItem,咖喱粉,false
foodCustard,1xitem.custardItem@0,harvestcraft:custardItem,奶油蛋羹,false
foodDamper,1xitem.damperItem@0,harvestcraft:damperItem,丹波面包,false
foodDatenutbread,1xitem.datenutbreadItem@0,harvestcraft:datenutbreadItem,椰枣坚果面包,false
foodDelightedmeal,1xitem.delightedmealItem@0,harvestcraft:delightedmealItem,开心乐园餐,false
foodDeluxecheeseburger,1xitem.deluxecheeseburgerItem@0,harvestcraft:deluxecheeseburgerItem,豪华芝士堡,false
foodDeluxechickencurry,1xitem.deluxechickencurryItem@0,harvestcraft:deluxechickencurryItem,豪华咖喱鸡,false
foodDimsum,1xitem.dimsumItem@0,harvestcraft:dimsumItem,点心,false
foodDonut,1xitem.donutItem@0,harvestcraft:donutItem,甜甜圈,false
foodDough,1xitem.doughItem@0,harvestcraft:doughItem,生面团,false
foodEelraw,1xitem.eelrawItem@0,harvestcraft:eelrawItem,生鳗鱼,false
foodEggnog,1xitem.eggnogItem@0,harvestcraft:eggnogItem,蛋酒,false
foodEggplantparm,1xitem.eggplantparmItem@0,harvestcraft:eggplantparmItem,茄子帕尔马意面,false
foodEggsalad,1xitem.eggsaladItem@0,harvestcraft:eggsaladItem,鸡蛋沙拉,false
foodEnergydrink,1xitem.energydrinkItem@0,harvestcraft:energydrinkItem,能量饮料,false
foodEpicbacon,1xitem.epicbaconItem@0,harvestcraft:epicbaconItem,史诗培根,false
foodEspresso,1xitem.espressoItem@0,harvestcraft:espressoItem,特浓咖啡,false
foodExtremechili,1xitem.extremechiliItem@0,harvestcraft:extremechiliItem,至尊辣椒酱,false
foodFairybread,1xitem.fairybreadItem@0,harvestcraft:fairybreadItem,仙女面包,false
foodFigbar,1xitem.figbarItem@0,harvestcraft:figbarItem,无花果馅饼,false
foodFigjelly,1xitem.figjellyItem@0,harvestcraft:figjellyItem,无花果酱,false
foodFigjellysandwich,1xitem.figjellysandwichItem@0,harvestcraft:figjellysandwichItem,无花果酱三明治,false
foodFigjuice,1xitem.figjuiceItem@0,harvestcraft:figjuiceItem,无花果汁,false
foodFigsmoothie,1xitem.figsmoothieItem@0,harvestcraft:figsmoothieItem,无花果冰沙,false
foodFigyogurt,1xitem.figyogurtItem@0,harvestcraft:figyogurtItem,无花果酸奶,false
foodFirmtofu,1xitem.firmtofuItem@0,harvestcraft:firmtofuItem,老豆腐,false
foodFishandchips,1xitem.fishandchipsItem@0,harvestcraft:fishandchipsItem,炸鱼薯条,false
foodFishdinner,1xitem.fishdinnerItem@0,harvestcraft:fishdinnerItem,鲜鱼晚宴,false
foodFishlettucewrap,1xitem.fishlettucewrapItem@0,harvestcraft:fishlettucewrapItem,鱼肉生菜卷,false
foodFishsandwich,1xitem.fishsandwichItem@0,harvestcraft:fishsandwichItem,鲜鱼三明治,false
foodFishsticks,1xitem.fishsticksItem@0,harvestcraft:fishsticksItem,炸鱼条,false
foodFishtaco,1xitem.fishtacoItem@0,harvestcraft:fishtacoItem,海鲜塔可饼,false
foodFlour,1xitem.flourItem@0,harvestcraft:flourItem,面粉,false
foodFootlong,1xitem.footlongItem@0,harvestcraft:footlongItem,法式长棍面包,false
foodFrenchtoast,1xitem.frenchtoastItem@0,harvestcraft:frenchtoastItem,法式吐司,false
foodFriedchicken,1xitem.friedchickenItem@0,harvestcraft:friedchickenItem,炸鸡,false
foodFriedegg,1xitem.friedeggItem@0,harvestcraft:friedeggItem,煎蛋,false
foodFriedonions,1xitem.friedonionsItem@0,harvestcraft:friedonionsItem,油煎洋葱,false
foodFriedpecanokra,1xitem.friedpecanokraItem@0,harvestcraft:friedpecanokraItem,炸秋葵塞山核桃,false
foodFriedrice,1xitem.friedriceItem@0,harvestcraft:friedriceItem,炒饭,false
foodFries,1xitem.friesItem@0,harvestcraft:friesItem,炸薯条,false
foodFrogcooked,1xitem.frogcookedItem@0,harvestcraft:frogcookedItem,熟蛙腿,false
foodFrograw,1xitem.frograwItem@0,harvestcraft:frograwItem,生青蛙,false
foodFrosteddonut,1xitem.frosteddonutItem@0,harvestcraft:frosteddonutItem,糖霜甜甜圈,false
foodFruitcrumble,1xitem.fruitcrumbleItem@0,harvestcraft:fruitcrumbleItem,水果松脆饼,false
foodFruitpunch,1xitem.fruitpunchItem@0,harvestcraft:fruitpunchItem,果汁潘趣酒,false
foodFruitsalad,1xitem.fruitsaladItem@0,harvestcraft:fruitsaladItem,水果沙拉,false
foodFutomaki,1xitem.futomakiItem@0,harvestcraft:futomakiItem,大卷寿司,false
foodGarammasala,1xitem.garammasalaItem@0,harvestcraft:garammasalaItem,咖喱粉,false
foodGardensoup,1xitem.gardensoupItem@0,harvestcraft:gardensoupItem,菜园汤,false
foodGarlicbread,1xitem.garlicbreadItem@0,harvestcraft:garlicbreadItem,蒜蓉面包,false
foodGarlicchicken,1xitem.garlicchickenItem@0,harvestcraft:garlicchickenItem,蒜香鸡,false
foodGarlicmashedpotatoes,1xitem.garlicmashedpotatoesItem@0,harvestcraft:garlicmashedpotatoesItem,蒜蓉土豆泥,false
foodGeneraltsochicken,1xitem.generaltsochickenItem@0,harvestcraft:generaltsochickenItem,左宗棠鸡,false
foodGherkin,1xitem.gherkinItem@0,harvestcraft:gherkinItem,腌黄瓜,false
foodGingerbread,1xitem.gingerbreadItem@0,harvestcraft:gingerbreadItem,生姜面包,false
foodGingerchicken,1xitem.gingerchickenItem@0,harvestcraft:gingerchickenItem,老姜鸡,false
foodGingeredrhubarbtart,1xitem.gingeredrhubarbtartItem@0,harvestcraft:gingeredrhubarbtartItem,大黄生姜挞,false
foodGingersnaps,1xitem.gingersnapsItem@0,harvestcraft:gingersnapsItem,姜饼,false
foodGingersoda,1xitem.gingersodaItem@0,harvestcraft:gingersodaItem,姜汁汽水,false
foodGlazedcarrots,1xitem.glazedcarrotsItem@0,harvestcraft:glazedcarrotsItem,糖水胡萝卜,false
foodGooseberryjelly,1xitem.gooseberryjellyItem@0,harvestcraft:gooseberryjellyItem,醋栗果酱,false
foodGooseberryjellysandwich,1xitem.gooseberryjellysandwichItem@0,harvestcraft:gooseberryjellysandwichItem,醋栗果酱三明治,false
foodGooseberryjuice,1xitem.gooseberryjuiceItem@0,harvestcraft:gooseberryjuiceItem,醋栗汁,false
foodGooseberrymilkshake,1xitem.gooseberrymilkshakeItem@0,harvestcraft:gooseberrymilkshakeItem,醋栗奶昔,false
foodGooseberrypie,1xitem.gooseberrypieItem@0,harvestcraft:gooseberrypieItem,醋栗馅饼,false
foodGooseberrysmoothie,1xitem.gooseberrysmoothieItem@0,harvestcraft:gooseberrysmoothieItem,醋栗冰沙,false
foodGooseberryyogurt,1xitem.gooseberryyogurtItem@0,harvestcraft:gooseberryyogurtItem,醋栗酸奶,false
foodGrapefruitjelly,1xitem.grapefruitjellyItem@0,harvestcraft:grapefruitjellyItem,西柚果酱,false
foodGrapefruitjellysandwich,1xitem.grapefruitjellysandwichItem@0,harvestcraft:grapefruitjellysandwichItem,西柚果酱三明治,false
foodGrapefruitjellysmoothie,1xitem.grapefruitsmoothieItem@0,harvestcraft:grapefruitsmoothieItem,西柚冰沙,false
foodGrapefruitjuice,1xitem.grapefruitjuiceItem@0,harvestcraft:grapefruitjuiceItem,西柚汁,false
foodGrapefruitsoda,1xitem.grapefruitsodaItem@0,harvestcraft:grapefruitsodaItem,西柚汽水,false
foodGrapefruityogurt,1xitem.grapefruityogurtItem@0,harvestcraft:grapefruityogurtItem,西柚酸奶,false
foodGrapejelly,1xitem.grapejellyItem@0,harvestcraft:grapejellyItem,葡萄果酱,false
foodGrapejuice,1xitem.grapejuiceItem@0,harvestcraft:grapejuiceItem,葡萄汁,false
foodGrapesalad,1xitem.grapesaladItem@0,harvestcraft:grapesaladItem,葡萄沙拉,false
foodGrapesmoothie,1xitem.grapesmoothieItem@0,harvestcraft:grapesmoothieItem,葡萄冰沙,false
foodGrapesoda,1xitem.grapesodaItem@0,harvestcraft:grapesodaItem,葡萄汽水,false
foodGrapeyogurt,1xitem.grapeyogurtItem@0,harvestcraft:grapeyogurtItem,葡萄酸奶,false
foodGravy,1xitem.gravyItem@0,harvestcraft:gravyItem,肉汁,false
foodGreenheartfish,1xitem.greenheartfishItem@0,harvestcraft:greenheartfishItem,绿心鱼,false
foodGrilledasparagus,1xitem.grilledasparagusItem@0,harvestcraft:grilledasparagusItem,烤芦笋,false
foodGrilledcheese,1xitem.grilledcheeseItem@0,harvestcraft:grilledcheeseItem,烤芝士,false
foodGrilledeggplant,1xitem.grilledeggplantItem@0,harvestcraft:grilledeggplantItem,烤茄子,false
foodGrilledmushroom,1xitem.grilledmushroomItem@0,harvestcraft:grilledmushroomItem,烤蘑菇,false
foodGrilledskewers,1xitem.grilledskewersItem@0,harvestcraft:grilledskewersItem,串烧,false
foodGroundcinnamon,1xitem.groundcinnamonItem@0,harvestcraft:groundcinnamonItem,肉桂粉,false
foodGroundnutmeg,1xitem.groundnutmegItem@0,harvestcraft:groundnutmegItem,豆蔻粉,false
foodGrouperraw,1xitem.grouperrawItem@0,harvestcraft:grouperrawItem,生石斑鱼,false
foodGuacamole,1xitem.guacamoleItem@0,harvestcraft:guacamoleItem,鳄梨沙拉酱,false
foodGummybears,1xitem.gummybearsItem@0,harvestcraft:gummybearsItem,小熊软糖,false
foodHamburger,1xitem.hamburgerItem@0,harvestcraft:hamburgerItem,汉堡,false
foodHamsweetpicklesandwich,1xitem.hamsweetpicklesandwichItem@0,harvestcraft:hamsweetpicklesandwichItem,火腿甜三明治,false
foodHash,1xitem.hashItem@0,harvestcraft:hashItem,大杂烩,false
foodHeartyBreakfast,1xitem.heartybreakfastItem@0,harvestcraft:heartybreakfastItem,爱心早餐,false
foodHeavycream,1xitem.heavycreamItem@0,harvestcraft:heavycreamItem,多脂奶油,false
foodHerbbutterparsnips,1xitem.herbbutterparsnipsItem@0,harvestcraft:herbbutterparsnipsItem,香草黄油防风草,false
foodHerringraw,1xitem.herringrawItem@0,harvestcraft:herringrawItem,生青鱼,false
foodHolidaycake,1xitem.holidaycakeItem@0,harvestcraft:holidaycakeItem,节日蛋糕,false
foodHoneycombchocolatebar,1xitem.honeycombchocolatebarItem@0,harvestcraft:honeycombchocolatebarItem,蜂蜜巧克力棒,false
foodHoneydrop,1xitem.honeyItem@0,harvestcraft:honeyItem,蜂蜜,false
foodHoneylemonlamb,1xitem.honeylemonlambItem@0,harvestcraft:honeylemonlambItem,蜜汁柠檬羔羊肉,false
foodHoneysandwich,1xitem.honeysandwichItem@0,harvestcraft:honeysandwichItem,蜂蜜三明治,false
foodHotchocolate,1xitem.hotchocolateItem@0,harvestcraft:hotchocolateItem,热巧克力,false
foodHotdog,1xitem.hotdogItem@0,harvestcraft:hotdogItem,热狗,false
foodHotwings,1xitem.hotwingsItem@0,harvestcraft:hotwingsItem,香辣鸡翅,false
foodHushpuppies,1xitem.hushpuppiesItem@0,harvestcraft:hushpuppiesItem,黄金玉米球,false
foodIcecream,1xitem.icecreamItem@0,harvestcraft:icecreamItem,冰淇淋,false
foodJaffa,1xitem.jaffaItem@0,harvestcraft:jaffaItem,佳发蛋糕,false
foodJamroll,1xitem.jamrollItem@0,harvestcraft:jamrollItem,果酱卷,false
foodJellybeans,1xitem.jellybeansItem@0,harvestcraft:jellybeansItem,软心豆粒糖,false
foodJellydonut,1xitem.jellydonutItem@0,harvestcraft:jellydonutItem,果酱甜甜圈,false
foodJellyfishraw,1xitem.jellyfishrawItem@0,harvestcraft:jellyfishrawItem,生海蜇,false
foodKetchup,1xitem.ketchupItem@0,harvestcraft:ketchupItem,番茄酱,false
foodKeylimepie,1xitem.keylimepieItem@0,harvestcraft:keylimepieItem,酸橙派,false
foodKimchi,1xitem.kimchiItem@0,harvestcraft:kimchiItem,泡菜,false
foodKiwijelly,1xitem.kiwijellyItem@0,harvestcraft:kiwijellyItem,猕猴桃果酱,false
foodKiwijellysandwich,1xitem.kiwijellysandwichItem@0,harvestcraft:kiwijellysandwichItem,猕猴桃果酱三明治,false
foodKiwijuice,1xitem.kiwijuiceItem@0,harvestcraft:kiwijuiceItem,猕猴桃汁,false
foodKiwismoothie,1xitem.kiwismoothieItem@0,harvestcraft:kiwismoothieItem,猕猴桃冰沙,false
foodKiwiyogurt,1xitem.kiwiyogurtItem@0,harvestcraft:kiwiyogurtItem,猕猴桃酸奶,false
foodLambbarleysoup,1xitem.lambbarleysoupItem@0,harvestcraft:lambbarleysoupItem,羊羔大麦汤,false
foodLambkebab,1xitem.lambkebabItem@0,harvestcraft:lambkebabItem,羊肉串,false
foodLambwithmintsauce,1xitem.lambwithmintsauceItem@0,harvestcraft:lambwithmintsauceItem,薄荷羊肉,false
foodLamington,1xitem.lamingtonItem@0,harvestcraft:lamingtonItem,拉明顿蛋糕,false
foodLavendershortbread,1xitem.lavendershortbreadItem@0,harvestcraft:lavendershortbreadItem,薰衣草饼干,false
foodLeafychickensandwich,1xitem.leafychickensandwichItem@0,harvestcraft:leafychickensandwichItem,鸡肉菜叶三明治,false
foodLeafyfishsandwich,1xitem.leafyfishsandwichItem@0,harvestcraft:leafyfishsandwichItem,鲜鱼菜叶三明治,false
foodLeekbaconsoup,1xitem.leekbaconsoupItem@0,harvestcraft:leekbaconsoupItem,韭葱培根汤,false
foodLemonaide,1xitem.lemonaideItem@0,harvestcraft:lemonaideItem,柠檬水,false
foodLemonbar,1xitem.lemonbarItem@0,harvestcraft:lemonbarItem,柠檬方糕,false
foodLemonchicken,1xitem.lemonchickenItem@0,harvestcraft:lemonchickenItem,柠檬鸡,false
foodLemonjelly,1xitem.lemonjellyItem@0,harvestcraft:lemonjellyItem,柠檬果酱,false
foodLemonjellysandwich,1xitem.lemonjellysandwichItem@0,harvestcraft:lemonjellysandwichItem,柠檬果酱三明治,false
foodLemonlimesoda,1xitem.lemonlimesodaItem@0,harvestcraft:lemonlimesodaItem,柠檬-酸橙汽水,false
foodLemonmeringue,1xitem.lemonmeringueItem@0,harvestcraft:lemonmeringueItem,柠檬酥,false
foodLemonsmoothie,1xitem.lemonsmoothieItem@0,harvestcraft:lemonsmoothieItem,柠檬冰沙,false
foodLemonyogurt,1xitem.lemonyogurtItem@0,harvestcraft:lemonyogurtItem,柠檬酸奶,false
foodLimejelly,1xitem.limejellyItem@0,harvestcraft:limejellyItem,酸橙果酱,false
foodLimejellysandwich,1xitem.limejellysandwichItem@0,harvestcraft:limejellysandwichItem,酸橙果酱三明治,false
foodLimejuice,1xitem.limejuiceItem@0,harvestcraft:limejuiceItem,酸橙汁,false
foodLimesmoothie,1xitem.limesmoothieItem@0,harvestcraft:limesmoothieItem,酸橙冰沙,false
foodLimeyogurt,1xitem.limeyogurtItem@0,harvestcraft:limeyogurtItem,酸橙酸奶,false
foodLoadedbakedpotato,1xitem.loadedbakedpotatoItem@0,harvestcraft:loadedbakedpotatoItem,奶油培根土豆,false
foodMangochutney,1xitem.mangochutneyItem@0,harvestcraft:mangochutneyItem,芒果咖喱酱,false
foodMangojelly,1xitem.mangojellyItem@0,harvestcraft:mangojellyItem,芒果果酱,false
foodMangojellysandwich,1xitem.mangojellysandwichItem@0,harvestcraft:mangojellysandwichItem,芒果果酱三明治,false
foodMangojuice,1xitem.mangojuiceItem@0,harvestcraft:mangojuiceItem,芒果汁,false
foodMangosmoothie,1xitem.mangosmoothieItem@0,harvestcraft:mangosmoothieItem,芒果冰沙,false
foodMangoyogurt,1xitem.mangoyogurtItem@0,harvestcraft:mangoyogurtItem,芒果酸奶,false
foodManjuu,1xitem.manjuuItem@0,harvestcraft:manjuuItem,日式馒头,false
foodMaplecandiedbacon,1xitem.maplecandiedbaconItem@0,harvestcraft:maplecandiedbaconItem,枫糖培根,false
foodMapleoatmeal,1xitem.mapleoatmealItem@0,harvestcraft:mapleoatmealItem,枫糖燕麦片,false
foodMaplesausage,1xitem.maplesausageItem@0,harvestcraft:maplesausageItem,枫糖香肠,false
foodMaplesyruppancakes,1xitem.maplesyruppancakesItem@0,harvestcraft:maplesyruppancakesItem,枫糖煎饼,false
foodMaplesyrupwaffles,1xitem.maplesyrupwafflesItem@0,harvestcraft:maplesyrupwafflesItem,枫糖华夫饼,false
foodMarinatedcucumbers,1xitem.marinatedcucumbersItem@0,harvestcraft:marinatedcucumbersItem,炝黄瓜,false
foodMarshmellows,1xitem.marshmellowsItem@0,harvestcraft:marshmellowsItem,棉花糖,false
foodMarzipan,1xitem.marzipanItem@0,harvestcraft:marzipanItem,扁桃仁糖膏,false
foodMashedpotatoes,1xitem.mashedpotatoesItem@0,harvestcraft:mashedpotatoesItem,土豆泥,false
foodMashedsweetpotatoes,1xitem.mashedsweetpotatoesItem@0,harvestcraft:mashedsweetpotatoesItem,红薯泥,false
foodMayo,1xitem.mayoItem@0,harvestcraft:mayoItem,蛋黄酱,false
foodMcpam,1xitem.mcpamItem@0,harvestcraft:mcpamItem,潘氏巨无霸,false
foodMeatfeastpizza,1xitem.meatfeastpizzaItem@0,harvestcraft:meatfeastpizzaItem,肉宴披萨,false
foodMeatpie,1xitem.meatpieItem@0,harvestcraft:meatpieItem,肉饼,false
foodMeatystew,1xitem.meatystewItem@0,harvestcraft:meatystewItem,肉汤,false
foodMelonjuice,1xitem.melonjuiceItem@0,harvestcraft:melonjuiceItem,西瓜汁,false
foodMelonsmoothie,1xitem.melonsmoothieItem@0,harvestcraft:melonsmoothieItem,西瓜冰沙,false
foodMelonyogurt,1xitem.melonyogurtItem@0,harvestcraft:melonyogurtItem,西瓜酸奶,false
foodMincepie,1xitem.mincepieItem@0,harvestcraft:mincepieItem,水果馅饼,false
foodMintchocolatechipicecream,1xitem.mintchocolatechipicemcreamItem@0,harvestcraft:mintchocolatechipicemcreamItem,碎薄荷巧克力冰淇淋,false
foodMixedsalad,1xitem.mixedsaladItem@0,harvestcraft:mixedsaladItem,什锦沙拉,false
foodMochaicecream,1xitem.mochaicecreamItem@0,harvestcraft:mochaicecreamItem,摩卡冰淇淋,false
foodMochi,1xitem.mochiItem@0,harvestcraft:mochiItem,麻薯,false
foodMudfishraw,1xitem.mudfishrawItem@0,harvestcraft:mudfishrawItem,生泥鱼,false
foodMuseli,1xitem.museliItem@0,harvestcraft:museliItem,杂锦果麦,false
foodMushroomrisotto,1xitem.mushroomrisottoItem@0,harvestcraft:mushroomrisottoItem,牛肝菌烩饭,false
foodMustard,1xitem.mustardItem@0,harvestcraft:mustardItem,芥末,false
foodMuttoncooked,1xitem.muttoncookedItem@0,harvestcraft:muttoncookedItem,熟羊肉,false
foodMuttonraw,1xitem.muttonrawItem@0,harvestcraft:muttonrawItem,生羊肉,false
foodNaan,1xitem.naanItem@0,harvestcraft:naanItem,印度烤饼,false
foodNachoes,1xitem.nachoesItem@0,harvestcraft:nachoesItem,烤辣味干酪玉米片,false
foodNeapolitanicecream,1xitem.neapolitanicecreamItem@0,harvestcraft:neapolitanicecreamItem,那不勒斯冰淇淋,false
foodNutella,1xitem.nutellaItem@0,harvestcraft:nutellaItem,能多益巧克力酱,false
foodOctopuscooked,1xitem.octopuscookedItem@0,harvestcraft:octopuscookedItem,熟章鱼,false
foodOctopusraw,1xitem.octopusrawItem@0,harvestcraft:octopusrawItem,生章鱼,false
foodOkrachips,1xitem.okrachipsItem@0,harvestcraft:okrachipsItem,盐烤秋葵,false
foodOkracreole,1xitem.okracreoleItem@0,harvestcraft:okracreoleItem,克里奥尔秋葵,false
foodOldworldveggiesoup,1xitem.oldworldveggiesoupItem@0,harvestcraft:oldworldveggiesoupItem,旧味蔬菜汤,false
foodOliveoil,1xitem.oliveoilItem@0,harvestcraft:oliveoilItem,食用油,false
foodOmelet,1xitem.omeletItem@0,harvestcraft:omeletItem,煎蛋饼,false
foodOnionhamburger,1xitem.onionhamburgerItem@0,harvestcraft:onionhamburgerItem,洋葱汉堡,false
foodOnionsoup,1xitem.onionsoupItem@0,harvestcraft:onionsoupItem,洋葱汤,false
foodOrangechicken,1xitem.orangechickenItem@0,harvestcraft:orangechickenItem,陈皮鸡,false
foodOrangejelly,1xitem.orangejellyItem@0,harvestcraft:orangejellyItem,橙子果酱,false
foodOrangejellysandwich,1xitem.orangejellysandwichItem@0,harvestcraft:orangejellysandwichItem,橙子果酱三明治,false
foodOrangejuice,1xitem.orangejuiceItem@0,harvestcraft:orangejuiceItem,橙子汁,false
foodOrangesmoothie,1xitem.orangesmoothieItem@0,harvestcraft:orangesmoothieItem,橙子冰沙,false
foodOrangesoda,1xitem.orangesodaItem@0,harvestcraft:orangesodaItem,橙子汽水,false
foodOrangeyogurt,1xitem.orangeyogurtItem@0,harvestcraft:orangeyogurtItem,橙子酸奶,false
foodOvenroastedcauliflower,1xitem.ovenroastedcauliflowerItem@0,harvestcraft:ovenroastedcauliflowerItem,烘烤花椰菜,false
foodPancakes,1xitem.pancakesItem@0,harvestcraft:pancakesItem,煎饼,false
foodPaneer,1xitem.paneerItem@0,harvestcraft:paneerItem,印度干酪,false
foodPaneertikkamasala,1xitem.paneertikkamasalaItem@0,harvestcraft:paneertikkamasalaItem,香料烤鸡咖哩,false
foodPapayajelly,1xitem.papayajellyItem@0,harvestcraft:papayajellyItem,木瓜果酱,false
foodPapayajellysandwich,1xitem.papayajellysandwichItem@0,harvestcraft:papayajellysandwichItem,木瓜果酱三明治,false
foodPapayajuice,1xitem.papayajuiceItem@0,harvestcraft:papayajuiceItem,木瓜汁,false
foodPapayasmoothie,1xitem.papayasmoothieItem@0,harvestcraft:papayasmoothieItem,木瓜冰沙,false
foodPapayayogurt,1xitem.papayayogurtItem@0,harvestcraft:papayayogurtItem,木瓜酸奶,false
foodPasta,1xitem.pastaItem@0,harvestcraft:pastaItem,意粉,false
foodPavlova,1xitem.pavlovaItem@0,harvestcraft:pavlovaItem,巴甫洛娃蛋糕,false
foodPbandj,1xitem.pbandjItem@0,harvestcraft:pbandjItem,花生酱果酱三明治,false
foodPeaandhamsoup,1xitem.peaandhamsoupItem@0,harvestcraft:peaandhamsoupItem,豌豆火腿汤,false
foodPeachcobbler,1xitem.peachcobblerItem@0,harvestcraft:peachcobblerItem,桃子馅饼,false
foodPeachesandcreamoatmeal,1xitem.peachesandcreamoatmealItem@0,harvestcraft:peachesandcreamoatmealItem,桃子味奶油燕麦片,false
foodPeachjelly,1xitem.peachjellyItem@0,harvestcraft:peachjellyItem,桃子果酱,false
foodPeachjellysandwich,1xitem.peachjellysandwichItem@0,harvestcraft:peachjellysandwichItem,桃子果酱三明治,false
foodPeachjuice,1xitem.peachjuiceItem@0,harvestcraft:peachjuiceItem,桃子汁,false
foodPeachsmoothie,1xitem.peachsmoothieItem@0,harvestcraft:peachsmoothieItem,桃子冰沙,false
foodPeachyogurt,1xitem.peachyogurtItem@0,harvestcraft:peachyogurtItem,桃子酸奶,false
foodPeanutbutter,1xitem.peanutbutterItem@0,harvestcraft:peanutbutterItem,花生酱,false
foodPeanutbuttercookies,1xitem.peanutbuttercookiesItem@0,harvestcraft:peanutbuttercookiesItem,花生酱饼干,false
foodPearjelly,1xitem.pearjellyItem@0,harvestcraft:pearjellyItem,秋梨枇杷冻,false
foodPearjellysandwich,1xitem.pearjellysandwichItem@0,harvestcraft:pearjellysandwichItem,秋梨枇杷冻三明治,false
foodPearjuice,1xitem.pearjuiceItem@0,harvestcraft:pearjuiceItem,梨汁,false
foodPearsmoothie,1xitem.pearsmoothieItem@0,harvestcraft:pearsmoothieItem,梨子冰沙,false
foodPearyogurt,1xitem.pearyogurtItem@0,harvestcraft:pearyogurtItem,梨子酸奶,false
foodPeasandcelery,1xitem.peasandceleryItem@0,harvestcraft:peasandceleryItem,豌豆炒芹菜,false
foodPecanpie,1xitem.pecanpieItem@0,harvestcraft:pecanpieItem,山核桃派,false
foodPeppermint,1xitem.peppermintItem@0,harvestcraft:peppermintItem,薄荷糖,false
foodPepperoni,1xitem.pepperoniItem@0,harvestcraft:pepperoniItem,意大利香肠,false
foodPerchraw,1xitem.perchrawItem@0,harvestcraft:perchrawItem,生鲈鱼,false
foodPersimmonjelly,1xitem.persimmonjellyItem@0,harvestcraft:persimmonjellyItem,柿子果酱,false
foodPersimmonjellysanwich,1xitem.persimmonjellysandwichItem@0,harvestcraft:persimmonjellysandwichItem,柿子果酱三明治,false
foodPersimmonjuice,1xitem.persimmonjuiceItem@0,harvestcraft:persimmonjuiceItem,柿子汁,false
foodPersimmonsmoothie,1xitem.persimmonsmoothieItem@0,harvestcraft:persimmonsmoothieItem,柿子沙冰,false
foodPersimmonyogurt,1xitem.persimmonyogurtItem@0,harvestcraft:persimmonyogurtItem,柿子酸奶,false
foodPickledbeets,1xitem.pickledbeetsItem@0,harvestcraft:pickledbeetsItem,腌制甜菜,false
foodPickledonions,1xitem.pickledonionsItem@0,harvestcraft:pickledonionsItem,腌洋葱,false
foodPickles,1xitem.picklesItem@0,harvestcraft:picklesItem,咸菜,false
foodPinacolada,1xitem.pinacoladaItem@0,harvestcraft:pinacoladaItem,冰镇果汁朗姆酒,false
foodPineappleham,1xitem.pineapplehamItem@0,harvestcraft:pineapplehamItem,菠萝火腿,false
foodPineappleupsidedowncake,1xitem.pineappleupsidedowncakeItem@0,harvestcraft:pineappleupsidedowncakeItem,菠萝翻转蛋糕,false
foodPineappleyogurt,1xitem.pineappleyogurtItem@0,harvestcraft:pineappleyogurtItem,菠萝酸奶,false
foodPistachiobakedsalmon,1xitem.pistachiobakedsalmonItem@0,harvestcraft:pistachiobakedsalmonItem,开心果烤三文鱼,false
foodPistachiobutter,1xitem.pistachiobutterItem@0,harvestcraft:pistachiobutterItem,开心果奶油,false
foodPistachioicecream,1xitem.pistachioicecreamItem@0,harvestcraft:pistachioicecreamItem,开心果冰淇淋,false
foodPizza,1xitem.pizzaItem@0,harvestcraft:pizzaItem,披萨,false
foodPlainyogurt,1xitem.plainyogurtItem@0,harvestcraft:plainyogurtItem,原味酸奶,false
foodPloughmanslunch,1xitem.ploughmanslunchItem@0,harvestcraft:ploughmanslunchItem,农夫午餐,false
foodPlumjelly,1xitem.plumjellyItem@0,harvestcraft:plumjellyItem,李子果酱,false
foodPlumjellysandwich,1xitem.plumjellysandwichItem@0,harvestcraft:plumjellysandwichItem,李子果酱三明治,false
foodPlumjuice,1xitem.plumjuiceItem@0,harvestcraft:plumjuiceItem,李子汁,false
foodPlumsmoothie,1xitem.plumsmoothieItem@0,harvestcraft:plumsmoothieItem,李子冰沙,false
foodPlumyogurt,1xitem.plumyogurtItem@0,harvestcraft:plumyogurtItem,李子酸奶,false
foodPoachedpear,1xitem.poachedpearItem@0,harvestcraft:poachedpearItem,水煮梨,false
foodPomegranatejelly,1xitem.pomegranatejellyItem@0,harvestcraft:pomegranatejellyItem,石榴果酱,false
foodPomegranatejellysandwich,1xitem.pomegranatejellysandwichItem@0,harvestcraft:pomegranatejellysandwichItem,石榴果酱三明治,false
foodPomegranatejuice,1xitem.pomegranatejuiceItem@0,harvestcraft:pomegranatejuiceItem,石榴汁,false
foodPomegranatesmoothie,1xitem.pomegranatesmoothieItem@0,harvestcraft:pomegranatesmoothieItem,石榴冰沙,false
foodPomegranateyogurt,1xitem.pomegranateyogurtItem@0,harvestcraft:pomegranateyogurtItem,石榴酸奶,false
foodPorklettucewrap,1xitem.porklettucewrapItem@0,harvestcraft:porklettucewrapItem,猪肉生菜卷,false
foodPorklomein,1xitem.porklomeinItem@0,harvestcraft:porklomeinItem,肉捞面,false
foodPorksausage,1xitem.porksausageItem@0,harvestcraft:porksausageItem,猪肉香肠,false
foodPotatoandcheesepirogi,1xitem.potatoandcheesepirogiItem@0,harvestcraft:potatoandcheesepirogiItem,土豆芝士馅饼,false
foodPotatoandleeksoup,1xitem.potatoandleeksoupItem@0,harvestcraft:potatoandleeksoupItem,大葱土豆汤,false
foodPotatocakes,1xitem.potatocakesItem@0,harvestcraft:potatocakesItem,薯泥饼,false
foodPotatosalad,1xitem.potatosaladItem@0,harvestcraft:potatosaladItem,土豆沙拉,false
foodPotatosoup,1xitem.potatosoupItem@0,harvestcraft:potatosoupItem,土豆汤,false
foodPotroast,1xitem.potroastItem@0,harvestcraft:potroastItem,红烧牛肉,false
foodPowdereddonut,1xitem.powdereddonutItem@0,harvestcraft:powdereddonutItem,粉甜甜圈,false
foodPralines,1xitem.pralinesItem@0,harvestcraft:pralinesItem,胡桃糖,false
foodPumpkinbread,1xitem.pumpkinbreadItem@0,harvestcraft:pumpkinbreadItem,南瓜面包,false
foodPumpkinoatscones,1xitem.pumpkinoatsconesItem@0,harvestcraft:pumpkinoatsconesItem,南瓜燕麦馅饼,false
foodPumpkinsoup,1xitem.pumpkinsoupItem@0,harvestcraft:pumpkinsoupItem,南瓜汤,false
foodPumpkinyogurt,1xitem.pumpkinyogurtItem@0,harvestcraft:pumpkinyogurtItem,南瓜酸奶,false
foodRabbitcooked,1xitem.rabbitcookedItem@0,harvestcraft:rabbitcookedItem,熟兔肉,false
foodRabbitraw,1xitem.rabbitrawItem@0,harvestcraft:rabbitrawItem,生兔肉,false
foodRainbowcurry,1xitem.rainbowcurryItem@0,harvestcraft:rainbowcurryItem,彩虹咖喱,false
foodRaisincookies,1xitem.raisincookiesItem@0,harvestcraft:raisincookiesItem,葡萄干饼干,false
foodRaisins,1xitem.raisinsItem@0,harvestcraft:raisinsItem,葡萄干,false
foodRaspberryicedtea,1xitem.raspberryicedteaItem@0,harvestcraft:raspberryicedteaItem,树莓冰茶,false
foodRaspberryjelly,1xitem.raspberryjellyItem@0,harvestcraft:raspberryjellyItem,树莓果酱,false
foodRaspberryjellysandwich,1xitem.raspberryjellysandwichItem@0,harvestcraft:raspberryjellysandwichItem,树莓果酱三明治,false
foodRaspberryjuice,1xitem.raspberryjuiceItem@0,harvestcraft:raspberryjuiceItem,树莓汁,false
foodRaspberrypie,1xitem.raspberrypieItem@0,harvestcraft:raspberrypieItem,树莓派,false
foodRaspberrysmoothie,1xitem.raspberrysmoothieItem@0,harvestcraft:raspberrysmoothieItem,树莓冰沙,false
foodRaspberrytrifle,1xitem.raspberrytrifleItem@0,harvestcraft:raspberrytrifleItem,树莓蛋奶层叠蛋糕,false
foodRaspberryyogurt,1xitem.raspberryyogurtItem@0,harvestcraft:raspberryyogurtItem,树莓酸奶,false
foodRedvelvetcake,1xitem.redvelvetcakeItem@0,harvestcraft:redvelvetcakeItem,红丝绒蛋糕,false
foodRefriedbeans,1xitem.refriedbeansItem@0,harvestcraft:refriedbeansItem,炸豆泥,false
foodRicecake,1xitem.ricecakeItem@0,harvestcraft:ricecakeItem,米糕,false
foodRicesoup,1xitem.ricesoupItem@0,harvestcraft:ricesoupItem,汤泡饭,false
foodRoastchicken,1xitem.roastchickenItem@0,harvestcraft:roastchickenItem,烤鸡,false
foodRoastedchestnut,1xitem.roastedchestnutItem@0,harvestcraft:roastedchestnutItem,烤板栗,false
foodRoastedpumpkinseeds,1xitem.roastedpumpkinseedsItem@0,harvestcraft:roastedpumpkinseedsItem,烤南瓜种子,false
foodRoastedrootveggiemedley,1xitem.roastedrootveggiemedleyItem@0,harvestcraft:roastedrootveggiemedleyItem,蔬菜拼盘,false
foodRoastpotatoes,1xitem.roastpotatoesItem@0,harvestcraft:roastpotatoesItem,烤土豆,false
foodRootbeersoda,1xitem.rootbeersodaItem@0,harvestcraft:rootbeersodaItem,根汁汽水,false
foodSaladdressing,1xitem.saladdressingItem@0,harvestcraft:saladdressingItem,沙拉酱,false
foodSalmonpatties,1xitem.salmonpattiesItem@0,harvestcraft:salmonpattiesItem,三文鱼饼,false
foodSalmonraw,1xitem.fish@1,minecraft:fish,生鲑鱼,false
foodSalt,1xitem.saltItem@0,harvestcraft:saltItem,盐,false
foodSaltedsunflowerseeds,1xitem.saltedsunflowerseedsItem@0,harvestcraft:saltedsunflowerseedsItem,腌制瓜子,false
foodSausage,1xitem.sausageItem@0,harvestcraft:sausageItem,香肠,false
foodSausageinbread,1xitem.sausageinbreadItem@0,harvestcraft:sausageinbreadItem,香肠面包,false
foodSausageroll,1xitem.sausagerollItem@0,harvestcraft:sausagerollItem,香肠卷,false
foodScallionbakedpotato,1xitem.scallionbakedpotatoItem@0,harvestcraft:scallionbakedpotatoItem,青葱烤土豆,false
foodScallopcooked,1xitem.scallopcookedItem@0,harvestcraft:scallopcookedItem,熟扇贝,false
foodScallopraw,1xitem.scalloprawItem@0,harvestcraft:scalloprawItem,生扇贝,false
foodScrambledegg,1xitem.scrambledeggItem@0,harvestcraft:scrambledeggItem,炒蛋,false
foodSeedsoup,1xitem.seedsoupItem@0,harvestcraft:seedsoupItem,种子汤,false
foodSesameball,1xitem.sesameballItem@0,harvestcraft:sesameballItem,芝麻球,false
foodSesamesnaps,1xitem.sesamesnapsItem@0,harvestcraft:sesamesnapsItem,芝麻糖片,false
foodShepherdspie,1xitem.shepardspieItem@0,harvestcraft:shepardspieItem,土豆肉饼,false
foodShrimpcooked,1xitem.shrimpcookedItem@0,harvestcraft:shrimpcookedItem,熟虾,false
foodShrimpokrahushpuppies,1xitem.shrimpokrahushpuppiesItem@0,harvestcraft:shrimpokrahushpuppiesItem,虾肉秋葵玉米饼,false
foodShrimpraw,1xitem.shrimprawItem@0,harvestcraft:shrimprawItem,生虾,false
foodSilkentofu,1xitem.silkentofuItem@0,harvestcraft:silkentofuItem,绢豆腐,false
foodSnailcooked,1xitem.snailcookedItem@0,harvestcraft:snailcookedItem,熟蜗牛,false
foodSnailraw,1xitem.snailrawItem@0,harvestcraft:snailrawItem,生蜗牛,false
foodSnapperraw,1xitem.snapperrawItem@0,harvestcraft:snapperrawItem,生鲷鱼,false
foodSnickersbar,1xitem.snickersbarItem@0,harvestcraft:snickersbarItem,士力架,false
foodSoftpretzel,1xitem.softpretzelItem@0,harvestcraft:softpretzelItem,椒盐脆饼,false
foodSoftpretzelandmustard,1xitem.softpretzelandmustardItem@0,harvestcraft:softpretzelandmustardItem,芥末椒盐脆饼,false
foodSoymilk,1xitem.soymilkItem@0,harvestcraft:soymilkItem,豆浆,false
foodSoysauce,1xitem.soysauceItem@0,harvestcraft:soysauceItem,酱油,false
foodSpagetti,1xitem.spagettiItem@0,harvestcraft:spagettiItem,意大利面,false
foodSpagettiandmeatballs,1xitem.spagettiandmeatballsItem@0,harvestcraft:spagettiandmeatballsItem,肉丸意大利面,false
foodSpicebun,1xitem.spicebunItem@0,harvestcraft:spicebunItem,香料圆面包,false
foodSpicygreens,1xitem.spicygreensItem@0,harvestcraft:spicygreensItem,辛辣蔬菜,false
foodSpicymustardpork,1xitem.spicymustardporkItem@0,harvestcraft:spicymustardporkItem,辛辣芥末猪肉,false
foodSpidereyesoup,1xitem.spidereyesoupItem@0,harvestcraft:spidereyesoupItem,蜘蛛眼汤,false
foodSpinachpie,1xitem.spinachpieItem@0,harvestcraft:spinachpieItem,菠菜派,false
foodSplitpeasoup,1xitem.splitpeasoupItem@0,harvestcraft:splitpeasoupItem,豌豆汤,false
foodSpringsalad,1xitem.springsaladItem@0,harvestcraft:springsaladItem,蔬菜沙拉,false
foodSpumoniicecream,1xitem.spumoniicecreamItem@0,harvestcraft:spumoniicecreamItem,意式冰淇淋,false
foodStarfruitjelly,1xitem.starfruitjellyItem@0,harvestcraft:starfruitjellyItem,杨桃果酱,false
foodStarfruitjellysandwich,1xitem.starfruitjellysandwichItem@0,harvestcraft:starfruitjellysandwichItem,杨桃果酱三明治,false
foodStarfruitjuice,1xitem.starfruitjuiceItem@0,harvestcraft:starfruitjuiceItem,杨桃汁,false
foodStarfruitsmoothie,1xitem.starfruitsmoothieItem@0,harvestcraft:starfruitsmoothieItem,杨桃冰沙,false
foodStarfruityogurt,1xitem.starfruityogurtItem@0,harvestcraft:starfruityogurtItem,杨桃酸奶,false
foodSteakandchips,1xitem.steakandchipsItem@0,harvestcraft:steakandchipsItem,薯条牛排,false
foodSteamedpeas,1xitem.steamedpeasItem@0,harvestcraft:steamedpeasItem,清蒸豌豆,false
foodSteamedspinach,1xitem.steamedspinachItem@0,harvestcraft:steamedspinachItem,清蒸菠菜,false
foodStock,1xitem.stockItem@0,harvestcraft:stockItem,底汤,false
foodStrawberryicecream,1xitem.strawberryicecreamItem@0,harvestcraft:strawberryicecreamItem,草莓冰淇淋,false
foodStrawberryjelly,1xitem.strawberryjellyItem@0,harvestcraft:strawberryjellyItem,草莓果酱,false
foodStrawberryjellysandwich,1xitem.strawberryjellysandwichItem@0,harvestcraft:strawberryjellysandwichItem,草莓果酱三明治,false
foodStrawberryjuice,1xitem.strawberryjuiceItem@0,harvestcraft:strawberryjuiceItem,草莓汁,false
foodStrawberrymilkshake,1xitem.strawberrymilkshakeItem@0,harvestcraft:strawberrymilkshakeItem,草莓奶昔,false
foodStrawberrypie,1xitem.strawberrypieItem@0,harvestcraft:strawberrypieItem,草莓派,false
foodStrawberrysalad,1xitem.strawberrysaladItem@0,harvestcraft:strawberrysaladItem,草莓沙拉,false
foodStrawberrysmoothie,1xitem.strawberrysmoothieItem@0,harvestcraft:strawberrysmoothieItem,草莓冰沙,false
foodStrawberrysoda,1xitem.strawberrysodaItem@0,harvestcraft:strawberrysodaItem,草莓汽水,false
foodStrawberryyogurt,1xitem.strawberryyogurtItem@0,harvestcraft:strawberryyogurtItem,草莓酸奶,false
foodStuffedeggplant,1xitem.stuffedeggplantItem@0,harvestcraft:stuffedeggplantItem,香酥茄盒,false
foodStuffedmushroom,1xitem.stuffedmushroomItem@0,harvestcraft:stuffedmushroomItem,瓤冬菇盒,false
foodStuffedpepper,1xitem.stuffedpepperItem@0,harvestcraft:stuffedpepperItem,瓤柿子椒,false
foodSummerradishsalad,1xitem.summerradishsaladItem@0,harvestcraft:summerradishsaladItem,水萝卜沙拉,false
foodSummersquashwithradish,1xitem.summersquashwithradishItem@0,harvestcraft:summersquashwithradishItem,西葫芦炒萝卜,false
foodSundayroast,1xitem.sundayroastItem@0,harvestcraft:sundayroastItem,周日烤肉,false
foodSunflowerbroccolisalad,1xitem.sunflowerbroccolisaladItem@0,harvestcraft:sunflowerbroccolisaladItem,瓜子椰菜沙拉,false
foodSunflowerwheatrolls,1xitem.sunflowerwheatrollsItem@0,harvestcraft:sunflowerwheatrollsItem,瓜子蛋糕卷,false
foodSupremepizza,1xitem.supremepizzaItem@0,harvestcraft:supremepizzaItem,至尊披萨,false
foodSushi,1xitem.sushiItem@0,harvestcraft:sushiItem,寿司,false
foodSweetpickle,1xitem.sweetpickleItem@0,harvestcraft:sweetpickleItem,糖渍黄瓜,false
foodSweetpotatopie,1xitem.sweetpotatopieItem@0,harvestcraft:sweetpotatopieItem,红薯派,false
foodSweetpotatosouffle,1xitem.sweetpotatosouffleItem@0,harvestcraft:sweetpotatosouffleItem,红薯派,false
foodTaco,1xitem.tacoItem@0,harvestcraft:tacoItem,塔可饼,false
foodTaffy,1xitem.taffyItem@0,harvestcraft:taffyItem,太妃糖,false
foodTea,1xitem.teaItem@0,harvestcraft:teaItem,一杯茶,false
foodTilapiaraw,1xitem.tilapiarawItem@0,harvestcraft:tilapiarawItem,生罗非鱼,false
foodTimtam,1xitem.timtamItem@0,harvestcraft:timtamItem,巧克力威化,false
foodToadinthehole,1xitem.toadintheholeItem@0,harvestcraft:toadintheholeItem,布丁香肠,false
foodToast,1xitem.toastItem@0,harvestcraft:toastItem,烤面包,false
foodToastedcoconut,1xitem.toastedcoconutItem@0,harvestcraft:toastedcoconutItem,烤椰子,false
foodToastsandwich,1xitem.toastsandwichItem@0,harvestcraft:toastsandwichItem,烤三明治,false
foodTomatosoup,1xitem.tomatosoupItem@0,harvestcraft:tomatosoupItem,番茄汤,false
foodTortilla,1xitem.tortillaItem@0,harvestcraft:tortillaItem,墨西哥玉米饼,false
foodTrailmix,1xitem.trailmixItem@0,harvestcraft:trailmixItem,什锦蜜饯,false
foodTroutraw,1xitem.troutrawItem@0,harvestcraft:troutrawItem,生鳟鱼,false
foodTunapotato,1xitem.tunapotatoItem@0,harvestcraft:tunapotatoItem,金枪鱼土豆,false
foodTunaraw,1xitem.tunarawItem@0,harvestcraft:tunarawItem,生金枪鱼,false
foodTurkeycooked,1xitem.turkeycookedItem@0,harvestcraft:turkeycookedItem,熟火鸡,false
foodTurkeyraw,1xitem.turkeyrawItem@0,harvestcraft:turkeyrawItem,生火鸡,false
foodTurnipsoup,1xitem.turnipsoupItem@0,harvestcraft:turnipsoupItem,芜菁汤,false
foodTurtlecooked,1xitem.turtlecookedItem@0,harvestcraft:turtlecookedItem,熟海龟,false
foodTurtleraw,1xitem.turtlerawItem@0,harvestcraft:turtlerawItem,生海龟,false
foodVanilla,1xitem.vanillaItem@0,harvestcraft:vanillaItem,香草,false
foodVanillaicecream,1xitem.vanillaicecreamItem@0,harvestcraft:vanillaicecreamItem,香草冰淇淋,false
foodVanillayogurt,1xitem.vanillayogurtItem@0,harvestcraft:vanillayogurtItem,香草酸奶,false
foodVegemite,1xitem.vegemiteItem@0,harvestcraft:vegemiteItem,维吉米特黑酱,false
foodVegemiteontoast,1xitem.vegemiteontoastItem@0,harvestcraft:vegemiteontoastItem,维吉米特黑酱土司,false
foodVegetablesoup,1xitem.vegetablesoupItem@0,harvestcraft:vegetablesoupItem,蔬菜汤,false
foodVegetarianlettucewrap,1xitem.vegetarianlettucewrapItem@0,harvestcraft:vegetarianlettucewrapItem,素味生菜卷,false
foodVeggiestirfry,1xitem.veggiestirfryItem@0,harvestcraft:veggiestirfryItem,炒蔬菜,false
foodVeggiestrips,1xitem.veggiestripsItem@0,harvestcraft:veggiestripsItem,蔬菜条,false
foodVenisoncooked,1xitem.venisoncookedItem@0,harvestcraft:venisoncookedItem,熟鹿肉,false
foodVenisonraw,1xitem.venisonrawItem@0,harvestcraft:venisonrawItem,生鹿肉,false
foodVindaloo,1xitem.vindalooItem@0,harvestcraft:vindalooItem,温达卢咖喱,false
foodVinegar,1xitem.vinegarItem@0,harvestcraft:vinegarItem,醋,false
foodWaffles,1xitem.wafflesItem@0,harvestcraft:wafflesItem,华夫饼,false
foodWalleyraw,1xitem.walleyerawItem@0,harvestcraft:walleyerawItem,生碧古鱼,false
foodWalnutraisinbread,1xitem.walnutraisinbreadItem@0,harvestcraft:walnutraisinbreadItem,核桃葡萄干面包,false
foodWatermelonjelly,1xitem.watermelonjellyItem@0,harvestcraft:watermelonjellyItem,西瓜果酱,false
foodWatermelonjellysandwich,1xitem.watermelonjellysandwichItem@0,harvestcraft:watermelonjellysandwichItem,西瓜果酱三明治,false
foodYorkshirepudding,1xitem.yorkshirepuddingItem@0,harvestcraft:yorkshirepuddingItem,约克郡布丁,false
foodZeppole,1xitem.zeppoleItem@0,harvestcraft:zeppoleItem,炸面饼圈,false
foodZestyzucchini,1xitem.zestyzucchiniItem@0,harvestcraft:zestyzucchiniItem,西葫芦意面,false
foodZombiejerky,1xitem.zombiejerkyItem@0,harvestcraft:zombiejerkyItem,僵尸肉干,false
foodZucchinibake,1xitem.zucchinibakeItem@0,harvestcraft:zucchinibakeItem,烤西葫芦,false
foodZucchinibread,1xitem.zucchinibreadItem@0,harvestcraft:zucchinibreadItem,西葫芦面包,false
foodZucchinifries,1xitem.zucchinifriesItem@0,harvestcraft:zucchinifriesItem,西葫芦条,false
foodchorizo,1xitem.chorizoItem@0,harvestcraft:chorizoItem,西班牙香肠,false
fruitBait,1xitem.fruitbaitItem@0,harvestcraft:fruitbaitItem,水果诱饵,false
fuelCoke,1xitem.ImmersiveEngineering.material@6,ImmersiveEngineering:material,焦煤,false
gaiaIngot,1xitem.manaResource@14,Botania:manaResource,盖亚魂锭,false
gearBronze,1xitem.thermalfoundation.material@137,ThermalFoundation:material,青铜齿轮,false
gearCopper,1xitem.thermalfoundation.material@128,ThermalFoundation:material,铜齿轮,false
gearElectrum,1xitem.thermalfoundation.material@135,ThermalFoundation:material,琥珀金齿轮,false
gearEnderium,1xitem.thermalfoundation.material@140,ThermalFoundation:material,末影齿轮,false
gearGold,1xitem.thermalfoundation.material@13,ThermalFoundation:material,金齿轮,false
gearInvar,1xitem.thermalfoundation.material@136,ThermalFoundation:material,因瓦合金齿轮,false
gearIron,1xitem.thermalfoundation.material@12,ThermalFoundation:material,铁齿轮,false
gearLead,1xitem.thermalfoundation.material@131,ThermalFoundation:material,铅齿轮,false
gearLumium,1xitem.thermalfoundation.material@139,ThermalFoundation:material,流明齿轮,false
gearMithril,1xitem.thermalfoundation.material@134,ThermalFoundation:material,蕴魔秘银齿轮,false
gearNickel,1xitem.thermalfoundation.material@132,ThermalFoundation:material,镍齿轮,false
gearPlatinum,1xitem.thermalfoundation.material@133,ThermalFoundation:material,铂齿轮,false
gearSignalum,1xitem.thermalfoundation.material@138,ThermalFoundation:material,信素齿轮,false
gearSilver,1xitem.thermalfoundation.material@130,ThermalFoundation:material,银齿轮,false
gearTin,1xitem.thermalfoundation.material@129,ThermalFoundation:material,锡齿轮,false
gearWood,1xitem.appliedenergistics2.ItemMaterial@40,appliedenergistics2:item.ItemMultiMaterial,木齿轮,false
gemCrystalFlux,1xitem.redstonearsenal.material@96,RedstoneArsenal:material,红石水晶,false
gemDiamond,1xitem.diamond@0,minecraft:diamond,钻石,false
gemEmerald,1xitem.emerald@0,minecraft:emerald,绿宝石,false
gemLapis,1xitem.dyePowder@4,minecraft:dye,青金石,false
gemPeridot,1xitem.projectred.core.part@39,ProjRed|Core:projectred.core.part,绿橄榄石,false
gemQuartz,1xitem.netherquartz@0,minecraft:quartz,下界石英,false
gemRuby,1xitem.projectred.core.part@37,ProjRed|Core:projectred.core.part,红宝石,false
gemSapphire,1xitem.projectred.core.part@38,ProjRed|Core:projectred.core.part,蓝宝石,false
glass,1xtile.glass@0,minecraft:glass,玻璃,false
glass,1xtile.blockFusedQuartz@1,EnderIO:blockFusedQuartz,纯净玻璃,false
glassBlack,1xtile.GlassBlock.StainedClear@15,TConstruct:GlassBlock.StainedClear,黑色玻璃,false
glassBlue,1xtile.GlassBlock.StainedClear@11,TConstruct:GlassBlock.StainedClear,蓝色玻璃,false
glassBrown,1xtile.GlassBlock.StainedClear@12,TConstruct:GlassBlock.StainedClear,棕色玻璃,false
glassCyan,1xtile.GlassBlock.StainedClear@9,TConstruct:GlassBlock.StainedClear,青色玻璃,false
glassGray,1xtile.GlassBlock.StainedClear@7,TConstruct:GlassBlock.StainedClear,灰色玻璃,false
glassGreen,1xtile.GlassBlock.StainedClear@13,TConstruct:GlassBlock.StainedClear,绿色玻璃,false
glassLightBlue,1xtile.GlassBlock.StainedClear@3,TConstruct:GlassBlock.StainedClear,淡蓝玻璃,false
glassLightGray,1xtile.GlassBlock.StainedClear@8,TConstruct:GlassBlock.StainedClear,淡灰玻璃,false
glassLime,1xtile.GlassBlock.StainedClear@5,TConstruct:GlassBlock.StainedClear,黄绿玻璃,false
glassMagenta,1xtile.GlassBlock.StainedClear@2,TConstruct:GlassBlock.StainedClear,品红玻璃,false
glassOrange,1xtile.GlassBlock.StainedClear@1,TConstruct:GlassBlock.StainedClear,橙色玻璃,false
glassPink,1xtile.GlassBlock.StainedClear@6,TConstruct:GlassBlock.StainedClear,粉色玻璃,false
glassPurple,1xtile.GlassBlock.StainedClear@10,TConstruct:GlassBlock.StainedClear,紫色玻璃,false
glassReactor,1xtile.brMultiblockGlass.0@0,BigReactors:BRMultiblockGlass,反应堆玻璃,false
glassRed,1xtile.GlassBlock.StainedClear@14,TConstruct:GlassBlock.StainedClear,红色玻璃,false
glassTurbine,1xtile.brMultiblockGlass.0@1,BigReactors:BRMultiblockGlass,涡轮机玻璃,false
glassWhite,1xtile.GlassBlock.StainedClear@0,TConstruct:GlassBlock.StainedClear,白色玻璃,false
glassYellow,1xtile.GlassBlock.StainedClear@4,TConstruct:GlassBlock.StainedClear,黄色玻璃,false
glotek,1xtile.chisel.glotek@0,chisel:glotek,GloTek,false
glowstone,1xtile.lightgem@0,minecraft:glowstone,萤石,false
glowstone,1xtile.extrautils:color_lightgem@0,ExtraUtilities:color_lightgem,染色 萤石（白色）,false
glowstone,1xtile.extrautils:color_lightgem@1,ExtraUtilities:color_lightgem,染色 萤石（橙色）,false
glowstone,1xtile.extrautils:color_lightgem@2,ExtraUtilities:color_lightgem,染色 萤石（品红色）,false
glowstone,1xtile.extrautils:color_lightgem@3,ExtraUtilities:color_lightgem,染色 萤石（淡蓝色）,false
glowstone,1xtile.extrautils:color_lightgem@4,ExtraUtilities:color_lightgem,染色 萤石（黄色）,false
glowstone,1xtile.extrautils:color_lightgem@5,ExtraUtilities:color_lightgem,染色 萤石（黄绿色）,false
glowstone,1xtile.extrautils:color_lightgem@6,ExtraUtilities:color_lightgem,染色 萤石（粉色）,false
glowstone,1xtile.extrautils:color_lightgem@7,ExtraUtilities:color_lightgem,染色 萤石（灰色）,false
glowstone,1xtile.extrautils:color_lightgem@8,ExtraUtilities:color_lightgem,染色 萤石（淡灰色）,false
glowstone,1xtile.extrautils:color_lightgem@9,ExtraUtilities:color_lightgem,染色 萤石（青色）,false
glowstone,1xtile.extrautils:color_lightgem@10,ExtraUtilities:color_lightgem,染色 萤石（紫色）,false
glowstone,1xtile.extrautils:color_lightgem@11,ExtraUtilities:color_lightgem,染色 萤石（蓝色）,false
glowstone,1xtile.extrautils:color_lightgem@12,ExtraUtilities:color_lightgem,染色 萤石（棕色）,false
glowstone,1xtile.extrautils:color_lightgem@13,ExtraUtilities:color_lightgem,染色 萤石（绿色）,false
glowstone,1xtile.extrautils:color_lightgem@14,ExtraUtilities:color_lightgem,染色 萤石（红色）,false
glowstone,1xtile.extrautils:color_lightgem@15,ExtraUtilities:color_lightgem,染色 萤石（黑色）,false
glowstoneBlack,1xtile.extrautils:color_lightgem@0,ExtraUtilities:color_lightgem,染色 萤石（白色）,false
glowstoneBlue,1xtile.extrautils:color_lightgem@4,ExtraUtilities:color_lightgem,染色 萤石（黄色）,false
glowstoneBrown,1xtile.extrautils:color_lightgem@3,ExtraUtilities:color_lightgem,染色 萤石（淡蓝色）,false
glowstoneCyan,1xtile.extrautils:color_lightgem@6,ExtraUtilities:color_lightgem,染色 萤石（粉色）,false
glowstoneGray,1xtile.extrautils:color_lightgem@8,ExtraUtilities:color_lightgem,染色 萤石（淡灰色）,false
glowstoneGreen,1xtile.extrautils:color_lightgem@2,ExtraUtilities:color_lightgem,染色 萤石（品红色）,false
glowstoneLightBlue,1xtile.extrautils:color_lightgem@12,ExtraUtilities:color_lightgem,染色 萤石（棕色）,false
glowstoneLightGray,1xtile.extrautils:color_lightgem@7,ExtraUtilities:color_lightgem,染色 萤石（灰色）,false
glowstoneLime,1xtile.extrautils:color_lightgem@10,ExtraUtilities:color_lightgem,染色 萤石（紫色）,false
glowstoneMagenta,1xtile.extrautils:color_lightgem@13,ExtraUtilities:color_lightgem,染色 萤石（绿色）,false
glowstoneOrange,1xtile.extrautils:color_lightgem@14,ExtraUtilities:color_lightgem,染色 萤石（红色）,false
glowstonePink,1xtile.extrautils:color_lightgem@9,ExtraUtilities:color_lightgem,染色 萤石（青色）,false
glowstonePurple,1xtile.extrautils:color_lightgem@5,ExtraUtilities:color_lightgem,染色 萤石（黄绿色）,false
glowstoneRed,1xtile.extrautils:color_lightgem@1,ExtraUtilities:color_lightgem,染色 萤石（橙色）,false
glowstoneWhite,1xtile.extrautils:color_lightgem@15,ExtraUtilities:color_lightgem,染色 萤石（黑色）,false
glowstoneYellow,1xtile.extrautils:color_lightgem@11,ExtraUtilities:color_lightgem,染色 萤石（蓝色）,false
grainBait,1xitem.grainbaitItem@0,harvestcraft:grainbaitItem,谷物诱饵,false
grass,1xtile.grass@0,minecraft:grass,草方块,false
gravel,1xtile.gravel@0,minecraft:gravel,沙砾,false
grubBee,1xitem.grubItem@0,harvestcraft:grubItem,蜜蜂幼虫,false
hambone,1xtile.tconstruct.meatblock@0,TConstruct:MeatBlock,火腿块,false
hardenedClay,1xtile.clayHardened@32767,minecraft:hardened_clay,(wildcard),true
hempcretesand,1xtile.chisel.hempcretesand@0,chisel:hempcretesand,粉状汉麻混凝土,false
holystone,1xtile.chisel.holystone@0,chisel:holystone,神圣石,false
ice,1xtile.ice@0,minecraft:ice,冰,false
imperioMaterial,1xitem.ArditeEssence@0,magicalcrops:ArditeEssence,阿迪特原质,false
imperioMaterial,1xitem.NickelEssence@0,magicalcrops:NickelEssence,镍原质,false
imperioMaterial,1xitem.SilverEssence@0,magicalcrops:SilverEssence,银原质,false
imperioMaterial,1xitem.YelloriteEssence@0,magicalcrops:YelloriteEssence,Yellorite原质,false
imperioMaterial,1xitem.AlumiteEssence@0,magicalcrops:AlumiteEssence,耐酸铝原质,false
imperioMaterial,1xitem.BlizzEssence@0,magicalcrops:BlizzEssence,暴雪原质,false
imperioMaterial,1xitem.ElectrumEssence@0,magicalcrops:ElectrumEssence,琥珀金原质,false
imperioMaterial,1xitem.FluixEssence@0,magicalcrops:FluixEssence,福鲁伊克斯原质,false
imperioMaterial,1xitem.InvarEssence@0,magicalcrops:InvarEssence,因瓦合金原质,false
imperioMaterial,1xitem.LumiumEssence@0,magicalcrops:LumiumEssence,流明锭原质,false
imperioMaterial,1xitem.SignalumEssence@0,magicalcrops:SignalumEssence,信素锭原质,false
imperioMaterial,1xitem.SteelEssence@0,magicalcrops:SteelEssence,钢原质,false
imperioMaterial,1xitem.ElectricalSteelEssence@0,magicalcrops:ElectricalSteelEssence,磁钢原质,false
imperioMaterial,1xitem.EnergeticAlloyEssence@0,magicalcrops:EnergeticAlloyEssence,充能合金原质,false
imperioMaterial,1xitem.ConductiveIronEssence@0,magicalcrops:ConductiveIronEssence,导电铁原质,false
imperioMaterial,1xitem.DarkSteelEssence@0,magicalcrops:DarkSteelEssence,玄钢原质,false
imperioMaterial,1xitem.SoulariumEssence@0,magicalcrops:SoulariumEssence,魂金原质,false
imperioMaterial,1xitem.IronEssence@0,magicalcrops:IronEssence,铁原质,false
imperioMaterial,1xitem.GoldEssence@0,magicalcrops:GoldEssence,金原质,false
imperioMaterial,1xitem.LapisEssence@0,magicalcrops:LapisEssence,青金石原质,false
imperioMaterial,1xitem.ExperienceEssence@0,magicalcrops:ExperienceEssence,经验原质,false
imperioMaterial,1xitem.QuartzEssence@0,magicalcrops:QuartzEssence,下届石英原质,false
imperioMaterial,1xitem.CreeperEssence@0,magicalcrops:CreeperEssence,苦力怕原质,false
imperioMaterial,1xitem.SkeletonEssence@0,magicalcrops:SkeletonEssence,骷髅原质,false
imperioMaterial,1xitem.GhastEssence@0,magicalcrops:GhastEssence,恶魂原质,false
imperioMaterial,1xitem.SpiderEssence@0,magicalcrops:SpiderEssence,蜘蛛原质,false
imperioMaterial,1xitem.SlimeEssence@0,magicalcrops:SlimeEssence,史莱姆原质,false
imperioMaterial,1xitem.EndermanEssence@0,magicalcrops:EndermanEssence,末影人原质,false
imperioMaterial,1xitem.BlazeEssence@0,magicalcrops:BlazeEssence,火焰原质,false
ingotAluminium,1xitem.tconstruct.Materials@11,TConstruct:materials,铝锭,false
ingotAluminium,1xexnihilo.aluminum_ingot@0,exnihilo:exnihilo.aluminum_ingot,铝锭,false
ingotAluminiumBrass,1xitem.tconstruct.Materials@14,TConstruct:materials,铝黄铜锭,false
ingotAluminum,1xitem.ImmersiveEngineering.metal@1,ImmersiveEngineering:metal,铝锭,false
ingotAluminum,1xitem.tconstruct.Materials@11,TConstruct:materials,铝锭,false
ingotAluminum,1xexnihilo.aluminum_ingot@0,exnihilo:exnihilo.aluminum_ingot,铝锭,false
ingotAluminumBrass,1xitem.tconstruct.Materials@14,TConstruct:materials,铝黄铜锭,false
ingotAlumite,1xitem.tconstruct.Materials@15,TConstruct:materials,耐酸铝锭,false
ingotArdite,1xitem.tconstruct.Materials@4,TConstruct:materials,阿迪特锭,false
ingotBlutonium,1xitem.ingot@3,BigReactors:BRIngot,蓝钚锭,false
ingotBrick,1xitem.brick@0,minecraft:brick,红砖,false
ingotBrickNether,1xitem.netherbrick@0,minecraft:netherbrick,地狱砖,false
ingotBronze,1xitem.thermalfoundation.material@73,ThermalFoundation:material,青铜锭,false
ingotBronze,1xitem.tconstruct.Materials@13,TConstruct:materials,青铜锭,false
ingotCobalt,1xitem.tconstruct.Materials@3,TConstruct:materials,钴锭,false
ingotConductiveIron,1xitem.itemAlloy@4,EnderIO:itemAlloy,导电铁锭,false
ingotConstantan,1xitem.ImmersiveEngineering.metal@5,ImmersiveEngineering:metal,康铜锭,false
ingotCopper,1xitem.thermalfoundation.material@64,ThermalFoundation:material,铜锭,false
ingotCopper,1xitem.ImmersiveEngineering.metal@0,ImmersiveEngineering:metal,铜锭,false
ingotCopper,1xitem.tconstruct.Materials@9,TConstruct:materials,铜锭,false
ingotCopper,1xitem.projectred.core.part@52,ProjRed|Core:projectred.core.part,铜锭,false
ingotCopper,1xexnihilo.copper_ingot@0,exnihilo:exnihilo.copper_ingot,铜锭,false
ingotCosmicNeutronium,1xitem.avaritia_resource@4,Avaritia:Resource,宇宙中子态素锭,false
ingotCrudeSteel,1xitem.itemAlloyEndergy@0,EnderIO:itemAlloyEndergy,复合黏土,false
ingotCrystalMatrix,1xitem.avaritia_resource@1,Avaritia:Resource,水晶矩阵锭,false
ingotCrystallineAlloy,1xitem.itemAlloyEndergy@1,EnderIO:itemAlloyEndergy,晶化合金,false
ingotCrystallinePinkSlime,1xitem.itemAlloyEndergy@4,EnderIO:itemAlloyEndergy,晶化粉红史莱姆,false
ingotCupronickel,1xitem.ImmersiveEngineering.metal@5,ImmersiveEngineering:metal,康铜锭,false
ingotCyanite,1xitem.ingot@1,BigReactors:BRIngot,蓝晶锭,false
ingotDarkSteel,1xitem.itemAlloy@6,EnderIO:itemAlloy,玄钢锭,false
ingotDraconium,1xitem.draconicevolution:draconiumIngot@0,DraconicEvolution:draconiumIngot,龙锭,false
ingotDraconiumAwakened,1xitem.draconicevolution:draconicIngot@0,DraconicEvolution:draconicIngot,觉醒龙锭,false
ingotDrulloy,1xitem.metal.item.ingotDrulloy@0,ExtraTiC:drulloyIngot,朱氏合金锭,false
ingotElectricalSteel,1xitem.itemAlloy@0,EnderIO:itemAlloy,磁钢锭,false
ingotElectrotineAlloy,1xitem.projectred.core.part@55,ProjRed|Core:projectred.core.part,蓝石合金锭,false
ingotElectrum,1xitem.thermalfoundation.material@71,ThermalFoundation:material,琥珀金锭,false
ingotElectrum,1xitem.ImmersiveEngineering.metal@6,ImmersiveEngineering:metal,琥珀金锭,false
ingotElectrumFlux,1xitem.redstonearsenal.material@32,RedstoneArsenal:material,红石琥珀金锭,false
ingotElvenElementium,1xitem.manaResource@7,Botania:manaResource,源质钢锭,false
ingotEndSteel,1xitem.itemAlloy@8,EnderIO:itemAlloy,末影钢锭,false
ingotEnderium,1xitem.thermalfoundation.material@76,ThermalFoundation:material,末影锭,false
ingotEnderiumBase,1xitem.itemPowderIngot@6,EnderIO:itemPowderIngot,末影锭粗胚,false
ingotEnergeticAlloy,1xitem.itemAlloy@1,EnderIO:itemAlloy,充能合金锭,false
ingotEnergeticSilver,1xitem.itemAlloyEndergy@5,EnderIO:itemAlloyEndergy,充能银,false
ingotFairy,1xitem.metal.item.ingotFunStuff@0,ExtraTiC:funStuffIngot,精灵锭,false
ingotGold,1xitem.ingotGold@0,minecraft:gold_ingot,金锭,false
ingotGraphite,1xitem.ingot@2,BigReactors:BRIngot,石墨棒,false
ingotHOPGraphite,1xitem.ImmersiveEngineering.metal@20,ImmersiveEngineering:metal,HOP石墨锭,false
ingotInfinity,1xitem.avaritia_resource@6,Avaritia:Resource,无尽之锭,false
ingotInvar,1xitem.thermalfoundation.material@72,ThermalFoundation:material,因瓦合金锭,false
ingotIron,1xitem.ingotIron@0,minecraft:iron_ingot,铁锭,false
ingotLead,1xitem.thermalfoundation.material@67,ThermalFoundation:material,铅锭,false
ingotLead,1xitem.ImmersiveEngineering.metal@2,ImmersiveEngineering:metal,铅锭,false
ingotLead,1xexnihilo.lead_ingot@0,exnihilo:exnihilo.lead_ingot,铅锭,false
ingotLudicrite,1xitem.ingot@8,BigReactors:BRIngot,纯镥锭,false
ingotLumium,1xitem.thermalfoundation.material@75,ThermalFoundation:material,流明锭,false
ingotManasteel,1xitem.manaResource@0,Botania:manaResource,魔力钢锭,false
ingotManyullyn,1xitem.tconstruct.Materials@5,TConstruct:materials,玛玉灵锭,false
ingotMeat,1xitem.mfr.meat.ingot.cooked@0,MineFactoryReloaded:meat.ingot.cooked,烤肉锭,false
ingotMeatRaw,1xitem.mfr.meat.ingot.raw@0,MineFactoryReloaded:meat.ingot.raw,生肉锭,false
ingotMelodicAlloy,1xitem.itemAlloyEndergy@2,EnderIO:itemAlloyEndergy,旋律合金,false
ingotMithril,1xitem.thermalfoundation.material@70,ThermalFoundation:material,蕴魔秘银锭,false
ingotNickel,1xitem.thermalfoundation.material@68,ThermalFoundation:material,镍锭,false
ingotNickel,1xitem.ImmersiveEngineering.metal@4,ImmersiveEngineering:metal,镍锭,false
ingotNickel,1xexnihilo.nickel_ingot@0,exnihilo:exnihilo.nickel_ingot,镍锭,false
ingotObsidian,1xitem.tconstruct.Materials@18,TConstruct:materials,黑曜石锭,false
ingotPigIron,1xitem.tconstruct.Materials@34,TConstruct:materials,生铁锭,false
ingotPlatinum,1xitem.thermalfoundation.material@69,ThermalFoundation:material,铂锭,false
ingotPlatinum,1xexnihilo.platinum_ingot@0,exnihilo:exnihilo.platinum_ingot,铂锭,false
ingotPlutonium,1xitem.ingot@3,BigReactors:BRIngot,蓝钚锭,false
ingotPokefennium,1xitem.metal.item.ingotFunStuff@1,ExtraTiC:funStuffIngot,铁血锭,false
ingotPulsatingIron,1xitem.itemAlloy@5,EnderIO:itemAlloy,脉冲铁锭,false
ingotRedAlloy,1xitem.projectred.core.part@10,ProjRed|Core:projectred.core.part,红石合金锭,false
ingotRed_aurum,1xitem.metal.item.ingotFunStuff@2,ExtraTiC:funStuffIngot,赤金锭,false
ingotRedstoneAlloy,1xitem.itemAlloy@3,EnderIO:itemAlloy,红石合金锭,false
ingotSignalum,1xitem.thermalfoundation.material@74,ThermalFoundation:material,信素锭,false
ingotSilver,1xitem.thermalfoundation.material@66,ThermalFoundation:material,银锭,false
ingotSilver,1xitem.ImmersiveEngineering.metal@3,ImmersiveEngineering:metal,银锭,false
ingotSilver,1xitem.projectred.core.part@54,ProjRed|Core:projectred.core.part,银锭,false
ingotSilver,1xexnihilo.silver_ingot@0,exnihilo:exnihilo.silver_ingot,银锭,false
ingotSoularium,1xitem.itemAlloy@7,EnderIO:itemAlloy,魂金锭,false
ingotSteel,1xitem.ImmersiveEngineering.metal@7,ImmersiveEngineering:metal,钢锭,false
ingotSteel,1xitem.tconstruct.Materials@16,TConstruct:materials,钢锭,false
ingotStellarAlloy,1xitem.itemAlloyEndergy@3,EnderIO:itemAlloyEndergy,恒星合金,false
ingotTerrasteel,1xitem.manaResource@4,Botania:manaResource,泰拉钢锭,false
ingotTin,1xitem.thermalfoundation.material@65,ThermalFoundation:material,锡锭,false
ingotTin,1xitem.tconstruct.Materials@10,TConstruct:materials,锡锭,false
ingotTin,1xitem.projectred.core.part@53,ProjRed|Core:projectred.core.part,锡锭,false
ingotTin,1xexnihilo.tin_ingot@0,exnihilo:exnihilo.tin_ingot,锡锭,false
ingotUnstable,1xitem.extrautils:unstableingot@0,ExtraUtilities:unstableingot,不稳定金属锭,false
ingotUnstable,1xitem.extrautils:unstableingot@2,ExtraUtilities:unstableingot,"莫比乌斯""稳定/不稳定""锭",false
ingotUranium,1xitem.ingot@0,BigReactors:BRIngot,黄铀锭,false
ingotVibrantAlloy,1xitem.itemAlloy@2,EnderIO:itemAlloy,脉冲合金锭,false
ingotVividAlloy,1xitem.itemAlloyEndergy@6,EnderIO:itemAlloyEndergy,生动合金,false
ingotYellorium,1xitem.ingot@0,BigReactors:BRIngot,黄铀锭,false
ironRod,1xitem.tconstruct.ToolRod@2,TConstruct:toolRod,铁手柄,false
itemAttractorCrystal,1xitem.itemMaterial@9,EnderIO:itemMaterial,诱引晶体,false
itemBasicGear,1xitem.itemMachinePart@1,EnderIO:itemMachinePart,基础齿轮,false
itemBinderComposite,1xitem.itemMaterial@2,EnderIO:itemMaterial,黏合胚料,false
itemBlazePowder,1xitem.blazePowder@0,minecraft:blaze_powder,烈焰粉,false
itemBlazeRod,1xitem.blazeRod@0,minecraft:blaze_rod,烈焰棒,false
itemCharcoal,1xitem.coal@1,minecraft:coal,木炭,false
itemCharcoalSugar,1xitem.mfr.sugarcharcoal@0,MineFactoryReloaded:sugarcharcoal,竹炭,false
itemClay,1xitem.clay@0,minecraft:clay_ball,粘土,false
itemCoal,1xitem.coal@0,minecraft:coal,煤炭,false
itemConduitBinder,1xitem.itemMaterial@1,EnderIO:itemMaterial,导管黏合剂,false
itemDarkGrindingBall,1xitem.itemMaterial@7,EnderIO:itemMaterial,玄钢磨球,false
itemDarkSteelRod,1xitem.itemMaterial@12,EnderIO:itemMaterial,玄钢杆,false
itemEndSteelMachineChassi,1xitem.itemMachinePart@3,EnderIO:itemMachinePart,末影钢机器框架,false
itemEndSteelNugget,1xitem.itemMaterial@11,EnderIO:itemMaterial,末影钢粒,false
itemEnderCrystal,1xitem.itemMaterial@8,EnderIO:itemMaterial,末影晶体,false
itemEnderCrystalPowder,1xitem.itemMaterial@16,EnderIO:itemMaterial,末影晶体粉,false
itemFlint,1xitem.flint@0,minecraft:flint,燧石,false
itemGhastTear,1xitem.ghastTear@0,minecraft:ghast_tear,恶魂之泪,false
itemIlluminatedPanel,1xitem.appliedenergistics2.ItemPart@180,appliedenergistics2:item.ItemMultiPart,照明面板,false
itemIlluminatedPanel,1xitem.appliedenergistics2.ItemPart@160,appliedenergistics2:item.ItemMultiPart,亮色照明面板,false
itemIlluminatedPanel,1xitem.appliedenergistics2.ItemPart@200,appliedenergistics2:item.ItemMultiPart,暗色照明面板,false
itemLeather,1xitem.leather@0,minecraft:leather,皮革,false
itemMachineChassi,1xitem.itemMachinePart@0,EnderIO:itemMachinePart,机器框架,false
itemNetherStar,1xitem.netherStar@0,minecraft:nether_star,下界之星,false
itemPhasedIronNugget,1xitem.itemMaterial@3,EnderIO:itemMaterial,脉冲铁粒,false
itemPlastic,1xitem.mfr.plastic.sheet@0,MineFactoryReloaded:plastic.sheet,塑料片,false
itemPlastic,1xitem.mfr.plastic.raw@0,MineFactoryReloaded:plastic.raw,生塑料,false
itemPrecientCrystal,1xitem.itemMaterial@13,EnderIO:itemMaterial,预知晶体,false
itemPrecientPowder,1xitem.itemMaterial@17,EnderIO:itemMaterial,预知晶体粉,false
itemPulsatingCrystal,1xitem.itemMaterial@5,EnderIO:itemMaterial,脉冲晶体,false
itemPulsatingPowder,1xitem.itemMaterial@14,EnderIO:itemMaterial,脉冲晶体粉,false
itemRawRubber,1xitem.mfr.rubber.raw@0,MineFactoryReloaded:rubber.raw,生橡胶,false
itemRawRubber,1xitem.tconstruct.Materials@36,TConstruct:materials,凝胶球,false
itemRubber,1xitem.mfr.rubber.bar@0,MineFactoryReloaded:rubber.bar,橡胶杆,false
itemSalt,1xitem.saltItem@0,harvestcraft:saltItem,盐,false
itemSilicon,1xitem.itemMaterial@0,EnderIO:itemMaterial,硅,false
itemSkull,1xitem.skull@32767,minecraft:skull,(wildcard),true
itemSkull,1xtile.blockEndermanSkull@0,EnderIO:blockEndermanSkull,末影人头,false
itemSlag,1xitem.ImmersiveEngineering.material@13,ImmersiveEngineering:material,矿渣,false
itemSoulMachineChassi,1xitem.itemMachinePart@2,EnderIO:itemMachinePart,灵魂机器框架,false
itemVibrantCrystal,1xitem.itemMaterial@6,EnderIO:itemMaterial,充能晶体,false
itemVibrantNugget,1xitem.itemMaterial@4,EnderIO:itemMaterial,脉冲合金粒,false
itemVibrantPowder,1xitem.itemMaterial@15,EnderIO:itemMaterial,充能晶体粉,false
itemWeatherCrystal,1xitem.itemMaterial@10,EnderIO:itemMaterial,天气晶体,false
lavastone,1xtile.chisel.lavastone@0,chisel:lavastone,熔岩石,false
leavesRubber,1xtile.mfr.rubberwood.leaves@0,MineFactoryReloaded:rubberwood.leaves,橡胶树叶,false
lexicaBotania,1xitem.lexicon@0,Botania:lexicon,植物魔法辞典,false
limestone,1xtile.chisel.limestone@0,chisel:limestone,石灰岩,false
listAllbeefcooked,1xitem.beefCooked@0,minecraft:cooked_beef,牛排,false
listAllbeefcooked,1xitem.firmtofuItem@0,harvestcraft:firmtofuItem,老豆腐,false
listAllbeefraw,1xitem.beefRaw@0,minecraft:beef,生牛肉,false
listAllbeefraw,1xitem.firmtofuItem@0,harvestcraft:firmtofuItem,老豆腐,false
listAllberry,1xitem.cranberryItem@0,harvestcraft:cranberryItem,蔓越莓,false
listAllberry,1xitem.blackberryItem@0,harvestcraft:blackberryItem,黑莓,false
listAllberry,1xitem.blueberryItem@0,harvestcraft:blueberryItem,蓝莓,false
listAllberry,1xitem.raspberryItem@0,harvestcraft:raspberryItem,树莓,false
listAllberry,1xitem.strawberryItem@0,harvestcraft:strawberryItem,草莓,false
listAllberry,1xitem.gooseberryItem@0,harvestcraft:gooseberryItem,醋栗,false
listAllboiledwater,1xitem.boiledwaterItem@0,harvestcraft:boiledwaterItem,开水,false
listAllchickencooked,1xitem.chickenCooked@0,minecraft:cooked_chicken,熟鸡肉,false
listAllchickencooked,1xitem.firmtofuItem@0,harvestcraft:firmtofuItem,老豆腐,false
listAllchickenraw,1xitem.chickenRaw@0,minecraft:chicken,生鸡肉,false
listAllchickenraw,1xitem.firmtofuItem@0,harvestcraft:firmtofuItem,老豆腐,false
listAllcitrus,1xitem.lemonItem@0,harvestcraft:lemonItem,柠檬,false
listAllcitrus,1xitem.limeItem@0,harvestcraft:limeItem,酸橙,false
listAllcitrus,1xitem.orangeItem@0,harvestcraft:orangeItem,橙子,false
listAllcitrus,1xitem.grapefruitItem@0,harvestcraft:grapefruitItem,西柚,false
listAllegg,1xitem.egg@0,minecraft:egg,鸡蛋,false
listAllegg,1xitem.firmtofuItem@0,harvestcraft:firmtofuItem,老豆腐,false
listAllfishcooked,1xitem.fish@0,minecraft:cooked_fished,熟鱼,false
listAllfishcooked,1xitem.fish@1,minecraft:cooked_fished,熟鲑鱼,false
listAllfishcooked,1xitem.calamaricookedItem@0,harvestcraft:calamaricookedItem,熟鱿鱼,false
listAllfishcooked,1xitem.firmtofuItem@0,harvestcraft:firmtofuItem,老豆腐,false
listAllfishraw,1xitem.fish@0,minecraft:fish,生鱼,false
listAllfishraw,1xitem.fish@1,minecraft:fish,生鲑鱼,false
listAllfishraw,1xitem.fish@2,minecraft:fish,小丑鱼,false
listAllfishraw,1xitem.fish@3,minecraft:fish,河豚,false
listAllfishraw,1xitem.calamarirawItem@0,harvestcraft:calamarirawItem,生鱿鱼,false
listAllfishraw,1xitem.firmtofuItem@0,harvestcraft:firmtofuItem,老豆腐,false
listAllfishraw,1xitem.anchovyrawItem@0,harvestcraft:anchovyrawItem,生鳀鱼,false
listAllfishraw,1xitem.bassrawItem@0,harvestcraft:bassrawItem,生鲈鱼,false
listAllfishraw,1xitem.carprawItem@0,harvestcraft:carprawItem,生鲤鱼,false
listAllfishraw,1xitem.catfishrawItem@0,harvestcraft:catfishrawItem,生鲶鱼,false
listAllfishraw,1xitem.charrrawItem@0,harvestcraft:charrrawItem,生嘉鱼,false
listAllfishraw,1xitem.crayfishrawItem@0,harvestcraft:crayfishrawItem,生龙虾,false
listAllfishraw,1xitem.eelrawItem@0,harvestcraft:eelrawItem,生鳗鱼,false
listAllfishraw,1xitem.grouperrawItem@0,harvestcraft:grouperrawItem,生石斑鱼,false
listAllfishraw,1xitem.herringrawItem@0,harvestcraft:herringrawItem,生青鱼,false
listAllfishraw,1xitem.mudfishrawItem@0,harvestcraft:mudfishrawItem,生泥鱼,false
listAllfishraw,1xitem.octopusrawItem@0,harvestcraft:octopusrawItem,生章鱼,false
listAllfishraw,1xitem.perchrawItem@0,harvestcraft:perchrawItem,生鲈鱼,false
listAllfishraw,1xitem.scalloprawItem@0,harvestcraft:scalloprawItem,生扇贝,false
listAllfishraw,1xitem.shrimprawItem@0,harvestcraft:shrimprawItem,生虾,false
listAllfishraw,1xitem.snailrawItem@0,harvestcraft:snailrawItem,生蜗牛,false
listAllfishraw,1xitem.snapperrawItem@0,harvestcraft:snapperrawItem,生鲷鱼,false
listAllfishraw,1xitem.tilapiarawItem@0,harvestcraft:tilapiarawItem,生罗非鱼,false
listAllfishraw,1xitem.troutrawItem@0,harvestcraft:troutrawItem,生鳟鱼,false
listAllfishraw,1xitem.tunarawItem@0,harvestcraft:tunarawItem,生金枪鱼,false
listAllfishraw,1xitem.walleyerawItem@0,harvestcraft:walleyerawItem,生碧古鱼,false
listAllfishraw,1xitem.greenheartfishItem@0,harvestcraft:greenheartfishItem,绿心鱼,false
listAllfruit,1xitem.apple@0,minecraft:apple,苹果,false
listAllfruit,1xitem.cranberryItem@0,harvestcraft:cranberryItem,蔓越莓,false
listAllfruit,1xitem.pineappleItem@0,harvestcraft:pineappleItem,菠萝,false
listAllfruit,1xitem.blackberryItem@0,harvestcraft:blackberryItem,黑莓,false
listAllfruit,1xitem.blueberryItem@0,harvestcraft:blueberryItem,蓝莓,false
listAllfruit,1xitem.cactusfruitItem@0,harvestcraft:cactusfruitItem,仙人掌果,false
listAllfruit,1xitem.cantaloupeItem@0,harvestcraft:cantaloupeItem,哈密瓜,false
listAllfruit,1xitem.grapeItem@0,harvestcraft:grapeItem,葡萄,false
listAllfruit,1xitem.kiwiItem@0,harvestcraft:kiwiItem,猕猴桃,false
listAllfruit,1xitem.raspberryItem@0,harvestcraft:raspberryItem,树莓,false
listAllfruit,1xitem.strawberryItem@0,harvestcraft:strawberryItem,草莓,false
listAllfruit,1xitem.bananaItem@0,harvestcraft:bananaItem,香蕉,false
listAllfruit,1xitem.cherryItem@0,harvestcraft:cherryItem,樱桃,false
listAllfruit,1xitem.dragonfruitItem@0,harvestcraft:dragonfruitItem,火龙果,false
listAllfruit,1xitem.lemonItem@0,harvestcraft:lemonItem,柠檬,false
listAllfruit,1xitem.limeItem@0,harvestcraft:limeItem,酸橙,false
listAllfruit,1xitem.mangoItem@0,harvestcraft:mangoItem,芒果,false
listAllfruit,1xitem.orangeItem@0,harvestcraft:orangeItem,橙子,false
listAllfruit,1xitem.papayaItem@0,harvestcraft:papayaItem,木瓜,false
listAllfruit,1xitem.peachItem@0,harvestcraft:peachItem,桃子,false
listAllfruit,1xitem.pearItem@0,harvestcraft:pearItem,梨,false
listAllfruit,1xitem.plumItem@0,harvestcraft:plumItem,李子,false
listAllfruit,1xitem.pomegranateItem@0,harvestcraft:pomegranateItem,石榴,false
listAllfruit,1xitem.starfruitItem@0,harvestcraft:starfruitItem,杨桃,false
listAllfruit,1xitem.gooseberryItem@0,harvestcraft:gooseberryItem,醋栗,false
listAllfruit,1xitem.apricotItem@0,harvestcraft:apricotItem,杏子,false
listAllfruit,1xitem.dateItem@0,harvestcraft:dateItem,枣椰,false
listAllfruit,1xitem.figItem@0,harvestcraft:figItem,无花果,false
listAllfruit,1xitem.grapefruitItem@0,harvestcraft:grapefruitItem,西柚,false
listAllfruit,1xitem.persimmonItem@0,harvestcraft:persimmonItem,柿子,false
listAllgrain,1xitem.wheat@0,minecraft:wheat,小麦,false
listAllgrain,1xitem.barleyItem@0,harvestcraft:barleyItem,大麦,false
listAllgrain,1xitem.oatsItem@0,harvestcraft:oatsItem,燕麦,false
listAllgrain,1xitem.ryeItem@0,harvestcraft:ryeItem,黑麦,false
listAllgreenveggie,1xitem.asparagusItem@0,harvestcraft:asparagusItem,芦笋,false
listAllgreenveggie,1xitem.broccoliItem@0,harvestcraft:broccoliItem,西兰花,false
listAllgreenveggie,1xitem.celeryItem@0,harvestcraft:celeryItem,芹菜,false
listAllgreenveggie,1xitem.lettuceItem@0,harvestcraft:lettuceItem,生菜,false
listAllgreenveggie,1xitem.spiceleafItem@0,harvestcraft:spiceleafItem,香料叶,false
listAllgreenveggie,1xitem.artichokeItem@0,harvestcraft:artichokeItem,朝鲜蓟,false
listAllgreenveggie,1xitem.brusselsproutItem@0,harvestcraft:brusselsproutItem,芽甘蓝,false
listAllgreenveggie,1xitem.cabbageItem@0,harvestcraft:cabbageItem,卷心菜,false
listAllgreenveggie,1xitem.cucumberItem@0,harvestcraft:cucumberItem,黄瓜,false
listAllgreenveggie,1xitem.okraItem@0,harvestcraft:okraItem,秋葵,false
listAllgreenveggie,1xitem.peasItem@0,harvestcraft:peasItem,豌豆,false
listAllgreenveggie,1xitem.seaweedItem@0,harvestcraft:seaweedItem,海带,false
listAllgreenveggie,1xitem.zucchiniItem@0,harvestcraft:zucchiniItem,西葫芦,false
listAllgreenveggie,1xitem.spinachItem@0,harvestcraft:spinachItem,菠菜,false
listAllheavycream,1xitem.silkentofuItem@0,harvestcraft:silkentofuItem,绢豆腐,false
listAllheavycream,1xitem.heavycreamItem@0,harvestcraft:heavycreamItem,多脂奶油,false
listAllherb,1xitem.garlicItem@0,harvestcraft:garlicItem,大蒜,false
listAllicecream,1xitem.silkentofuItem@0,harvestcraft:silkentofuItem,绢豆腐,false
listAllicecream,1xitem.icecreamItem@0,harvestcraft:icecreamItem,冰淇淋,false
listAlljuice,1xitem.applejuiceItem@0,harvestcraft:applejuiceItem,苹果汁,false
listAlljuice,1xitem.melonjuiceItem@0,harvestcraft:melonjuiceItem,西瓜汁,false
listAlljuice,1xitem.carrotjuiceItem@0,harvestcraft:carrotjuiceItem,胡萝卜汁,false
listAlljuice,1xitem.strawberryjuiceItem@0,harvestcraft:strawberryjuiceItem,草莓汁,false
listAlljuice,1xitem.grapejuiceItem@0,harvestcraft:grapejuiceItem,葡萄汁,false
listAlljuice,1xitem.lemonaideItem@0,harvestcraft:lemonaideItem,柠檬水,false
listAlljuice,1xitem.blueberryjuiceItem@0,harvestcraft:blueberryjuiceItem,蓝莓汁,false
listAlljuice,1xitem.cherryjuiceItem@0,harvestcraft:cherryjuiceItem,樱桃汁,false
listAlljuice,1xitem.papayajuiceItem@0,harvestcraft:papayajuiceItem,木瓜汁,false
listAlljuice,1xitem.starfruitjuiceItem@0,harvestcraft:starfruitjuiceItem,杨桃汁,false
listAlljuice,1xitem.orangejuiceItem@0,harvestcraft:orangejuiceItem,橙子汁,false
listAlljuice,1xitem.peachjuiceItem@0,harvestcraft:peachjuiceItem,桃子汁,false
listAlljuice,1xitem.limejuiceItem@0,harvestcraft:limejuiceItem,酸橙汁,false
listAlljuice,1xitem.mangojuiceItem@0,harvestcraft:mangojuiceItem,芒果汁,false
listAlljuice,1xitem.pomegranatejuiceItem@0,harvestcraft:pomegranatejuiceItem,石榴汁,false
listAlljuice,1xitem.blackberryjuiceItem@0,harvestcraft:blackberryjuiceItem,黑莓汁,false
listAlljuice,1xitem.raspberryjuiceItem@0,harvestcraft:raspberryjuiceItem,树莓汁,false
listAlljuice,1xitem.kiwijuiceItem@0,harvestcraft:kiwijuiceItem,猕猴桃汁,false
listAlljuice,1xitem.bananajuiceItem@0,harvestcraft:bananajuiceItem,香蕉汁,false
listAlljuice,1xitem.gooseberryjuiceItem@0,harvestcraft:gooseberryjuiceItem,醋栗汁,false
listAlljuice,1xitem.cranberryjuiceItem@0,harvestcraft:cranberryjuiceItem,蔓越莓汁,false
listAlljuice,1xitem.cactusfruitjuiceItem@0,harvestcraft:cactusfruitjuiceItem,仙人掌果汁,false
listAlljuice,1xitem.plumjuiceItem@0,harvestcraft:plumjuiceItem,李子汁,false
listAlljuice,1xitem.pearjuiceItem@0,harvestcraft:pearjuiceItem,梨汁,false
listAlljuice,1xitem.apricotjuiceItem@0,harvestcraft:apricotjuiceItem,杏子汁,false
listAlljuice,1xitem.figjuiceItem@0,harvestcraft:figjuiceItem,无花果汁,false
listAlljuice,1xitem.grapefruitjuiceItem@0,harvestcraft:grapefruitjuiceItem,西柚汁,false
listAlljuice,1xitem.persimmonjuiceItem@0,harvestcraft:persimmonjuiceItem,柿子汁,false
listAllmeatcooked,1xitem.mfr.meat.ingot.cooked@0,MineFactoryReloaded:meat.ingot.cooked,烤肉锭,false
listAllmeatcooked,1xitem.beefCooked@0,minecraft:cooked_beef,牛排,false
listAllmeatcooked,1xitem.chickenCooked@0,minecraft:cooked_chicken,熟鸡肉,false
listAllmeatcooked,1xitem.porkchopCooked@0,minecraft:cooked_porkchop,熟猪排,false
listAllmeatcooked,1xitem.muttoncookedItem@0,harvestcraft:muttoncookedItem,熟羊肉,false
listAllmeatcooked,1xitem.turkeycookedItem@0,harvestcraft:turkeycookedItem,熟火鸡,false
listAllmeatcooked,1xitem.rabbitcookedItem@0,harvestcraft:rabbitcookedItem,熟兔肉,false
listAllmeatcooked,1xitem.venisoncookedItem@0,harvestcraft:venisoncookedItem,熟鹿肉,false
listAllmeatcooked,1xitem.firmtofuItem@0,harvestcraft:firmtofuItem,老豆腐,false
listAllmeatraw,1xitem.mfr.meat.ingot.raw@0,MineFactoryReloaded:meat.ingot.raw,生肉锭,false
listAllmeatraw,1xitem.beefRaw@0,minecraft:beef,生牛肉,false
listAllmeatraw,1xitem.chickenRaw@0,minecraft:chicken,生鸡肉,false
listAllmeatraw,1xitem.porkchopRaw@0,minecraft:porkchop,生猪排,false
listAllmeatraw,1xitem.muttonrawItem@0,harvestcraft:muttonrawItem,生羊肉,false
listAllmeatraw,1xitem.turkeyrawItem@0,harvestcraft:turkeyrawItem,生火鸡,false
listAllmeatraw,1xitem.rabbitrawItem@0,harvestcraft:rabbitrawItem,生兔肉,false
listAllmeatraw,1xitem.venisonrawItem@0,harvestcraft:venisonrawItem,生鹿肉,false
listAllmeatraw,1xitem.firmtofuItem@0,harvestcraft:firmtofuItem,老豆腐,false
listAllmilk,1xitem.mfr.milkbottle@0,MineFactoryReloaded:milkbottle,牛奶瓶,false
listAllmilk,1xitem.mfr.bucket.milk@0,minecraft:milk_bucket,牛奶桶,false
listAllmilk,1xitem.freshmilkItem@0,harvestcraft:freshmilkItem,新鲜牛奶,false
listAllmilk,1xitem.soymilkItem@0,harvestcraft:soymilkItem,豆浆,false
listAllmilk,1xitem.iguana.tcon.clayBucket.Milk@0,IguanaTweaksTConstruct:clayBucketMilk,牛奶黏土桶,false
listAllmushroom,1xtile.mushroom@0,minecraft:red_mushroom,蘑菇,false
listAllmushroom,1xtile.mushroom@0,minecraft:brown_mushroom,蘑菇,false
listAllmushroom,1xitem.whitemushroomItem@0,harvestcraft:whitemushroomItem,白蘑菇,false
listAllmuttoncooked,1xitem.muttoncookedItem@0,harvestcraft:muttoncookedItem,熟羊肉,false
listAllmuttoncooked,1xitem.firmtofuItem@0,harvestcraft:firmtofuItem,老豆腐,false
listAllmuttonraw,1xitem.muttonrawItem@0,harvestcraft:muttonrawItem,生羊肉,false
listAllmuttonraw,1xitem.firmtofuItem@0,harvestcraft:firmtofuItem,老豆腐,false
listAllnut,1xitem.peanutItem@0,harvestcraft:peanutItem,花生,false
listAllnut,1xitem.walnutItem@0,harvestcraft:walnutItem,核桃,false
listAllnut,1xitem.almondItem@0,harvestcraft:almondItem,扁桃,false
listAllnut,1xitem.cashewItem@0,harvestcraft:cashewItem,腰果,false
listAllnut,1xitem.chestnutItem@0,harvestcraft:chestnutItem,栗子,false
listAllnut,1xitem.pecanItem@0,harvestcraft:pecanItem,山核桃,false
listAllnut,1xitem.pistachioItem@0,harvestcraft:pistachioItem,开心果,false
listAllnutbutter,1xitem.peanutbutterItem@0,harvestcraft:peanutbutterItem,花生酱,false
listAllnutbutter,1xitem.almondbutterItem@0,harvestcraft:almondbutterItem,扁桃仁酱,false
listAllnutbutter,1xitem.cashewbutterItem@0,harvestcraft:cashewbutterItem,腰果酱,false
listAllnutbutter,1xitem.chestnutbutterItem@0,harvestcraft:chestnutbutterItem,板栗酱,false
listAllnutbutter,1xitem.pistachiobutterItem@0,harvestcraft:pistachiobutterItem,开心果奶油,false
listAllpepper,1xitem.bellpepperItem@0,harvestcraft:bellpepperItem,甜椒,false
listAllpepper,1xitem.chilipepperItem@0,harvestcraft:chilipepperItem,辣椒,false
listAllporkcooked,1xitem.porkchopCooked@0,minecraft:cooked_porkchop,熟猪排,false
listAllporkcooked,1xitem.firmtofuItem@0,harvestcraft:firmtofuItem,老豆腐,false
listAllporkraw,1xitem.porkchopRaw@0,minecraft:porkchop,生猪排,false
listAllporkraw,1xitem.firmtofuItem@0,harvestcraft:firmtofuItem,老豆腐,false
listAllrabbitcooked,1xitem.rabbitcookedItem@0,harvestcraft:rabbitcookedItem,熟兔肉,false
listAllrabbitcooked,1xitem.firmtofuItem@0,harvestcraft:firmtofuItem,老豆腐,false
listAllrabbitraw,1xitem.rabbitrawItem@0,harvestcraft:rabbitrawItem,生兔肉,false
listAllrabbitraw,1xitem.firmtofuItem@0,harvestcraft:firmtofuItem,老豆腐,false
listAllrootveggie,1xitem.parsnipItem@0,harvestcraft:parsnipItem,防风草,false
listAllrootveggie,1xitem.radishItem@0,harvestcraft:radishItem,小红萝卜,false
listAllrootveggie,1xitem.rutabagaItem@0,harvestcraft:rutabagaItem,芜菁甘蓝,false
listAllrootveggie,1xitem.sweetpotatoItem@0,harvestcraft:sweetpotatoItem,红薯,false
listAllrootveggie,1xitem.turnipItem@0,harvestcraft:turnipItem,芜菁,false
listAllseed,1xitem.seeds@0,minecraft:wheat_seeds,小麦种子,false
listAllseed,1xitem.seeds_pumpkin@0,minecraft:pumpkin_seeds,南瓜种子,false
listAllseed,1xitem.seeds_melon@0,minecraft:melon_seeds,西瓜种子,false
listAllseed,1xitem.asparagusseedItem@0,harvestcraft:asparagusseedItem,芦笋种子,false
listAllseed,1xitem.barleyseedItem@0,harvestcraft:barleyseedItem,大麦种子,false
listAllseed,1xitem.beanseedItem@0,harvestcraft:beanseedItem,大豆种子,false
listAllseed,1xitem.beetseedItem@0,harvestcraft:beetseedItem,甜菜种子,false
listAllseed,1xitem.broccoliseedItem@0,harvestcraft:broccoliseedItem,西兰花种子,false
listAllseed,1xitem.cauliflowerseedItem@0,harvestcraft:cauliflowerseedItem,花椰菜种子,false
listAllseed,1xitem.celeryseedItem@0,harvestcraft:celeryseedItem,芹菜种子,false
listAllseed,1xitem.cranberryseedItem@0,harvestcraft:cranberryseedItem,蔓越莓种子,false
listAllseed,1xitem.garlicseedItem@0,harvestcraft:garlicseedItem,大蒜种子,false
listAllseed,1xitem.gingerseedItem@0,harvestcraft:gingerseedItem,姜种子,false
listAllseed,1xitem.leekseedItem@0,harvestcraft:leekseedItem,韭葱种子,false
listAllseed,1xitem.lettuceseedItem@0,harvestcraft:lettuceseedItem,生菜种子,false
listAllseed,1xitem.oatsseedItem@0,harvestcraft:oatsseedItem,燕麦种子,false
listAllseed,1xitem.onionseedItem@0,harvestcraft:onionseedItem,洋葱种子,false
listAllseed,1xitem.parsnipseedItem@0,harvestcraft:parsnipseedItem,防风草种子,false
listAllseed,1xitem.peanutseedItem@0,harvestcraft:peanutseedItem,花生种子,false
listAllseed,1xitem.pineappleseedItem@0,harvestcraft:pineappleseedItem,菠萝种子,false
listAllseed,1xitem.radishseedItem@0,harvestcraft:radishseedItem,小红萝卜,false
listAllseed,1xitem.riceseedItem@0,harvestcraft:riceseedItem,水稻种子,false
listAllseed,1xitem.rutabagaseedItem@0,harvestcraft:rutabagaseedItem,芜菁甘蓝种子,false
listAllseed,1xitem.ryeseedItem@0,harvestcraft:ryeseedItem,黑麦种子,false
listAllseed,1xitem.scallionseedItem@0,harvestcraft:scallionseedItem,青葱种子,false
listAllseed,1xitem.soybeanseedItem@0,harvestcraft:soybeanseedItem,黄豆种子,false
listAllseed,1xitem.spiceleafseedItem@0,harvestcraft:spiceleafseedItem,香料叶种子,false
listAllseed,1xitem.sunflowerseedsItem@0,harvestcraft:sunflowerseedsItem,瓜子,false
listAllseed,1xitem.sweetpotatoseedItem@0,harvestcraft:sweetpotatoseedItem,红薯种子,false
listAllseed,1xitem.teaseedItem@0,harvestcraft:teaseedItem,茶种子,false
listAllseed,1xitem.turnipseedItem@0,harvestcraft:turnipseedItem,芜菁种子,false
listAllseed,1xitem.whitemushroomseedItem@0,harvestcraft:whitemushroomseedItem,白蘑菇孢子,false
listAllseed,1xitem.artichokeseedItem@0,harvestcraft:artichokeseedItem,朝鲜蓟种子,false
listAllseed,1xitem.bellpepperseedItem@0,harvestcraft:bellpepperseedItem,甜椒种子,false
listAllseed,1xitem.blackberryseedItem@0,harvestcraft:blackberryseedItem,黑莓种子,false
listAllseed,1xitem.blueberryseedItem@0,harvestcraft:blueberryseedItem,蓝莓种子,false
listAllseed,1xitem.brusselsproutseedItem@0,harvestcraft:brusselsproutseedItem,芽甘蓝种子,false
listAllseed,1xitem.cabbageseedItem@0,harvestcraft:cabbageseedItem,卷心菜种子,false
listAllseed,1xitem.cactusfruitseedItem@0,harvestcraft:cactusfruitseedItem,仙人掌果种子,false
listAllseed,1xitem.cantaloupeseedItem@0,harvestcraft:cantaloupeseedItem,哈密瓜种子,false
listAllseed,1xitem.chilipepperseedItem@0,harvestcraft:chilipepperseedItem,辣椒种子,false
listAllseed,1xitem.coffeeseedItem@0,harvestcraft:coffeeseedItem,咖啡豆种子,false
listAllseed,1xitem.cornseedItem@0,harvestcraft:cornseedItem,玉米种子,false
listAllseed,1xitem.cucumberseedItem@0,harvestcraft:cucumberseedItem,黄瓜种子,false
listAllseed,1xitem.eggplantseedItem@0,harvestcraft:eggplantseedItem,茄子种子,false
listAllseed,1xitem.grapeseedItem@0,harvestcraft:grapeseedItem,葡萄种子,false
listAllseed,1xitem.kiwiseedItem@0,harvestcraft:kiwiseedItem,猕猴桃种子,false
listAllseed,1xitem.mustardseedItem@0,harvestcraft:mustardseedItem,芥末种子,false
listAllseed,1xitem.okraseedItem@0,harvestcraft:okraseedItem,秋葵种子,false
listAllseed,1xitem.peasseedItem@0,harvestcraft:peasseedItem,豌豆种子,false
listAllseed,1xitem.raspberryseedItem@0,harvestcraft:raspberryseedItem,树莓种子,false
listAllseed,1xitem.rhubarbseedItem@0,harvestcraft:rhubarbseedItem,大黄种子,false
listAllseed,1xitem.seaweedseedItem@0,harvestcraft:seaweedseedItem,海带种子,false
listAllseed,1xitem.strawberryseedItem@0,harvestcraft:strawberryseedItem,草莓种子,false
listAllseed,1xitem.tomatoseedItem@0,harvestcraft:tomatoseedItem,番茄种子,false
listAllseed,1xitem.wintersquashseedItem@0,harvestcraft:wintersquashseedItem,冬南瓜种子,false
listAllseed,1xitem.zucchiniseedItem@0,harvestcraft:zucchiniseedItem,西葫芦种子,false
listAllseed,1xitem.bambooshootseedItem@0,harvestcraft:bambooshootseedItem,竹笋种子,false
listAllseed,1xitem.spinachseedItem@0,harvestcraft:spinachseedItem,菠菜种子,false
listAllseed,1xitem.curryleafseedItem@0,harvestcraft:curryleafseedItem,咖喱叶种子,false
listAllseed,1xitem.sesameseedsseedItem@0,harvestcraft:sesameseedsseedItem,芝麻种子,false
listAllseed,1xitem.waterchestnutseedItem@0,harvestcraft:waterchestnutseedItem,荸荠种子,false
listAllseed,1xitem.cottonseedItem@0,harvestcraft:cottonseedItem,棉花种子,false
listAllseed,1xitem.candleberryseedItem@0,harvestcraft:candleberryseedItem,蜡杨梅种子,false
listAllsmoothie,1xitem.melonsmoothieItem@0,harvestcraft:melonsmoothieItem,西瓜冰沙,false
listAllsmoothie,1xitem.strawberrysmoothieItem@0,harvestcraft:strawberrysmoothieItem,草莓冰沙,false
listAllsmoothie,1xitem.lemonsmoothieItem@0,harvestcraft:lemonsmoothieItem,柠檬冰沙,false
listAllsmoothie,1xitem.blueberrysmoothieItem@0,harvestcraft:blueberrysmoothieItem,蓝莓冰沙,false
listAllsmoothie,1xitem.cherrysmoothieItem@0,harvestcraft:cherrysmoothieItem,樱桃冰沙,false
listAllsmoothie,1xitem.papayasmoothieItem@0,harvestcraft:papayasmoothieItem,木瓜冰沙,false
listAllsmoothie,1xitem.starfruitsmoothieItem@0,harvestcraft:starfruitsmoothieItem,杨桃冰沙,false
listAllsmoothie,1xitem.bananasmoothieItem@0,harvestcraft:bananasmoothieItem,香蕉冰沙,false
listAllsmoothie,1xitem.orangesmoothieItem@0,harvestcraft:orangesmoothieItem,橙子冰沙,false
listAllsmoothie,1xitem.peachsmoothieItem@0,harvestcraft:peachsmoothieItem,桃子冰沙,false
listAllsmoothie,1xitem.limesmoothieItem@0,harvestcraft:limesmoothieItem,酸橙冰沙,false
listAllsmoothie,1xitem.mangosmoothieItem@0,harvestcraft:mangosmoothieItem,芒果冰沙,false
listAllsmoothie,1xitem.pomegranatesmoothieItem@0,harvestcraft:pomegranatesmoothieItem,石榴冰沙,false
listAllsmoothie,1xitem.blackberrysmoothieItem@0,harvestcraft:blackberrysmoothieItem,黑莓冰沙,false
listAllsmoothie,1xitem.raspberrysmoothieItem@0,harvestcraft:raspberrysmoothieItem,树莓冰沙,false
listAllsmoothie,1xitem.kiwismoothieItem@0,harvestcraft:kiwismoothieItem,猕猴桃冰沙,false
listAllsmoothie,1xitem.apricotsmoothieItem@0,harvestcraft:apricotsmoothieItem,杏子冰沙,false
listAllsmoothie,1xitem.figsmoothieItem@0,harvestcraft:figsmoothieItem,无花果冰沙,false
listAllsmoothie,1xitem.grapefruitsmoothieItem@0,harvestcraft:grapefruitsmoothieItem,西柚冰沙,false
listAllsmoothie,1xitem.persimmonsmoothieItem@0,harvestcraft:persimmonsmoothieItem,柿子沙冰,false
listAllsmoothie,1xitem.gooseberrysmoothieItem@0,harvestcraft:gooseberrysmoothieItem,醋栗冰沙,false
listAllsmoothie,1xitem.applesmoothieItem@0,harvestcraft:applesmoothieItem,苹果冰沙,false
listAllsmoothie,1xitem.coconutsmoothieItem@0,harvestcraft:coconutsmoothieItem,椰奶冰沙,false
listAllsmoothie,1xitem.cranberrysmoothieItem@0,harvestcraft:cranberrysmoothieItem,蔓越莓冰沙,false
listAllsmoothie,1xitem.grapesmoothieItem@0,harvestcraft:grapesmoothieItem,葡萄冰沙,false
listAllsmoothie,1xitem.pearsmoothieItem@0,harvestcraft:pearsmoothieItem,梨子冰沙,false
listAllsmoothie,1xitem.plumsmoothieItem@0,harvestcraft:plumsmoothieItem,李子冰沙,false
listAllspice,1xitem.gingerItem@0,harvestcraft:gingerItem,姜,false
listAllspice,1xitem.spiceleafItem@0,harvestcraft:spiceleafItem,香料叶,false
listAllspice,1xitem.mustardseedsItem@0,harvestcraft:mustardseedsItem,芥末种子,false
listAllspice,1xitem.currypowderItem@0,harvestcraft:currypowderItem,咖喱粉,false
listAllsugar,1xitem.sugar@0,minecraft:sugar,糖,false
listAllsugar,1xitem.honeyItem@0,harvestcraft:honeyItem,蜂蜜,false
listAllturkeycooked,1xitem.turkeycookedItem@0,harvestcraft:turkeycookedItem,熟火鸡,false
listAllturkeycooked,1xitem.firmtofuItem@0,harvestcraft:firmtofuItem,老豆腐,false
listAllturkeyraw,1xitem.turkeyrawItem@0,harvestcraft:turkeyrawItem,生火鸡,false
listAllturkeyraw,1xitem.firmtofuItem@0,harvestcraft:firmtofuItem,老豆腐,false
listAllveggie,1xitem.carrots@0,minecraft:carrot,胡萝卜,false
listAllveggie,1xitem.potato@0,minecraft:potato,马铃薯,false
listAllveggie,1xtile.pumpkin@0,minecraft:pumpkin,南瓜,false
listAllveggie,1xitem.asparagusItem@0,harvestcraft:asparagusItem,芦笋,false
listAllveggie,1xitem.beanItem@0,harvestcraft:beanItem,大豆,false
listAllveggie,1xitem.beetItem@0,harvestcraft:beetItem,甜菜,false
listAllveggie,1xitem.broccoliItem@0,harvestcraft:broccoliItem,西兰花,false
listAllveggie,1xitem.cauliflowerItem@0,harvestcraft:cauliflowerItem,花椰菜,false
listAllveggie,1xitem.celeryItem@0,harvestcraft:celeryItem,芹菜,false
listAllveggie,1xitem.leekItem@0,harvestcraft:leekItem,韭葱,false
listAllveggie,1xitem.lettuceItem@0,harvestcraft:lettuceItem,生菜,false
listAllveggie,1xitem.onionItem@0,harvestcraft:onionItem,洋葱,false
listAllveggie,1xitem.parsnipItem@0,harvestcraft:parsnipItem,防风草,false
listAllveggie,1xitem.radishItem@0,harvestcraft:radishItem,小红萝卜,false
listAllveggie,1xitem.rutabagaItem@0,harvestcraft:rutabagaItem,芜菁甘蓝,false
listAllveggie,1xitem.scallionItem@0,harvestcraft:scallionItem,青葱,false
listAllveggie,1xitem.soybeanItem@0,harvestcraft:soybeanItem,黄豆,false
listAllveggie,1xitem.sweetpotatoItem@0,harvestcraft:sweetpotatoItem,红薯,false
listAllveggie,1xitem.turnipItem@0,harvestcraft:turnipItem,芜菁,false
listAllveggie,1xitem.whitemushroomItem@0,harvestcraft:whitemushroomItem,白蘑菇,false
listAllveggie,1xitem.artichokeItem@0,harvestcraft:artichokeItem,朝鲜蓟,false
listAllveggie,1xitem.bellpepperItem@0,harvestcraft:bellpepperItem,甜椒,false
listAllveggie,1xitem.brusselsproutItem@0,harvestcraft:brusselsproutItem,芽甘蓝,false
listAllveggie,1xitem.cabbageItem@0,harvestcraft:cabbageItem,卷心菜,false
listAllveggie,1xitem.cornItem@0,harvestcraft:cornItem,玉米,false
listAllveggie,1xitem.cucumberItem@0,harvestcraft:cucumberItem,黄瓜,false
listAllveggie,1xitem.eggplantItem@0,harvestcraft:eggplantItem,茄子,false
listAllveggie,1xitem.okraItem@0,harvestcraft:okraItem,秋葵,false
listAllveggie,1xitem.peasItem@0,harvestcraft:peasItem,豌豆,false
listAllveggie,1xitem.rhubarbItem@0,harvestcraft:rhubarbItem,大黄,false
listAllveggie,1xitem.seaweedItem@0,harvestcraft:seaweedItem,海带,false
listAllveggie,1xitem.tomatoItem@0,harvestcraft:tomatoItem,番茄,false
listAllveggie,1xitem.wintersquashItem@0,harvestcraft:wintersquashItem,冬南瓜,false
listAllveggie,1xitem.zucchiniItem@0,harvestcraft:zucchiniItem,西葫芦,false
listAllveggie,1xitem.bambooshootItem@0,harvestcraft:bambooshootItem,竹笋,false
listAllveggie,1xitem.spinachItem@0,harvestcraft:spinachItem,菠菜,false
listAllveggie,1xitem.waterchestnutItem@0,harvestcraft:waterchestnutItem,荸荠,false
listAllvenisoncooked,1xitem.venisoncookedItem@0,harvestcraft:venisoncookedItem,熟鹿肉,false
listAllvenisoncooked,1xitem.firmtofuItem@0,harvestcraft:firmtofuItem,老豆腐,false
listAllvenisonraw,1xitem.venisonrawItem@0,harvestcraft:venisonrawItem,生鹿肉,false
listAllvenisonraw,1xitem.firmtofuItem@0,harvestcraft:firmtofuItem,老豆腐,false
listAllwater,1xitem.bucketWater@0,minecraft:water_bucket,水桶,false
listAllwater,1xitem.potion@0,minecraft:potion,水瓶,false
listAllwater,1xitem.freshwaterItem@0,harvestcraft:freshwaterItem,淡水,false
listAllwater,1xitem.iguana.tcon.clayBucket.Water@0,IguanaTweaksTConstruct:clayBucketWater,水黏土桶,false
livingRoot,1xitem.manaResource@20,Botania:manaResource,活根,false
livingrock,1xtile.livingrock@0,Botania:livingrock,活石,false
livingwood,1xtile.livingwood@0,Botania:livingwood,活木,false
livingwoodTwig,1xitem.manaResource@3,Botania:manaResource,活木枝,false
logWood,1xtile.log@32767,minecraft:log,(wildcard),true
logWood,1xtile.log@32767,minecraft:log2,(wildcard),true
logWood,1xtile.pamMaple@0,harvestcraft:pamMaple,枫树原木,false
logWood,1xtile.pamPaperbark@0,harvestcraft:pamPaperbark,白千层木原木,false
logWood,1xtile.pamCinnamon@0,harvestcraft:pamCinnamon,肉桂原木,false
manaDiamond,1xitem.manaResource@2,Botania:manaResource,魔力钻石,false
manaPearl,1xitem.manaResource@1,Botania:manaResource,魔力珍珠,false
manaString,1xitem.manaResource@16,Botania:manaResource,蕴魔丝线,false
manyullynRod,1xitem.tconstruct.ToolRod@12,TConstruct:toolRod,玛玉灵手柄,false
marble,1xtile.chisel.marble@0,chisel:marble,大理石,false
materialCloth,1xitem.wovencottonItem@0,harvestcraft:wovencottonItem,织棉,false
materialHardenedleather,1xitem.hardenedleatherItem@0,harvestcraft:hardenedleatherItem,硬化皮革,false
materialHoneycomb,1xitem.honeycombItem@0,harvestcraft:honeycombItem,蜂窝,false
materialPressedwax,1xitem.waxItem@0,harvestcraft:waxItem,蜡,false
materialPressedwax,1xitem.beeswaxItem@0,harvestcraft:beeswaxItem,蜂蜡,false
materialWaxcomb,1xitem.waxcombItem@0,harvestcraft:waxcombItem,蜂窝蜡,false
mycelium,1xtile.mycel@0,minecraft:mycelium,菌丝,false
mysticFlowerBlack,1xtile.flower@15,Botania:flower,黑色神秘花,false
mysticFlowerBlackDouble,1xtile.doubleFlower2@7,Botania:doubleFlower2,黑色高神秘花,false
mysticFlowerBlue,1xtile.flower@11,Botania:flower,蓝色神秘花,false
mysticFlowerBlueDouble,1xtile.doubleFlower2@3,Botania:doubleFlower2,蓝色高神秘花,false
mysticFlowerBrown,1xtile.flower@12,Botania:flower,棕色神秘花,false
mysticFlowerBrownDouble,1xtile.doubleFlower2@4,Botania:doubleFlower2,褐色高神秘花,false
mysticFlowerCyan,1xtile.flower@9,Botania:flower,青色神秘花,false
mysticFlowerCyanDouble,1xtile.doubleFlower2@1,Botania:doubleFlower2,青色高神秘花,false
mysticFlowerGray,1xtile.flower@7,Botania:flower,灰色神秘花,false
mysticFlowerGrayDouble,1xtile.doubleFlower1@7,Botania:doubleFlower1,灰色高神秘花,false
mysticFlowerGreen,1xtile.flower@13,Botania:flower,绿色神秘花,false
mysticFlowerGreenDouble,1xtile.doubleFlower2@5,Botania:doubleFlower2,绿色高神秘花,false
mysticFlowerLightBlue,1xtile.flower@3,Botania:flower,淡蓝色神秘花,false
mysticFlowerLightBlueDouble,1xtile.doubleFlower1@3,Botania:doubleFlower1,淡蓝色高神秘花,false
mysticFlowerLightGray,1xtile.flower@8,Botania:flower,淡灰色神秘花,false
mysticFlowerLightGrayDouble,1xtile.doubleFlower2@0,Botania:doubleFlower2,淡灰色高神秘花,false
mysticFlowerLime,1xtile.flower@5,Botania:flower,黄绿色神秘花,false
mysticFlowerLimeDouble,1xtile.doubleFlower1@5,Botania:doubleFlower1,黄绿色高神秘花,false
mysticFlowerMagenta,1xtile.flower@2,Botania:flower,品红色神秘花,false
mysticFlowerMagentaDouble,1xtile.doubleFlower1@2,Botania:doubleFlower1,品红色高神秘花,false
mysticFlowerOrange,1xtile.flower@1,Botania:flower,橙色神秘花,false
mysticFlowerOrangeDouble,1xtile.doubleFlower1@1,Botania:doubleFlower1,橙色高神秘花,false
mysticFlowerPink,1xtile.flower@6,Botania:flower,粉色神秘花,false
mysticFlowerPinkDouble,1xtile.doubleFlower1@6,Botania:doubleFlower1,粉色高神秘花,false
mysticFlowerPurple,1xtile.flower@10,Botania:flower,紫色神秘花,false
mysticFlowerPurpleDouble,1xtile.doubleFlower2@2,Botania:doubleFlower2,紫色高神秘花,false
mysticFlowerRed,1xtile.flower@14,Botania:flower,红色神秘花,false
mysticFlowerRedDouble,1xtile.doubleFlower2@6,Botania:doubleFlower2,红色高神秘花,false
mysticFlowerWhite,1xtile.flower@0,Botania:flower,白色神秘花,false
mysticFlowerWhiteDouble,1xtile.doubleFlower1@0,Botania:doubleFlower1,白色高神秘花,false
mysticFlowerYellow,1xtile.flower@4,Botania:flower,黄色神秘花,false
mysticFlowerYellowDouble,1xtile.doubleFlower1@4,Botania:doubleFlower1,黄色高神秘花,false
natureMaterial,1xtile.vine@0,minecraft:vine,藤蔓,false
natureMaterial,1xtile.flower2@0,minecraft:red_flower,罂粟,false
natureMaterial,1xtile.flower1@0,minecraft:yellow_flower,蒲公英,false
natureMaterial,1xtile.cactus@0,minecraft:cactus,仙人掌,false
natureMaterial,1xtile.pumpkin@0,minecraft:pumpkin,南瓜,false
natureMaterial,1xtile.waterlily@0,minecraft:waterlily,睡莲,false
natureMaterial,1xtile.deadbush@0,minecraft:deadbush,枯死的灌木,false
natureMaterial,1xitem.reeds@0,minecraft:reeds,甘蔗,false
natureMaterial,1xitem.carrots@0,minecraft:carrot,胡萝卜,false
natureMaterial,1xitem.potato@0,minecraft:potato,马铃薯,false
natureMaterial,1xitem.wheat@0,minecraft:wheat,小麦,false
neonite,1xtile.chisel.neonite@0,chisel:neonite,霓虹石,false
netherMaterial,1xtile.netherBrick@0,minecraft:nether_brick,地狱砖块,false
netherMaterial,1xtile.hellrock@0,minecraft:netherrack,地狱岩,false
netherMaterial,1xtile.hellsand@0,minecraft:soul_sand,灵魂沙,false
netherrack,1xtile.hellrock@0,minecraft:netherrack,地狱岩,false
netherrackRod,1xitem.tconstruct.ToolRod@7,TConstruct:toolRod,地狱岩手柄,false
nuggetAluminium,1xitem.oreberry@4,TConstruct:oreBerries,铝矿莓,false
nuggetAluminium,1xitem.tconstruct.Materials@22,TConstruct:materials,铝粒,false
nuggetAluminiumBrass,1xitem.tconstruct.Materials@24,TConstruct:materials,铝黄铜粒,false
nuggetAluminum,1xitem.ImmersiveEngineering.metal@23,ImmersiveEngineering:metal,铝粒,false
nuggetAluminum,1xitem.oreberry@4,TConstruct:oreBerries,铝矿莓,false
nuggetAluminum,1xitem.tconstruct.Materials@22,TConstruct:materials,铝粒,false
nuggetAluminumBrass,1xitem.tconstruct.Materials@24,TConstruct:materials,铝黄铜粒,false
nuggetAlumite,1xitem.tconstruct.Materials@32,TConstruct:materials,耐酸铝粒,false
nuggetArdite,1xitem.tconstruct.Materials@29,TConstruct:materials,阿迪特粒,false
nuggetBronze,1xitem.thermalfoundation.material@105,ThermalFoundation:material,青铜粒,false
nuggetBronze,1xitem.tconstruct.Materials@31,TConstruct:materials,青铜粒,false
nuggetCobalt,1xitem.tconstruct.Materials@28,TConstruct:materials,钴粒,false
nuggetConstantan,1xitem.ImmersiveEngineering.metal@27,ImmersiveEngineering:metal,康铜粒,false
nuggetCopper,1xitem.thermalfoundation.material@96,ThermalFoundation:material,铜粒,false
nuggetCopper,1xitem.ImmersiveEngineering.metal@22,ImmersiveEngineering:metal,铜粒,false
nuggetCopper,1xitem.oreberry@2,TConstruct:oreBerries,铜矿莓,false
nuggetCopper,1xitem.tconstruct.Materials@20,TConstruct:materials,铜粒,false
nuggetCupronickel,1xitem.ImmersiveEngineering.metal@27,ImmersiveEngineering:metal,康铜粒,false
nuggetDraconium,1xitem.draconicevolution:nugget@0,DraconicEvolution:nugget,龙粒,false
nuggetDraconiumAwakened,1xitem.draconicevolution:nugget@1,DraconicEvolution:nugget,觉醒龙粒,false
nuggetElectrum,1xitem.thermalfoundation.material@103,ThermalFoundation:material,琥珀金粒,false
nuggetElectrum,1xitem.ImmersiveEngineering.metal@28,ImmersiveEngineering:metal,琥珀金粒,false
nuggetElectrumFlux,1xitem.redstonearsenal.material@64,RedstoneArsenal:material,红石琥珀金粒,false
nuggetElvenElementium,1xitem.manaResource@19,Botania:manaResource,源质钢粒,false
nuggetEndSteel,1xitem.itemMaterial@11,EnderIO:itemMaterial,末影钢粒,false
nuggetEnderium,1xitem.thermalfoundation.material@108,ThermalFoundation:material,末影粒,false
nuggetGold,1xitem.goldNugget@0,minecraft:gold_nugget,金粒,false
nuggetGold,1xitem.oreberry@1,TConstruct:oreBerries,金矿莓,false
nuggetInvar,1xitem.thermalfoundation.material@104,ThermalFoundation:material,因瓦合金粒,false
nuggetIron,1xitem.thermalfoundation.material@8,ThermalFoundation:material,铁粒,false
nuggetIron,1xitem.ImmersiveEngineering.metal@21,ImmersiveEngineering:metal,铁粒,false
nuggetIron,1xitem.oreberry@0,TConstruct:oreBerries,铁矿莓,false
nuggetIron,1xitem.tconstruct.Materials@19,TConstruct:materials,铁粒,false
nuggetLead,1xitem.thermalfoundation.material@99,ThermalFoundation:material,铅粒,false
nuggetLead,1xitem.ImmersiveEngineering.metal@24,ImmersiveEngineering:metal,铅粒,false
nuggetLumium,1xitem.thermalfoundation.material@107,ThermalFoundation:material,流明粒,false
nuggetManasteel,1xitem.manaResource@17,Botania:manaResource,魔力钢粒,false
nuggetManyullyn,1xitem.tconstruct.Materials@30,TConstruct:materials,玛玉灵粒,false
nuggetMeat,1xitem.mfr.meat.nugget.cooked@0,MineFactoryReloaded:meat.nugget.cooked,烤肉粒,false
nuggetMeatRaw,1xitem.mfr.meat.nugget.raw@0,MineFactoryReloaded:meat.nugget.raw,生肉粒,false
nuggetMithril,1xitem.thermalfoundation.material@102,ThermalFoundation:material,蕴魔秘银粒,false
nuggetNickel,1xitem.thermalfoundation.material@100,ThermalFoundation:material,镍粒,false
nuggetNickel,1xitem.ImmersiveEngineering.metal@26,ImmersiveEngineering:metal,镍粒,false
nuggetObsidian,1xitem.tconstruct.Materials@27,TConstruct:materials,黑曜石粒,false
nuggetPigIron,1xitem.tconstruct.Materials@35,TConstruct:materials,生铁粒,false
nuggetPlatinum,1xitem.thermalfoundation.material@101,ThermalFoundation:material,铂粒,false
nuggetPulsatingIron,1xitem.itemMaterial@3,EnderIO:itemMaterial,脉冲铁粒,false
nuggetSignalum,1xitem.thermalfoundation.material@106,ThermalFoundation:material,信素粒,false
nuggetSilver,1xitem.thermalfoundation.material@98,ThermalFoundation:material,银粒,false
nuggetSilver,1xitem.ImmersiveEngineering.metal@25,ImmersiveEngineering:metal,银粒,false
nuggetSteel,1xitem.ImmersiveEngineering.metal@29,ImmersiveEngineering:metal,钢粒,false
nuggetSteel,1xitem.tconstruct.Materials@33,TConstruct:materials,钢粒,false
nuggetTerrasteel,1xitem.manaResource@18,Botania:manaResource,泰拉钢粒,false
nuggetTin,1xitem.thermalfoundation.material@97,ThermalFoundation:material,锡粒,false
nuggetTin,1xitem.oreberry@3,TConstruct:oreBerries,锡矿莓,false
nuggetTin,1xitem.tconstruct.Materials@21,TConstruct:materials,锡粒,false
nuggetUnstable,1xitem.extrautils:unstableingot@1,ExtraUtilities:unstableingot,不稳定金属粒,false
nuggetVibrantAlloy,1xitem.itemMaterial@4,EnderIO:itemMaterial,脉冲合金粒,false
obsidian,1xtile.extrautils:color_obsidian@0,ExtraUtilities:color_obsidian,染色 黑曜石（白色）,false
obsidian,1xtile.extrautils:color_obsidian@1,ExtraUtilities:color_obsidian,染色 黑曜石（橙色）,false
obsidian,1xtile.extrautils:color_obsidian@2,ExtraUtilities:color_obsidian,染色 黑曜石（品红色）,false
obsidian,1xtile.extrautils:color_obsidian@3,ExtraUtilities:color_obsidian,染色 黑曜石（淡蓝色）,false
obsidian,1xtile.extrautils:color_obsidian@4,ExtraUtilities:color_obsidian,染色 黑曜石（黄色）,false
obsidian,1xtile.extrautils:color_obsidian@5,ExtraUtilities:color_obsidian,染色 黑曜石（黄绿色）,false
obsidian,1xtile.extrautils:color_obsidian@6,ExtraUtilities:color_obsidian,染色 黑曜石（粉色）,false
obsidian,1xtile.extrautils:color_obsidian@7,ExtraUtilities:color_obsidian,染色 黑曜石（灰色）,false
obsidian,1xtile.extrautils:color_obsidian@8,ExtraUtilities:color_obsidian,染色 黑曜石（淡灰色）,false
obsidian,1xtile.extrautils:color_obsidian@9,ExtraUtilities:color_obsidian,染色 黑曜石（青色）,false
obsidian,1xtile.extrautils:color_obsidian@10,ExtraUtilities:color_obsidian,染色 黑曜石（紫色）,false
obsidian,1xtile.extrautils:color_obsidian@11,ExtraUtilities:color_obsidian,染色 黑曜石（蓝色）,false
obsidian,1xtile.extrautils:color_obsidian@12,ExtraUtilities:color_obsidian,染色 黑曜石（棕色）,false
obsidian,1xtile.extrautils:color_obsidian@13,ExtraUtilities:color_obsidian,染色 黑曜石（绿色）,false
obsidian,1xtile.extrautils:color_obsidian@14,ExtraUtilities:color_obsidian,染色 黑曜石（红色）,false
obsidian,1xtile.extrautils:color_obsidian@15,ExtraUtilities:color_obsidian,染色 黑曜石（黑色）,false
obsidian,1xtile.obsidian@0,minecraft:obsidian,黑曜石,false
obsidianBlack,1xtile.extrautils:color_obsidian@0,ExtraUtilities:color_obsidian,染色 黑曜石（白色）,false
obsidianBlue,1xtile.extrautils:color_obsidian@4,ExtraUtilities:color_obsidian,染色 黑曜石（黄色）,false
obsidianBrown,1xtile.extrautils:color_obsidian@3,ExtraUtilities:color_obsidian,染色 黑曜石（淡蓝色）,false
obsidianCyan,1xtile.extrautils:color_obsidian@6,ExtraUtilities:color_obsidian,染色 黑曜石（粉色）,false
obsidianGray,1xtile.extrautils:color_obsidian@8,ExtraUtilities:color_obsidian,染色 黑曜石（淡灰色）,false
obsidianGreen,1xtile.extrautils:color_obsidian@2,ExtraUtilities:color_obsidian,染色 黑曜石（品红色）,false
obsidianLightBlue,1xtile.extrautils:color_obsidian@12,ExtraUtilities:color_obsidian,染色 黑曜石（棕色）,false
obsidianLightGray,1xtile.extrautils:color_obsidian@7,ExtraUtilities:color_obsidian,染色 黑曜石（灰色）,false
obsidianLime,1xtile.extrautils:color_obsidian@10,ExtraUtilities:color_obsidian,染色 黑曜石（紫色）,false
obsidianMagenta,1xtile.extrautils:color_obsidian@13,ExtraUtilities:color_obsidian,染色 黑曜石（绿色）,false
obsidianOrange,1xtile.extrautils:color_obsidian@14,ExtraUtilities:color_obsidian,染色 黑曜石（红色）,false
obsidianPink,1xtile.extrautils:color_obsidian@9,ExtraUtilities:color_obsidian,染色 黑曜石（青色）,false
obsidianPurple,1xtile.extrautils:color_obsidian@5,ExtraUtilities:color_obsidian,染色 黑曜石（黄绿色）,false
obsidianRed,1xtile.extrautils:color_obsidian@1,ExtraUtilities:color_obsidian,染色 黑曜石（橙色）,false
obsidianRod,1xitem.tconstruct.ToolRod@6,TConstruct:toolRod,黑曜石手柄,false
obsidianWhite,1xtile.extrautils:color_obsidian@15,ExtraUtilities:color_obsidian,染色 黑曜石（黑色）,false
obsidianYellow,1xtile.extrautils:color_obsidian@11,ExtraUtilities:color_obsidian,染色 黑曜石（蓝色）,false
oreAluminium,1xtile.tconstruct.stoneore@5,TConstruct:SearedBrick,铝矿石,false
oreAluminium,1xtile.tconstruct.gravelore@4,TConstruct:GravelOre,铝矿沙砾,false
oreAluminum,1xtile.ImmersiveEngineering.ore@1,ImmersiveEngineering:ore,铝土矿石,false
oreAluminum,1xtile.tconstruct.stoneore@5,TConstruct:SearedBrick,铝矿石,false
oreAluminum,1xtile.tconstruct.gravelore@4,TConstruct:GravelOre,铝矿沙砾,false
oreArdite,1xtile.tconstruct.stoneore@2,TConstruct:SearedBrick,阿迪特矿石,false
oreCertusQuartz,1xtile.appliedenergistics2.OreQuartz@0,appliedenergistics2:tile.OreQuartz,赛特斯石英矿石,false
oreChargedCertusQuartz,1xtile.appliedenergistics2.OreQuartzCharged@0,appliedenergistics2:tile.OreQuartzCharged,充能赛特斯石英矿石,false
oreCoal,1xtile.oreCoal@0,minecraft:coal_ore,煤矿石,false
oreCobalt,1xtile.tconstruct.stoneore@1,TConstruct:SearedBrick,钴矿石,false
oreCobalt,1xtile.tconstruct.gravelore@5,TConstruct:GravelOre,钴矿沙砾,false
oreCopper,1xtile.thermalfoundation.ore@0,ThermalFoundation:Ore,铜矿石,false
oreCopper,1xtile.ImmersiveEngineering.ore@0,ImmersiveEngineering:ore,铜矿石,false
oreCopper,1xtile.tconstruct.stoneore@3,TConstruct:SearedBrick,铜矿石,false
oreCopper,1xtile.tconstruct.gravelore@2,TConstruct:GravelOre,铜矿沙砾,false
oreCopper,1xtile.projectred.exploration.ore@3,ProjRed|Exploration:projectred.exploration.ore,铜矿石,false
oreDiamond,1xtile.oreDiamond@0,minecraft:diamond_ore,钻石矿石,false
oreDraconium,1xtile.draconicevolution:draconiumOre@0,DraconicEvolution:draconiumOre,龙矿,false
oreElectrotine,1xtile.projectred.exploration.ore@6,ProjRed|Exploration:projectred.exploration.ore,蓝石矿石,false
oreEmerald,1xtile.oreEmerald@0,minecraft:emerald_ore,绿宝石矿石,false
oreGlowstone,1xtile.GlowstoneOre@0,DegeneratorCrystal:GlowstoneOre,萤石矿石,false
oreGold,1xtile.oreGold@0,minecraft:gold_ore,金矿石,false
oreGold,1xtile.tconstruct.gravelore@1,TConstruct:GravelOre,金矿沙砾,false
oreIron,1xtile.oreIron@0,minecraft:iron_ore,铁矿石,false
oreIron,1xtile.tconstruct.gravelore@0,TConstruct:GravelOre,铁矿沙砾,false
oreLapis,1xtile.oreLapis@0,minecraft:lapis_ore,青金石矿石,false
oreLead,1xtile.thermalfoundation.ore@3,ThermalFoundation:Ore,铅矿石,false
oreLead,1xtile.ImmersiveEngineering.ore@2,ImmersiveEngineering:ore,铅矿石,false
oreMinicio,1xtile.MinicioOre@0,magicalcrops:MinicioOre,精华矿石,false
oreMithril,1xtile.thermalfoundation.ore@6,ThermalFoundation:Ore,蕴魔秘银矿,false
oreNickel,1xtile.thermalfoundation.ore@4,ThermalFoundation:Ore,镍矿石,false
oreNickel,1xtile.ImmersiveEngineering.ore@4,ImmersiveEngineering:ore,镍矿石,false
orePeridot,1xtile.projectred.exploration.ore@2,ProjRed|Exploration:projectred.exploration.ore,绿橄榄石矿石,false
orePlatinum,1xtile.thermalfoundation.ore@5,ThermalFoundation:Ore,铂矿石,false
oreQuartz,1xtile.netherquartz@0,minecraft:quartz_ore,下界石英矿石,false
oreRedstone,1xtile.oreRedstone@0,minecraft:redstone_ore,红石矿石,false
oreRuby,1xtile.projectred.exploration.ore@0,ProjRed|Exploration:projectred.exploration.ore,红宝石矿石,false
oreSalt,1xtile.salt@0,harvestcraft:salt,盐矿,false
oreSapphire,1xtile.projectred.exploration.ore@1,ProjRed|Exploration:projectred.exploration.ore,蓝宝石矿石,false
oreSilver,1xtile.thermalfoundation.ore@2,ThermalFoundation:Ore,银矿石,false
oreSilver,1xtile.ImmersiveEngineering.ore@3,ImmersiveEngineering:ore,银矿石,false
oreSilver,1xtile.projectred.exploration.ore@5,ProjRed|Exploration:projectred.exploration.ore,银矿石,false
oreTin,1xtile.thermalfoundation.ore@1,ThermalFoundation:Ore,锡矿石,false
oreTin,1xtile.tconstruct.stoneore@4,TConstruct:SearedBrick,锡矿石,false
oreTin,1xtile.tconstruct.gravelore@3,TConstruct:GravelOre,锡矿沙砾,false
oreTin,1xtile.projectred.exploration.ore@4,ProjRed|Exploration:projectred.exploration.ore,锡矿石,false
oreYellorite,1xtile.brOre.0@0,BigReactors:YelloriteOre,黄铀矿石,false
oreYellorium,1xtile.brOre.0@0,BigReactors:YelloriteOre,黄铀矿石,false
oreberryAluminium,1xitem.oreberry@4,TConstruct:oreBerries,铝矿莓,false
oreberryAluminum,1xitem.oreberry@4,TConstruct:oreBerries,铝矿莓,false
oreberryCopper,1xitem.oreberry@2,TConstruct:oreBerries,铜矿莓,false
oreberryEssence,1xitem.oreberry@5,TConstruct:oreBerries,浓缩精华莓,false
oreberryGold,1xitem.oreberry@1,TConstruct:oreBerries,金矿莓,false
oreberryIron,1xitem.oreberry@0,TConstruct:oreBerries,铁矿莓,false
oreberryTin,1xitem.oreberry@3,TConstruct:oreBerries,锡矿莓,false
orebushAluminium,1xtile.ore.berries.two@4,TConstruct:ore.berries.two,铝矿莓丛,false
orebushAluminum,1xtile.ore.berries.two@4,TConstruct:ore.berries.two,铝矿莓丛,false
orebushCopper,1xtile.ore.berries.one@2,TConstruct:ore.berries.one,铜矿莓丛,false
orebushEssence,1xtile.ore.berries.two@5,TConstruct:ore.berries.two,精华莓丛,false
orebushGold,1xtile.ore.berries.one@1,TConstruct:ore.berries.one,金矿莓丛,false
orebushIron,1xtile.ore.berries.one@0,TConstruct:ore.berries.one,铁矿莓丛,false
orebushTin,1xtile.ore.berries.one@3,TConstruct:ore.berries.one,锡矿莓丛,false
paneGlass,1xtile.thinGlass@0,minecraft:glass_pane,玻璃板,false
paneGlass,1xtile.thinStainedGlass@32767,minecraft:stained_glass_pane,(wildcard),true
paneGlass,1xtile.mfr.stainedglass.pane@32767,MineFactoryReloaded:stainedglass.pane,(wildcard),true
paneGlassBlack,1xtile.thinStainedGlass@15,minecraft:stained_glass_pane,黑色染色玻璃板,false
paneGlassBlack,1xtile.mfr.stainedglass.pane@15,MineFactoryReloaded:stainedglass.pane,黑色玻璃板,false
paneGlassBlue,1xtile.thinStainedGlass@11,minecraft:stained_glass_pane,蓝色染色玻璃板,false
paneGlassBlue,1xtile.mfr.stainedglass.pane@11,MineFactoryReloaded:stainedglass.pane,蓝色玻璃板,false
paneGlassBrown,1xtile.thinStainedGlass@12,minecraft:stained_glass_pane,棕色染色玻璃板,false
paneGlassBrown,1xtile.mfr.stainedglass.pane@12,MineFactoryReloaded:stainedglass.pane,棕色玻璃板,false
paneGlassColorless,1xtile.thinGlass@0,minecraft:glass_pane,玻璃板,false
paneGlassCyan,1xtile.thinStainedGlass@9,minecraft:stained_glass_pane,青色染色玻璃板,false
paneGlassCyan,1xtile.mfr.stainedglass.pane@9,MineFactoryReloaded:stainedglass.pane,青色玻璃板,false
paneGlassGray,1xtile.thinStainedGlass@7,minecraft:stained_glass_pane,灰色染色玻璃板,false
paneGlassGray,1xtile.mfr.stainedglass.pane@7,MineFactoryReloaded:stainedglass.pane,灰色玻璃板,false
paneGlassGreen,1xtile.thinStainedGlass@13,minecraft:stained_glass_pane,绿色染色玻璃板,false
paneGlassGreen,1xtile.mfr.stainedglass.pane@13,MineFactoryReloaded:stainedglass.pane,绿色玻璃板,false
paneGlassLightBlue,1xtile.thinStainedGlass@3,minecraft:stained_glass_pane,淡蓝色染色玻璃板,false
paneGlassLightBlue,1xtile.mfr.stainedglass.pane@3,MineFactoryReloaded:stainedglass.pane,浅蓝色玻璃板,false
paneGlassLightGray,1xtile.thinStainedGlass@8,minecraft:stained_glass_pane,淡灰色染色玻璃板,false
paneGlassLightGray,1xtile.mfr.stainedglass.pane@8,MineFactoryReloaded:stainedglass.pane,浅灰色玻璃板,false
paneGlassLime,1xtile.thinStainedGlass@5,minecraft:stained_glass_pane,黄绿色染色玻璃板,false
paneGlassLime,1xtile.mfr.stainedglass.pane@5,MineFactoryReloaded:stainedglass.pane,柠檬色玻璃板,false
paneGlassMagenta,1xtile.thinStainedGlass@2,minecraft:stained_glass_pane,品红色染色玻璃板,false
paneGlassMagenta,1xtile.mfr.stainedglass.pane@2,MineFactoryReloaded:stainedglass.pane,品红色玻璃板,false
paneGlassOrange,1xtile.thinStainedGlass@1,minecraft:stained_glass_pane,橙色染色玻璃板,false
paneGlassOrange,1xtile.mfr.stainedglass.pane@1,MineFactoryReloaded:stainedglass.pane,橙色玻璃板,false
paneGlassPink,1xtile.thinStainedGlass@6,minecraft:stained_glass_pane,粉红色染色玻璃板,false
paneGlassPink,1xtile.mfr.stainedglass.pane@6,MineFactoryReloaded:stainedglass.pane,粉色玻璃板,false
paneGlassPurple,1xtile.thinStainedGlass@10,minecraft:stained_glass_pane,紫色染色玻璃板,false
paneGlassPurple,1xtile.mfr.stainedglass.pane@10,MineFactoryReloaded:stainedglass.pane,紫色玻璃板,false
paneGlassRed,1xtile.thinStainedGlass@14,minecraft:stained_glass_pane,红色染色玻璃板,false
paneGlassRed,1xtile.mfr.stainedglass.pane@14,MineFactoryReloaded:stainedglass.pane,红色玻璃板,false
paneGlassWhite,1xtile.thinStainedGlass@0,minecraft:stained_glass_pane,白色染色玻璃板,false
paneGlassWhite,1xtile.mfr.stainedglass.pane@0,MineFactoryReloaded:stainedglass.pane,白色玻璃板,false
paneGlassYellow,1xtile.thinStainedGlass@4,minecraft:stained_glass_pane,黄色染色玻璃板,false
paneGlassYellow,1xtile.mfr.stainedglass.pane@4,MineFactoryReloaded:stainedglass.pane,黄色玻璃板,false
paperRod,1xitem.tconstruct.ToolRod@9,TConstruct:toolRod,纸手柄,false
pearlEnder,1xitem.enderPearl@0,minecraft:ender_pearl,末影珍珠,false
pearlEnderEye,1xitem.eyeOfEnder@0,minecraft:ender_eye,末影之眼,false
pearlFluix,1xitem.appliedenergistics2.ItemMaterial@9,appliedenergistics2:item.ItemMultiMaterial,福鲁伊克斯珍珠,false
pebble,1xitem.manaResource@21,Botania:manaResource,卵石,false
pestleAndMortar,1xitem.pestleAndMortar@0,Botania:pestleAndMortar,杵和臼,false
petalBlack,1xitem.petal@15,Botania:petal,黑色神秘花瓣,false
petalBlue,1xitem.petal@11,Botania:petal,蓝色神秘花瓣,false
petalBrown,1xitem.petal@12,Botania:petal,棕色神秘花瓣,false
petalCyan,1xitem.petal@9,Botania:petal,青色神秘花瓣,false
petalGray,1xitem.petal@7,Botania:petal,灰色神秘花瓣,false
petalGreen,1xitem.petal@13,Botania:petal,绿色神秘花瓣,false
petalLightBlue,1xitem.petal@3,Botania:petal,淡蓝色神秘花瓣,false
petalLightGray,1xitem.petal@8,Botania:petal,淡灰色神秘花瓣,false
petalLime,1xitem.petal@5,Botania:petal,黄绿色神秘花瓣,false
petalMagenta,1xitem.petal@2,Botania:petal,品红色神秘花瓣,false
petalOrange,1xitem.petal@1,Botania:petal,橙色神秘花瓣,false
petalPink,1xitem.petal@6,Botania:petal,粉色神秘花瓣,false
petalPurple,1xitem.petal@10,Botania:petal,紫色神秘花瓣,false
petalRed,1xitem.petal@14,Botania:petal,红色神秘花瓣,false
petalWhite,1xitem.petal@0,Botania:petal,白色神秘花瓣,false
petalYellow,1xitem.petal@4,Botania:petal,黄色神秘花瓣,false
plankTreatedWood,1xtile.ImmersiveEngineering.treatedWood@32767,ImmersiveEngineering:treatedWood,(wildcard),true
plankWood,1xtile.wood@32767,minecraft:planks,(wildcard),true
plankWood,1xtile.extrautils:colorWoodPlanks@0,ExtraUtilities:colorWoodPlanks,染色 橡木木板（白色）,false
plankWood,1xtile.extrautils:colorWoodPlanks@1,ExtraUtilities:colorWoodPlanks,染色 橡木木板（橙色）,false
plankWood,1xtile.extrautils:colorWoodPlanks@2,ExtraUtilities:colorWoodPlanks,染色 橡木木板（品红色）,false
plankWood,1xtile.extrautils:colorWoodPlanks@3,ExtraUtilities:colorWoodPlanks,染色 橡木木板（淡蓝色）,false
plankWood,1xtile.extrautils:colorWoodPlanks@4,ExtraUtilities:colorWoodPlanks,染色 橡木木板（黄色）,false
plankWood,1xtile.extrautils:colorWoodPlanks@5,ExtraUtilities:colorWoodPlanks,染色 橡木木板（黄绿色）,false
plankWood,1xtile.extrautils:colorWoodPlanks@6,ExtraUtilities:colorWoodPlanks,染色 橡木木板（粉色）,false
plankWood,1xtile.extrautils:colorWoodPlanks@7,ExtraUtilities:colorWoodPlanks,染色 橡木木板（灰色）,false
plankWood,1xtile.extrautils:colorWoodPlanks@8,ExtraUtilities:colorWoodPlanks,染色 橡木木板（淡灰色）,false
plankWood,1xtile.extrautils:colorWoodPlanks@9,ExtraUtilities:colorWoodPlanks,染色 橡木木板（青色）,false
plankWood,1xtile.extrautils:colorWoodPlanks@10,ExtraUtilities:colorWoodPlanks,染色 橡木木板（紫色）,false
plankWood,1xtile.extrautils:colorWoodPlanks@11,ExtraUtilities:colorWoodPlanks,染色 橡木木板（蓝色）,false
plankWood,1xtile.extrautils:colorWoodPlanks@12,ExtraUtilities:colorWoodPlanks,染色 橡木木板（棕色）,false
plankWood,1xtile.extrautils:colorWoodPlanks@13,ExtraUtilities:colorWoodPlanks,染色 橡木木板（绿色）,false
plankWood,1xtile.extrautils:colorWoodPlanks@14,ExtraUtilities:colorWoodPlanks,染色 橡木木板（红色）,false
plankWood,1xtile.extrautils:colorWoodPlanks@15,ExtraUtilities:colorWoodPlanks,染色 橡木木板（黑色）,false
plankWoodBlack,1xtile.extrautils:colorWoodPlanks@0,ExtraUtilities:colorWoodPlanks,染色 橡木木板（白色）,false
plankWoodBlue,1xtile.extrautils:colorWoodPlanks@4,ExtraUtilities:colorWoodPlanks,染色 橡木木板（黄色）,false
plankWoodBrown,1xtile.extrautils:colorWoodPlanks@3,ExtraUtilities:colorWoodPlanks,染色 橡木木板（淡蓝色）,false
plankWoodCyan,1xtile.extrautils:colorWoodPlanks@6,ExtraUtilities:colorWoodPlanks,染色 橡木木板（粉色）,false
plankWoodGray,1xtile.extrautils:colorWoodPlanks@8,ExtraUtilities:colorWoodPlanks,染色 橡木木板（淡灰色）,false
plankWoodGreen,1xtile.extrautils:colorWoodPlanks@2,ExtraUtilities:colorWoodPlanks,染色 橡木木板（品红色）,false
plankWoodLightBlue,1xtile.extrautils:colorWoodPlanks@12,ExtraUtilities:colorWoodPlanks,染色 橡木木板（棕色）,false
plankWoodLightGray,1xtile.extrautils:colorWoodPlanks@7,ExtraUtilities:colorWoodPlanks,染色 橡木木板（灰色）,false
plankWoodLime,1xtile.extrautils:colorWoodPlanks@10,ExtraUtilities:colorWoodPlanks,染色 橡木木板（紫色）,false
plankWoodMagenta,1xtile.extrautils:colorWoodPlanks@13,ExtraUtilities:colorWoodPlanks,染色 橡木木板（绿色）,false
plankWoodOrange,1xtile.extrautils:colorWoodPlanks@14,ExtraUtilities:colorWoodPlanks,染色 橡木木板（红色）,false
plankWoodPink,1xtile.extrautils:colorWoodPlanks@9,ExtraUtilities:colorWoodPlanks,染色 橡木木板（青色）,false
plankWoodPurple,1xtile.extrautils:colorWoodPlanks@5,ExtraUtilities:colorWoodPlanks,染色 橡木木板（黄绿色）,false
plankWoodRed,1xtile.extrautils:colorWoodPlanks@1,ExtraUtilities:colorWoodPlanks,染色 橡木木板（橙色）,false
plankWoodWhite,1xtile.extrautils:colorWoodPlanks@15,ExtraUtilities:colorWoodPlanks,染色 橡木木板（黑色）,false
plankWoodYellow,1xtile.extrautils:colorWoodPlanks@11,ExtraUtilities:colorWoodPlanks,染色 橡木木板（蓝色）,false
plateAluminum,1xitem.ImmersiveEngineering.metal@32,ImmersiveEngineering:metal,铝板,false
plateConstantan,1xitem.ImmersiveEngineering.metal@36,ImmersiveEngineering:metal,康铜板,false
plateCopper,1xitem.ImmersiveEngineering.metal@31,ImmersiveEngineering:metal,铜板,false
plateElectrum,1xitem.ImmersiveEngineering.metal@37,ImmersiveEngineering:metal,琥珀金板,false
plateIron,1xitem.ImmersiveEngineering.metal@30,ImmersiveEngineering:metal,铁板,false
plateLead,1xitem.ImmersiveEngineering.metal@33,ImmersiveEngineering:metal,铅板,false
plateNickel,1xitem.ImmersiveEngineering.metal@35,ImmersiveEngineering:metal,镍板,false
plateSilver,1xitem.ImmersiveEngineering.metal@34,ImmersiveEngineering:metal,银板,false
plateSteel,1xitem.ImmersiveEngineering.metal@38,ImmersiveEngineering:metal,钢板,false
podzol,1xtile.dirt@2,minecraft:dirt,灰化土,false
powderBlaze,1xitem.blazePowder@0,minecraft:blaze_powder,烈焰粉,false
powderMana,1xitem.manaResource@23,Botania:manaResource,魔力尘,false
prbackpack,1xitem.projectred.exploration.backpack@0,ProjRed|Exploration:projectred.exploration.backpack,白色背包,false
prbackpack,1xitem.projectred.exploration.backpack@1,ProjRed|Exploration:projectred.exploration.backpack,橙色背包,false
prbackpack,1xitem.projectred.exploration.backpack@2,ProjRed|Exploration:projectred.exploration.backpack,品红色背包,false
prbackpack,1xitem.projectred.exploration.backpack@3,ProjRed|Exploration:projectred.exploration.backpack,淡蓝色背包,false
prbackpack,1xitem.projectred.exploration.backpack@4,ProjRed|Exploration:projectred.exploration.backpack,黄色背包,false
prbackpack,1xitem.projectred.exploration.backpack@5,ProjRed|Exploration:projectred.exploration.backpack,黄绿色背包,false
prbackpack,1xitem.projectred.exploration.backpack@6,ProjRed|Exploration:projectred.exploration.backpack,粉色背包,false
prbackpack,1xitem.projectred.exploration.backpack@7,ProjRed|Exploration:projectred.exploration.backpack,灰色背包,false
prbackpack,1xitem.projectred.exploration.backpack@8,ProjRed|Exploration:projectred.exploration.backpack,淡灰色背包,false
prbackpack,1xitem.projectred.exploration.backpack@9,ProjRed|Exploration:projectred.exploration.backpack,青色背包,false
prbackpack,1xitem.projectred.exploration.backpack@10,ProjRed|Exploration:projectred.exploration.backpack,紫色背包,false
prbackpack,1xitem.projectred.exploration.backpack@11,ProjRed|Exploration:projectred.exploration.backpack,蓝色背包,false
prbackpack,1xitem.projectred.exploration.backpack@12,ProjRed|Exploration:projectred.exploration.backpack,棕色背包,false
prbackpack,1xitem.projectred.exploration.backpack@13,ProjRed|Exploration:projectred.exploration.backpack,绿色背包,false
prbackpack,1xitem.projectred.exploration.backpack@14,ProjRed|Exploration:projectred.exploration.backpack,红色背包,false
prbackpack,1xitem.projectred.exploration.backpack@15,ProjRed|Exploration:projectred.exploration.backpack,黑色背包,false
projredBundledCable,1xitem.projectred.transmission.wire@17,ProjRed|Transmission:projectred.transmission.wire,集束线缆,false
projredBundledCable,1xitem.projectred.transmission.wire@18,ProjRed|Transmission:projectred.transmission.wire,白色集束线缆,false
projredBundledCable,1xitem.projectred.transmission.wire@19,ProjRed|Transmission:projectred.transmission.wire,橙色集束线缆,false
projredBundledCable,1xitem.projectred.transmission.wire@20,ProjRed|Transmission:projectred.transmission.wire,品红色集束线缆,false
projredBundledCable,1xitem.projectred.transmission.wire@21,ProjRed|Transmission:projectred.transmission.wire,淡蓝色集束线缆,false
projredBundledCable,1xitem.projectred.transmission.wire@22,ProjRed|Transmission:projectred.transmission.wire,黄色集束线缆,false
projredBundledCable,1xitem.projectred.transmission.wire@23,ProjRed|Transmission:projectred.transmission.wire,黄绿色集束线缆,false
projredBundledCable,1xitem.projectred.transmission.wire@24,ProjRed|Transmission:projectred.transmission.wire,粉色集束线缆,false
projredBundledCable,1xitem.projectred.transmission.wire@25,ProjRed|Transmission:projectred.transmission.wire,灰色集束线缆,false
projredBundledCable,1xitem.projectred.transmission.wire@26,ProjRed|Transmission:projectred.transmission.wire,淡灰色集束线缆,false
projredBundledCable,1xitem.projectred.transmission.wire@27,ProjRed|Transmission:projectred.transmission.wire,青色集束线缆,false
projredBundledCable,1xitem.projectred.transmission.wire@28,ProjRed|Transmission:projectred.transmission.wire,紫色集束线缆,false
projredBundledCable,1xitem.projectred.transmission.wire@29,ProjRed|Transmission:projectred.transmission.wire,蓝色集束线缆,false
projredBundledCable,1xitem.projectred.transmission.wire@30,ProjRed|Transmission:projectred.transmission.wire,棕色集束线缆,false
projredBundledCable,1xitem.projectred.transmission.wire@31,ProjRed|Transmission:projectred.transmission.wire,绿色集束线缆,false
projredBundledCable,1xitem.projectred.transmission.wire@32,ProjRed|Transmission:projectred.transmission.wire,红色集束线缆,false
projredBundledCable,1xitem.projectred.transmission.wire@33,ProjRed|Transmission:projectred.transmission.wire,黑色集束线缆,false
projredIllumar,1xitem.projectred.core.part@19,ProjRed|Core:projectred.core.part,白色荧光粉,false
projredIllumar,1xitem.projectred.core.part@20,ProjRed|Core:projectred.core.part,橙色荧光粉,false
projredIllumar,1xitem.projectred.core.part@21,ProjRed|Core:projectred.core.part,品红色荧光粉,false
projredIllumar,1xitem.projectred.core.part@22,ProjRed|Core:projectred.core.part,淡蓝色荧光粉,false
projredIllumar,1xitem.projectred.core.part@23,ProjRed|Core:projectred.core.part,黄色荧光粉,false
projredIllumar,1xitem.projectred.core.part@24,ProjRed|Core:projectred.core.part,黄绿色荧光粉,false
projredIllumar,1xitem.projectred.core.part@25,ProjRed|Core:projectred.core.part,粉色荧光粉,false
projredIllumar,1xitem.projectred.core.part@26,ProjRed|Core:projectred.core.part,灰色荧光粉,false
projredIllumar,1xitem.projectred.core.part@27,ProjRed|Core:projectred.core.part,淡灰色荧光粉,false
projredIllumar,1xitem.projectred.core.part@28,ProjRed|Core:projectred.core.part,青色荧光粉,false
projredIllumar,1xitem.projectred.core.part@29,ProjRed|Core:projectred.core.part,紫色荧光粉,false
projredIllumar,1xitem.projectred.core.part@30,ProjRed|Core:projectred.core.part,蓝色荧光粉,false
projredIllumar,1xitem.projectred.core.part@31,ProjRed|Core:projectred.core.part,棕色荧光粉,false
projredIllumar,1xitem.projectred.core.part@32,ProjRed|Core:projectred.core.part,绿色荧光粉,false
projredIllumar,1xitem.projectred.core.part@33,ProjRed|Core:projectred.core.part,红色荧光粉,false
projredIllumar,1xitem.projectred.core.part@34,ProjRed|Core:projectred.core.part,黑色荧光粉,false
projredInsFramedWire,1xitem.projectred.transmission.framewire@1,ProjRed|Transmission:projectred.transmission.framewire,框架白色绝缘线缆,false
projredInsFramedWire,1xitem.projectred.transmission.framewire@2,ProjRed|Transmission:projectred.transmission.framewire,框架橙色绝缘线缆,false
projredInsFramedWire,1xitem.projectred.transmission.framewire@3,ProjRed|Transmission:projectred.transmission.framewire,框架品红色绝缘线缆,false
projredInsFramedWire,1xitem.projectred.transmission.framewire@4,ProjRed|Transmission:projectred.transmission.framewire,框架淡蓝色绝缘线缆,false
projredInsFramedWire,1xitem.projectred.transmission.framewire@5,ProjRed|Transmission:projectred.transmission.framewire,框架黄色绝缘线缆,false
projredInsFramedWire,1xitem.projectred.transmission.framewire@6,ProjRed|Transmission:projectred.transmission.framewire,框架黄绿色绝缘线缆,false
projredInsFramedWire,1xitem.projectred.transmission.framewire@7,ProjRed|Transmission:projectred.transmission.framewire,框架粉色绝缘线缆,false
projredInsFramedWire,1xitem.projectred.transmission.framewire@8,ProjRed|Transmission:projectred.transmission.framewire,框架灰色绝缘线缆,false
projredInsFramedWire,1xitem.projectred.transmission.framewire@9,ProjRed|Transmission:projectred.transmission.framewire,框架淡灰色绝缘线缆,false
projredInsFramedWire,1xitem.projectred.transmission.framewire@10,ProjRed|Transmission:projectred.transmission.framewire,框架青色绝缘线缆,false
projredInsFramedWire,1xitem.projectred.transmission.framewire@11,ProjRed|Transmission:projectred.transmission.framewire,框架紫色绝缘线缆,false
projredInsFramedWire,1xitem.projectred.transmission.framewire@12,ProjRed|Transmission:projectred.transmission.framewire,框架蓝色绝缘线缆,false
projredInsFramedWire,1xitem.projectred.transmission.framewire@13,ProjRed|Transmission:projectred.transmission.framewire,框架棕色绝缘线缆,false
projredInsFramedWire,1xitem.projectred.transmission.framewire@14,ProjRed|Transmission:projectred.transmission.framewire,框架绿色绝缘线缆,false
projredInsFramedWire,1xitem.projectred.transmission.framewire@15,ProjRed|Transmission:projectred.transmission.framewire,框架红色绝缘线缆,false
projredInsFramedWire,1xitem.projectred.transmission.framewire@16,ProjRed|Transmission:projectred.transmission.framewire,框架黑色绝缘线缆,false
projredInsulatedWire,1xitem.projectred.transmission.wire@1,ProjRed|Transmission:projectred.transmission.wire,白色绝缘线缆,false
projredInsulatedWire,1xitem.projectred.transmission.wire@2,ProjRed|Transmission:projectred.transmission.wire,橙色绝缘线缆,false
projredInsulatedWire,1xitem.projectred.transmission.wire@3,ProjRed|Transmission:projectred.transmission.wire,品红色绝缘线缆,false
projredInsulatedWire,1xitem.projectred.transmission.wire@4,ProjRed|Transmission:projectred.transmission.wire,淡蓝色绝缘线缆,false
projredInsulatedWire,1xitem.projectred.transmission.wire@5,ProjRed|Transmission:projectred.transmission.wire,黄色绝缘线缆,false
projredInsulatedWire,1xitem.projectred.transmission.wire@6,ProjRed|Transmission:projectred.transmission.wire,黄绿色绝缘线缆,false
projredInsulatedWire,1xitem.projectred.transmission.wire@7,ProjRed|Transmission:projectred.transmission.wire,粉色绝缘线缆,false
projredInsulatedWire,1xitem.projectred.transmission.wire@8,ProjRed|Transmission:projectred.transmission.wire,灰色绝缘线缆,false
projredInsulatedWire,1xitem.projectred.transmission.wire@9,ProjRed|Transmission:projectred.transmission.wire,淡灰色绝缘线缆,false
projredInsulatedWire,1xitem.projectred.transmission.wire@10,ProjRed|Transmission:projectred.transmission.wire,青色绝缘线缆,false
projredInsulatedWire,1xitem.projectred.transmission.wire@11,ProjRed|Transmission:projectred.transmission.wire,紫色绝缘线缆,false
projredInsulatedWire,1xitem.projectred.transmission.wire@12,ProjRed|Transmission:projectred.transmission.wire,蓝色绝缘线缆,false
projredInsulatedWire,1xitem.projectred.transmission.wire@13,ProjRed|Transmission:projectred.transmission.wire,棕色绝缘线缆,false
projredInsulatedWire,1xitem.projectred.transmission.wire@14,ProjRed|Transmission:projectred.transmission.wire,绿色绝缘线缆,false
projredInsulatedWire,1xitem.projectred.transmission.wire@15,ProjRed|Transmission:projectred.transmission.wire,红色绝缘线缆,false
projredInsulatedWire,1xitem.projectred.transmission.wire@16,ProjRed|Transmission:projectred.transmission.wire,黑色绝缘线缆,false
quartzBlaze,1xitem.quartz@2,Botania:quartz,烈焰石英,false
quartzDark,1xitem.quartz@0,Botania:quartz,烟熏石英,false
quartzElven,1xitem.quartz@5,Botania:quartz,精灵石英,false
quartzLavender,1xitem.quartz@3,Botania:quartz,熏香石英,false
quartzMana,1xitem.quartz@1,Botania:quartz,魔力石英,false
quartzRed,1xitem.quartz@4,Botania:quartz,红色石英,false
quartzSunny,1xitem.quartz@6,Botania:quartz,金黄石英,false
rawCalamari,1xitem.calamarirawItem@0,harvestcraft:calamarirawItem,生鱿鱼,false
rawMutton,1xitem.muttonrawItem@0,harvestcraft:muttonrawItem,生羊肉,false
reactorCasing,1xtile.blockReactorPart.0@0,BigReactors:BRReactorPart,反应堆外壳,false
reactorComputerPort,1xtile.blockReactorPart.0@7,BigReactors:BRReactorPart,反应堆电脑端口,false
reactorControlRod,1xtile.blockReactorPart.0@2,BigReactors:BRReactorPart,反应堆控制杆,false
reactorController,1xtile.blockReactorPart.0@1,BigReactors:BRReactorPart,反应堆控制器,false
reactorCoolantPort,1xtile.blockReactorPart.0@5,BigReactors:BRReactorPart,反应堆冷却端口,false
reactorPowerTap,1xtile.blockReactorPart.0@3,BigReactors:BRReactorPart,反应堆能量接口,false
reactorRedNetPort,1xtile.blockReactorPart.0@6,BigReactors:BRReactorPart,反应堆红石网络端口,false
reactorRedstonePort,1xtile.blockReactorRedstonePort@0,BigReactors:BRReactorRedstonePort,反应堆红石端口,false
record,1xitem.record@0,minecraft:record_13,音乐唱片,false
record,1xitem.record@0,minecraft:record_cat,音乐唱片,false
record,1xitem.record@0,minecraft:record_blocks,音乐唱片,false
record,1xitem.record@0,minecraft:record_chirp,音乐唱片,false
record,1xitem.record@0,minecraft:record_far,音乐唱片,false
record,1xitem.record@0,minecraft:record_mall,音乐唱片,false
record,1xitem.record@0,minecraft:record_mellohi,音乐唱片,false
record,1xitem.record@0,minecraft:record_stal,音乐唱片,false
record,1xitem.record@0,minecraft:record_strad,音乐唱片,false
record,1xitem.record@0,minecraft:record_ward,音乐唱片,false
record,1xitem.record@0,minecraft:record_11,音乐唱片,false
record,1xitem.record@0,minecraft:record_wait,音乐唱片,false
redstoneRoot,1xitem.manaResource@6,Botania:manaResource,红石根,false
rodAlumite,1xitem.tconstruct.ToolRod@15,TConstruct:toolRod,耐酸铝手柄,false
rodArdite,1xitem.tconstruct.ToolRod@11,TConstruct:toolRod,阿迪特手柄,false
rodBasalz,1xitem.thermalfoundation.material@1028,ThermalFoundation:material,岩石棒,false
rodBlaze,1xitem.blazeRod@0,minecraft:blaze_rod,烈焰棒,false
rodBlitz,1xitem.thermalfoundation.material@1026,ThermalFoundation:material,狂风棒,false
rodBlizz,1xitem.thermalfoundation.material@1024,ThermalFoundation:material,暴雪棒,false
rodBlueslime,1xitem.tconstruct.ToolRod@17,TConstruct:toolRod,史莱姆手柄,false
rodBone,1xitem.tconstruct.ToolRod@5,TConstruct:toolRod,骨头手柄,false
rodBronze,1xitem.tconstruct.ToolRod@14,TConstruct:toolRod,青铜手柄,false
rodCactus,1xitem.tconstruct.ToolRod@4,TConstruct:toolRod,仙人掌手柄,false
rodCobalt,1xitem.tconstruct.ToolRod@10,TConstruct:toolRod,钴手柄,false
rodCopper,1xitem.tconstruct.ToolRod@13,TConstruct:toolRod,铜手柄,false
rodFlint,1xitem.tconstruct.ToolRod@3,TConstruct:toolRod,燧石手柄,false
rodGold,1xitem.GoldRod@0,DegeneratorCrystal:GoldRod,金杆,false
rodIron,1xitem.tconstruct.ToolRod@2,TConstruct:toolRod,铁手柄,false
rodManyullyn,1xitem.tconstruct.ToolRod@12,TConstruct:toolRod,玛玉灵手柄,false
rodNetherrack,1xitem.tconstruct.ToolRod@7,TConstruct:toolRod,地狱岩手柄,false
rodObsidian,1xitem.tconstruct.ToolRod@6,TConstruct:toolRod,黑曜石手柄,false
rodPaper,1xitem.tconstruct.ToolRod@9,TConstruct:toolRod,纸手柄,false
rodSlime,1xitem.tconstruct.ToolRod@8,TConstruct:toolRod,史莱姆手柄,false
rodSteel,1xitem.tconstruct.ToolRod@16,TConstruct:toolRod,钢手柄,false
rodStone,1xitem.tconstruct.ToolRod@1,TConstruct:toolRod,石手柄,false
rodStone,1xitem.microblock:stoneRod@0,ForgeMicroblock:stoneRod,石棍,false
rodTin,1xitem.SnRod@0,DegeneratorCrystal:SnRod,锡杆,false
rodWood,1xitem.tconstruct.ToolRod@0,TConstruct:toolRod,木手柄,false
runeAirB,1xitem.rune@3,Botania:rune,风之符文,false
runeAutumnB,1xitem.rune@6,Botania:rune,秋之符文,false
runeEarthB,1xitem.rune@2,Botania:rune,地之符文,false
runeEnvyB,1xitem.rune@14,Botania:rune,嫉妒符文,false
runeFireB,1xitem.rune@1,Botania:rune,火之符文,false
runeGluttonyB,1xitem.rune@10,Botania:rune,暴食符文,false
runeGreedB,1xitem.rune@11,Botania:rune,贪婪符文,false
runeLustB,1xitem.rune@9,Botania:rune,欲望符文,false
runeManaB,1xitem.rune@8,Botania:rune,魔力符文,false
runePrideB,1xitem.rune@15,Botania:rune,傲慢符文,false
runeSlothB,1xitem.rune@12,Botania:rune,懒惰符文,false
runeSpringB,1xitem.rune@4,Botania:rune,春之符文,false
runeSummerB,1xitem.rune@5,Botania:rune,夏之符文,false
runeWaterB,1xitem.rune@0,Botania:rune,水之符文,false
runeWinterB,1xitem.rune@7,Botania:rune,冬之符文,false
runeWrathB,1xitem.rune@13,Botania:rune,暴怒符文,false
salmonRaw,1xitem.fish@0,minecraft:fish,生鱼,false
sand,1xtile.sand@32767,minecraft:sand,(wildcard),true
sand,1xtile.sand@0,minecraft:sand,沙子,false
sandstone,1xtile.sandStone@32767,minecraft:sandstone,(wildcard),true
seedArtichoke,1xitem.artichokeseedItem@0,harvestcraft:artichokeseedItem,朝鲜蓟种子,false
seedAsparagus,1xitem.asparagusseedItem@0,harvestcraft:asparagusseedItem,芦笋种子,false
seedBambooshoot,1xitem.bambooshootseedItem@0,harvestcraft:bambooshootseedItem,竹笋种子,false
seedBarley,1xitem.barleyseedItem@0,harvestcraft:barleyseedItem,大麦种子,false
seedBean,1xitem.beanseedItem@0,harvestcraft:beanseedItem,大豆种子,false
seedBeet,1xitem.beetseedItem@0,harvestcraft:beetseedItem,甜菜种子,false
seedBellpepper,1xitem.bellpepperseedItem@0,harvestcraft:bellpepperseedItem,甜椒种子,false
seedBlackberry,1xitem.blackberryseedItem@0,harvestcraft:blackberryseedItem,黑莓种子,false
seedBlueberry,1xitem.blueberryseedItem@0,harvestcraft:blueberryseedItem,蓝莓种子,false
seedBroccoli,1xitem.broccoliseedItem@0,harvestcraft:broccoliseedItem,西兰花种子,false
seedBrusselsprout,1xitem.brusselsproutseedItem@0,harvestcraft:brusselsproutseedItem,芽甘蓝种子,false
seedCabbage,1xitem.cabbageseedItem@0,harvestcraft:cabbageseedItem,卷心菜种子,false
seedCactusfruit,1xitem.cactusfruitseedItem@0,harvestcraft:cactusfruitseedItem,仙人掌果种子,false
seedCandleberry,1xitem.candleberryseedItem@0,harvestcraft:candleberryseedItem,蜡杨梅种子,false
seedCantaloupe,1xitem.cantaloupeseedItem@0,harvestcraft:cantaloupeseedItem,哈密瓜种子,false
seedCauliflower,1xitem.cauliflowerseedItem@0,harvestcraft:cauliflowerseedItem,花椰菜种子,false
seedCelery,1xitem.celeryseedItem@0,harvestcraft:celeryseedItem,芹菜种子,false
seedChilipepper,1xitem.chilipepperseedItem@0,harvestcraft:chilipepperseedItem,辣椒种子,false
seedCoffee,1xitem.coffeeseedItem@0,harvestcraft:coffeeseedItem,咖啡豆种子,false
seedCorn,1xitem.cornseedItem@0,harvestcraft:cornseedItem,玉米种子,false
seedCotton,1xitem.cottonseedItem@0,harvestcraft:cottonseedItem,棉花种子,false
seedCranberry,1xitem.cranberryseedItem@0,harvestcraft:cranberryseedItem,蔓越莓种子,false
seedCucumber,1xitem.cucumberseedItem@0,harvestcraft:cucumberseedItem,黄瓜种子,false
seedCurryleaf,1xitem.curryleafseedItem@0,harvestcraft:curryleafseedItem,咖喱叶种子,false
seedEggplant,1xitem.eggplantseedItem@0,harvestcraft:eggplantseedItem,茄子种子,false
seedGarlic,1xitem.garlicseedItem@0,harvestcraft:garlicseedItem,大蒜种子,false
seedGinger,1xitem.gingerseedItem@0,harvestcraft:gingerseedItem,姜种子,false
seedGrape,1xitem.grapeseedItem@0,harvestcraft:grapeseedItem,葡萄种子,false
seedIndustrialHemp,1xitem.ImmersiveEngineering.seed@0,ImmersiveEngineering:seed,工业大麻种子,false
seedKiwi,1xitem.kiwiseedItem@0,harvestcraft:kiwiseedItem,猕猴桃种子,false
seedLeek,1xitem.leekseedItem@0,harvestcraft:leekseedItem,韭葱种子,false
seedLettuce,1xitem.lettuceseedItem@0,harvestcraft:lettuceseedItem,生菜种子,false
seedMustard,1xitem.mustardseedItem@0,harvestcraft:mustardseedItem,芥末种子,false
seedOats,1xitem.oatsseedItem@0,harvestcraft:oatsseedItem,燕麦种子,false
seedOkra,1xitem.okraseedItem@0,harvestcraft:okraseedItem,秋葵种子,false
seedOnion,1xitem.onionseedItem@0,harvestcraft:onionseedItem,洋葱种子,false
seedParsnip,1xitem.parsnipseedItem@0,harvestcraft:parsnipseedItem,防风草种子,false
seedPeanut,1xitem.peanutseedItem@0,harvestcraft:peanutseedItem,花生种子,false
seedPeas,1xitem.peasseedItem@0,harvestcraft:peasseedItem,豌豆种子,false
seedPineapple,1xitem.pineappleseedItem@0,harvestcraft:pineappleseedItem,菠萝种子,false
seedRadish,1xitem.radishseedItem@0,harvestcraft:radishseedItem,小红萝卜,false
seedRaspberry,1xitem.raspberryseedItem@0,harvestcraft:raspberryseedItem,树莓种子,false
seedRhubarb,1xitem.rhubarbseedItem@0,harvestcraft:rhubarbseedItem,大黄种子,false
seedRice,1xitem.riceseedItem@0,harvestcraft:riceseedItem,水稻种子,false
seedRutabaga,1xitem.rutabagaseedItem@0,harvestcraft:rutabagaseedItem,芜菁甘蓝种子,false
seedRye,1xitem.ryeseedItem@0,harvestcraft:ryeseedItem,黑麦种子,false
seedScallion,1xitem.scallionseedItem@0,harvestcraft:scallionseedItem,青葱种子,false
seedSeaweed,1xitem.seaweedseedItem@0,harvestcraft:seaweedseedItem,海带种子,false
seedSesameseed,1xitem.sesameseedsseedItem@0,harvestcraft:sesameseedsseedItem,芝麻种子,false
seedSoybean,1xitem.soybeanseedItem@0,harvestcraft:soybeanseedItem,黄豆种子,false
seedSpiceleaf,1xitem.spiceleafseedItem@0,harvestcraft:spiceleafseedItem,香料叶种子,false
seedSpinach,1xitem.spinachseedItem@0,harvestcraft:spinachseedItem,菠菜种子,false
seedStrawberry,1xitem.strawberryseedItem@0,harvestcraft:strawberryseedItem,草莓种子,false
seedSweetpotato,1xitem.sweetpotatoseedItem@0,harvestcraft:sweetpotatoseedItem,红薯种子,false
seedTea,1xitem.teaseedItem@0,harvestcraft:teaseedItem,茶种子,false
seedTomato,1xitem.tomatoseedItem@0,harvestcraft:tomatoseedItem,番茄种子,false
seedTurnip,1xitem.turnipseedItem@0,harvestcraft:turnipseedItem,芜菁种子,false
seedWaterchestnut,1xitem.waterchestnutseedItem@0,harvestcraft:waterchestnutseedItem,荸荠种子,false
seedWhitemushroom,1xitem.whitemushroomseedItem@0,harvestcraft:whitemushroomseedItem,白蘑菇孢子,false
seedWintersquash,1xitem.wintersquashseedItem@0,harvestcraft:wintersquashseedItem,冬南瓜种子,false
seedZucchini,1xitem.zucchiniseedItem@0,harvestcraft:zucchiniseedItem,西葫芦种子,false
shardPrismarine,1xitem.manaResource@10,Botania:manaResource,海晶碎片,false
sheetPlastic,1xitem.mfr.plastic.sheet@0,MineFactoryReloaded:plastic.sheet,塑料片,false
slabAluminum,1xtile.ImmersiveEngineering.storageSlab@1,ImmersiveEngineering:storageSlab,铝台阶,false
slabBricks,1xtile.stoneSlab@4,minecraft:stone_slab,砖台阶,false
slabCloth,1xtile.cloth@32767,TConstruct:WoolSlab1,(wildcard),true
slabCloth,1xtile.cloth@32767,TConstruct:WoolSlab2,(wildcard),true
slabCobblestone,1xtile.stoneSlab@3,minecraft:stone_slab,圆石台阶,false
slabConstantan,1xtile.ImmersiveEngineering.storageSlab@5,ImmersiveEngineering:storageSlab,康铜台阶,false
slabCopper,1xtile.ImmersiveEngineering.storageSlab@0,ImmersiveEngineering:storageSlab,铜台阶,false
slabElectrum,1xtile.ImmersiveEngineering.storageSlab@6,ImmersiveEngineering:storageSlab,琥珀金台阶,false
slabLead,1xtile.ImmersiveEngineering.storageSlab@2,ImmersiveEngineering:storageSlab,铅台阶,false
slabNetherBrick,1xtile.stoneSlab@6,minecraft:stone_slab,地狱砖台阶,false
slabNickel,1xtile.ImmersiveEngineering.storageSlab@4,ImmersiveEngineering:storageSlab,镍台阶,false
slabQuartz,1xtile.stoneSlab@7,minecraft:stone_slab,石英台阶,false
slabSandstone,1xtile.stoneSlab@1,minecraft:stone_slab,沙石台阶,false
slabSilver,1xtile.ImmersiveEngineering.storageSlab@3,ImmersiveEngineering:storageSlab,银台阶,false
slabSteel,1xtile.ImmersiveEngineering.storageSlab@7,ImmersiveEngineering:storageSlab,钢台阶,false
slabStone,1xtile.stoneSlab@0,minecraft:stone_slab,石台阶,false
slabStoneBricks,1xtile.stoneSlab@5,minecraft:stone_slab,石砖台阶,false
slabTreatedWood,1xtile.ImmersiveEngineering.woodenDecoration@2,ImmersiveEngineering:woodenDecoration,防腐木台阶,false
slabWood,1xtile.woodSlab@32767,minecraft:wooden_slab,(wildcard),true
slabWoodAcacia,1xtile.woodSlab@4,minecraft:wooden_slab,金合欢木台阶,false
slabWoodBirch,1xtile.woodSlab@2,minecraft:wooden_slab,桦木台阶,false
slabWoodDarkOak,1xtile.woodSlab@5,minecraft:wooden_slab,深色橡木台阶,false
slabWoodJungle,1xtile.woodSlab@3,minecraft:wooden_slab,丛林台阶,false
slabWoodOak,1xtile.woodSlab@0,minecraft:wooden_slab,橡木台阶,false
slabWoodSpruce,1xtile.woodSlab@1,minecraft:wooden_slab,云杉台阶,false
slimeRod,1xitem.tconstruct.ToolRod@8,TConstruct:toolRod,史莱姆手柄,false
slimeball,1xitem.slimeball@0,minecraft:slime_ball,粘液球,false
slimeball,1xitem.mfr.pinkslime@0,MineFactoryReloaded:pinkslime,粉色粘液球,false
slimeball,1xitem.tconstruct.strangefood@0,TConstruct:strangeFood,胶状黏液,false
slimeball,1xitem.tconstruct.strangefood@1,TConstruct:strangeFood,凝血,false
slimeball,1xitem.tconstruct.Materials@36,TConstruct:materials,凝胶球,false
slimeballPink,1xitem.mfr.pinkslime@0,MineFactoryReloaded:pinkslime,粉色粘液球,false
snowBall,1xitem.snowball@0,minecraft:snowball,雪球,false
snowLayer,1xtile.snow@0,minecraft:snow_layer,雪,false
soulSand,1xtile.hellsand@0,minecraft:soul_sand,灵魂沙,false
soulsand,1xtile.extrautils:color_hellsand@0,ExtraUtilities:color_hellsand,染色 灵魂沙（白色）,false
soulsand,1xtile.extrautils:color_hellsand@1,ExtraUtilities:color_hellsand,染色 灵魂沙（橙色）,false
soulsand,1xtile.extrautils:color_hellsand@2,ExtraUtilities:color_hellsand,染色 灵魂沙（品红色）,false
soulsand,1xtile.extrautils:color_hellsand@3,ExtraUtilities:color_hellsand,染色 灵魂沙（淡蓝色）,false
soulsand,1xtile.extrautils:color_hellsand@4,ExtraUtilities:color_hellsand,染色 灵魂沙（黄色）,false
soulsand,1xtile.extrautils:color_hellsand@5,ExtraUtilities:color_hellsand,染色 灵魂沙（黄绿色）,false
soulsand,1xtile.extrautils:color_hellsand@6,ExtraUtilities:color_hellsand,染色 灵魂沙（粉色）,false
soulsand,1xtile.extrautils:color_hellsand@7,ExtraUtilities:color_hellsand,染色 灵魂沙（灰色）,false
soulsand,1xtile.extrautils:color_hellsand@8,ExtraUtilities:color_hellsand,染色 灵魂沙（淡灰色）,false
soulsand,1xtile.extrautils:color_hellsand@9,ExtraUtilities:color_hellsand,染色 灵魂沙（青色）,false
soulsand,1xtile.extrautils:color_hellsand@10,ExtraUtilities:color_hellsand,染色 灵魂沙（紫色）,false
soulsand,1xtile.extrautils:color_hellsand@11,ExtraUtilities:color_hellsand,染色 灵魂沙（蓝色）,false
soulsand,1xtile.extrautils:color_hellsand@12,ExtraUtilities:color_hellsand,染色 灵魂沙（棕色）,false
soulsand,1xtile.extrautils:color_hellsand@13,ExtraUtilities:color_hellsand,染色 灵魂沙（绿色）,false
soulsand,1xtile.extrautils:color_hellsand@14,ExtraUtilities:color_hellsand,染色 灵魂沙（红色）,false
soulsand,1xtile.extrautils:color_hellsand@15,ExtraUtilities:color_hellsand,染色 灵魂沙（黑色）,false
soulsandBlack,1xtile.extrautils:color_hellsand@0,ExtraUtilities:color_hellsand,染色 灵魂沙（白色）,false
soulsandBlue,1xtile.extrautils:color_hellsand@4,ExtraUtilities:color_hellsand,染色 灵魂沙（黄色）,false
soulsandBrown,1xtile.extrautils:color_hellsand@3,ExtraUtilities:color_hellsand,染色 灵魂沙（淡蓝色）,false
soulsandCyan,1xtile.extrautils:color_hellsand@6,ExtraUtilities:color_hellsand,染色 灵魂沙（粉色）,false
soulsandGray,1xtile.extrautils:color_hellsand@8,ExtraUtilities:color_hellsand,染色 灵魂沙（淡灰色）,false
soulsandGreen,1xtile.extrautils:color_hellsand@2,ExtraUtilities:color_hellsand,染色 灵魂沙（品红色）,false
soulsandLightBlue,1xtile.extrautils:color_hellsand@12,ExtraUtilities:color_hellsand,染色 灵魂沙（棕色）,false
soulsandLightGray,1xtile.extrautils:color_hellsand@7,ExtraUtilities:color_hellsand,染色 灵魂沙（灰色）,false
soulsandLime,1xtile.extrautils:color_hellsand@10,ExtraUtilities:color_hellsand,染色 灵魂沙（紫色）,false
soulsandMagenta,1xtile.extrautils:color_hellsand@13,ExtraUtilities:color_hellsand,染色 灵魂沙（绿色）,false
soulsandOrange,1xtile.extrautils:color_hellsand@14,ExtraUtilities:color_hellsand,染色 灵魂沙（红色）,false
soulsandPink,1xtile.extrautils:color_hellsand@9,ExtraUtilities:color_hellsand,染色 灵魂沙（青色）,false
soulsandPurple,1xtile.extrautils:color_hellsand@5,ExtraUtilities:color_hellsand,染色 灵魂沙（黄绿色）,false
soulsandRed,1xtile.extrautils:color_hellsand@1,ExtraUtilities:color_hellsand,染色 灵魂沙（橙色）,false
soulsandWhite,1xtile.extrautils:color_hellsand@15,ExtraUtilities:color_hellsand,染色 灵魂沙（黑色）,false
soulsandYellow,1xtile.extrautils:color_hellsand@11,ExtraUtilities:color_hellsand,染色 灵魂沙（蓝色）,false
stainedClayBlack,1xtile.clayHardenedStained@15,minecraft:stained_hardened_clay,黑色染色粘土,false
stainedClayBlue,1xtile.clayHardenedStained@11,minecraft:stained_hardened_clay,蓝色染色粘土,false
stainedClayBrown,1xtile.clayHardenedStained@12,minecraft:stained_hardened_clay,棕色染色粘土,false
stainedClayCyan,1xtile.clayHardenedStained@9,minecraft:stained_hardened_clay,青色染色粘土,false
stainedClayGray,1xtile.clayHardenedStained@7,minecraft:stained_hardened_clay,灰色染色粘土,false
stainedClayGreen,1xtile.clayHardenedStained@13,minecraft:stained_hardened_clay,绿色染色粘土,false
stainedClayLightBlue,1xtile.clayHardenedStained@3,minecraft:stained_hardened_clay,淡蓝色染色粘土,false
stainedClayLightGray,1xtile.clayHardenedStained@8,minecraft:stained_hardened_clay,淡灰色染色粘土,false
stainedClayLime,1xtile.clayHardenedStained@5,minecraft:stained_hardened_clay,黄绿色染色粘土,false
stainedClayMagenta,1xtile.clayHardenedStained@2,minecraft:stained_hardened_clay,品红色染色粘土,false
stainedClayOrange,1xtile.clayHardenedStained@1,minecraft:stained_hardened_clay,橙色染色粘土,false
stainedClayPink,1xtile.clayHardenedStained@6,minecraft:stained_hardened_clay,粉色染色粘土,false
stainedClayPurple,1xtile.clayHardenedStained@10,minecraft:stained_hardened_clay,紫色染色粘土,false
stainedClayRed,1xtile.clayHardenedStained@14,minecraft:stained_hardened_clay,红色染色粘土,false
stainedClayWhite,1xtile.clayHardenedStained@0,minecraft:stained_hardened_clay,白色染色粘土,false
stainedClayYellow,1xtile.clayHardenedStained@4,minecraft:stained_hardened_clay,黄色染色粘土,false
stainedGlassBlack,1xtile.stainedGlass@15,minecraft:stained_glass,黑色染色玻璃,false
stainedGlassBlue,1xtile.stainedGlass@11,minecraft:stained_glass,蓝色染色玻璃,false
stainedGlassBrown,1xtile.stainedGlass@12,minecraft:stained_glass,棕色染色玻璃,false
stainedGlassCyan,1xtile.stainedGlass@9,minecraft:stained_glass,青色染色玻璃,false
stainedGlassGray,1xtile.stainedGlass@7,minecraft:stained_glass,灰色染色玻璃,false
stainedGlassGreen,1xtile.stainedGlass@13,minecraft:stained_glass,绿色染色玻璃,false
stainedGlassLightBlue,1xtile.stainedGlass@3,minecraft:stained_glass,淡蓝色染色玻璃,false
stainedGlassLightGray,1xtile.stainedGlass@8,minecraft:stained_glass,淡灰色染色玻璃,false
stainedGlassLime,1xtile.stainedGlass@5,minecraft:stained_glass,黄绿色染色玻璃,false
stainedGlassMagenta,1xtile.stainedGlass@2,minecraft:stained_glass,品红色染色玻璃,false
stainedGlassOrange,1xtile.stainedGlass@1,minecraft:stained_glass,橙色染色玻璃,false
stainedGlassPaneBlack,1xtile.thinStainedGlass@15,minecraft:stained_glass_pane,黑色染色玻璃板,false
stainedGlassPaneBlue,1xtile.thinStainedGlass@11,minecraft:stained_glass_pane,蓝色染色玻璃板,false
stainedGlassPaneBrown,1xtile.thinStainedGlass@12,minecraft:stained_glass_pane,棕色染色玻璃板,false
stainedGlassPaneCyan,1xtile.thinStainedGlass@9,minecraft:stained_glass_pane,青色染色玻璃板,false
stainedGlassPaneGray,1xtile.thinStainedGlass@7,minecraft:stained_glass_pane,灰色染色玻璃板,false
stainedGlassPaneGreen,1xtile.thinStainedGlass@13,minecraft:stained_glass_pane,绿色染色玻璃板,false
stainedGlassPaneLightBlue,1xtile.thinStainedGlass@3,minecraft:stained_glass_pane,淡蓝色染色玻璃板,false
stainedGlassPaneLightGray,1xtile.thinStainedGlass@8,minecraft:stained_glass_pane,淡灰色染色玻璃板,false
stainedGlassPaneLime,1xtile.thinStainedGlass@5,minecraft:stained_glass_pane,黄绿色染色玻璃板,false
stainedGlassPaneMagenta,1xtile.thinStainedGlass@2,minecraft:stained_glass_pane,品红色染色玻璃板,false
stainedGlassPaneOrange,1xtile.thinStainedGlass@1,minecraft:stained_glass_pane,橙色染色玻璃板,false
stainedGlassPanePink,1xtile.thinStainedGlass@6,minecraft:stained_glass_pane,粉红色染色玻璃板,false
stainedGlassPanePurple,1xtile.thinStainedGlass@10,minecraft:stained_glass_pane,紫色染色玻璃板,false
stainedGlassPaneRed,1xtile.thinStainedGlass@14,minecraft:stained_glass_pane,红色染色玻璃板,false
stainedGlassPaneWhite,1xtile.thinStainedGlass@0,minecraft:stained_glass_pane,白色染色玻璃板,false
stainedGlassPaneYellow,1xtile.thinStainedGlass@4,minecraft:stained_glass_pane,黄色染色玻璃板,false
stainedGlassPink,1xtile.stainedGlass@6,minecraft:stained_glass,粉红色染色玻璃,false
stainedGlassPurple,1xtile.stainedGlass@10,minecraft:stained_glass,紫色染色玻璃,false
stainedGlassRed,1xtile.stainedGlass@14,minecraft:stained_glass,红色染色玻璃,false
stainedGlassWhite,1xtile.stainedGlass@0,minecraft:stained_glass,白色染色玻璃,false
stainedGlassYellow,1xtile.stainedGlass@4,minecraft:stained_glass,黄色染色玻璃,false
stairWood,1xtile.stairsWood@0,minecraft:oak_stairs,橡木楼梯,false
stairWood,1xtile.stairsWoodSpruce@0,minecraft:spruce_stairs,云杉木楼梯,false
stairWood,1xtile.stairsWoodBirch@0,minecraft:birch_stairs,桦木楼梯,false
stairWood,1xtile.stairsWoodJungle@0,minecraft:jungle_stairs,丛林木楼梯,false
stairWood,1xtile.stairsWoodAcacia@0,minecraft:acacia_stairs,金合欢木楼梯,false
stairWood,1xtile.stairsWoodDarkOak@0,minecraft:dark_oak_stairs,深色橡木楼梯,false
steelRod,1xitem.tconstruct.ToolRod@16,TConstruct:toolRod,钢手柄,false
stickAluminum,1xitem.ImmersiveEngineering.material@16,ImmersiveEngineering:material,铝杆,false
stickIron,1xitem.ImmersiveEngineering.material@14,ImmersiveEngineering:material,铁杆,false
stickSteel,1xitem.ImmersiveEngineering.material@15,ImmersiveEngineering:material,钢杆,false
stickWood,1xitem.stick@0,minecraft:stick,木棍,false
stone,1xtile.stone@0,minecraft:stone,石头,false
stone,1xtile.extrautils:color_stone@0,ExtraUtilities:color_stone,染色 石头（白色）,false
stone,1xtile.extrautils:color_stone@1,ExtraUtilities:color_stone,染色 石头（橙色）,false
stone,1xtile.extrautils:color_stone@2,ExtraUtilities:color_stone,染色 石头（品红色）,false
stone,1xtile.extrautils:color_stone@3,ExtraUtilities:color_stone,染色 石头（淡蓝色）,false
stone,1xtile.extrautils:color_stone@4,ExtraUtilities:color_stone,染色 石头（黄色）,false
stone,1xtile.extrautils:color_stone@5,ExtraUtilities:color_stone,染色 石头（黄绿色）,false
stone,1xtile.extrautils:color_stone@6,ExtraUtilities:color_stone,染色 石头（粉色）,false
stone,1xtile.extrautils:color_stone@7,ExtraUtilities:color_stone,染色 石头（灰色）,false
stone,1xtile.extrautils:color_stone@8,ExtraUtilities:color_stone,染色 石头（淡灰色）,false
stone,1xtile.extrautils:color_stone@9,ExtraUtilities:color_stone,染色 石头（青色）,false
stone,1xtile.extrautils:color_stone@10,ExtraUtilities:color_stone,染色 石头（紫色）,false
stone,1xtile.extrautils:color_stone@11,ExtraUtilities:color_stone,染色 石头（蓝色）,false
stone,1xtile.extrautils:color_stone@12,ExtraUtilities:color_stone,染色 石头（棕色）,false
stone,1xtile.extrautils:color_stone@13,ExtraUtilities:color_stone,染色 石头（绿色）,false
stone,1xtile.extrautils:color_stone@14,ExtraUtilities:color_stone,染色 石头（红色）,false
stone,1xtile.extrautils:color_stone@15,ExtraUtilities:color_stone,染色 石头（黑色）,false
stone,1xtile.mfr.decorative.stone@0,MineFactoryReloaded:stone,光滑黑岩,false
stone,1xtile.mfr.decorative.stone@1,MineFactoryReloaded:stone,光滑白岩,false
stoneAndesite,1xtile.stone@0,Botania:stone,安山岩,false
stoneAndesite,1xtile.chisel.andesite@0,chisel:andesite,安山岩,false
stoneAndesiteBricks,1xtile.stone@8,Botania:stone,安山岩砖,false
stoneAndesiteChiseled,1xtile.stone@12,Botania:stone,錾制安山岩砖,false
stoneAndesitePolished,1xtile.stone@4,Botania:stone,抛光安山岩,false
stoneBasalt,1xtile.stone@1,Botania:stone,玄武岩,false
stoneBasaltBricks,1xtile.stone@9,Botania:stone,玄武岩砖,false
stoneBasaltChiseled,1xtile.stone@13,Botania:stone,錾制玄武岩砖,false
stoneBasaltPolished,1xtile.stone@5,Botania:stone,抛光玄武岩,false
stoneBlack,1xtile.extrautils:color_stone@0,ExtraUtilities:color_stone,染色 石头（白色）,false
stoneBlue,1xtile.extrautils:color_stone@4,ExtraUtilities:color_stone,染色 石头（黄色）,false
stoneBrown,1xtile.extrautils:color_stone@3,ExtraUtilities:color_stone,染色 石头（淡蓝色）,false
stoneCyan,1xtile.extrautils:color_stone@6,ExtraUtilities:color_stone,染色 石头（粉色）,false
stoneDiorite,1xtile.stone@2,Botania:stone,闪长岩,false
stoneDiorite,1xtile.chisel.diorite@0,chisel:diorite,闪长岩,false
stoneDioriteBricks,1xtile.stone@10,Botania:stone,闪长岩砖,false
stoneDioriteChiseled,1xtile.stone@14,Botania:stone,錾制闪长岩砖,false
stoneDioritePolished,1xtile.stone@6,Botania:stone,抛光闪长岩,false
stoneGranite,1xtile.stone@3,Botania:stone,花岗岩,false
stoneGranite,1xtile.chisel.granite@0,chisel:granite,花岗岩,false
stoneGraniteBricks,1xtile.stone@11,Botania:stone,花岗岩砖,false
stoneGraniteChiseled,1xtile.stone@15,Botania:stone,錾制花岗岩砖,false
stoneGranitePolished,1xtile.stone@7,Botania:stone,抛光花岗岩,false
stoneGray,1xtile.extrautils:color_stone@8,ExtraUtilities:color_stone,染色 石头（淡灰色）,false
stoneGreen,1xtile.extrautils:color_stone@2,ExtraUtilities:color_stone,染色 石头（品红色）,false
stoneLightBlue,1xtile.extrautils:color_stone@12,ExtraUtilities:color_stone,染色 石头（棕色）,false
stoneLightGray,1xtile.extrautils:color_stone@7,ExtraUtilities:color_stone,染色 石头（灰色）,false
stoneLime,1xtile.extrautils:color_stone@10,ExtraUtilities:color_stone,染色 石头（紫色）,false
stoneMagenta,1xtile.extrautils:color_stone@13,ExtraUtilities:color_stone,染色 石头（绿色）,false
stoneMossy,1xtile.stonebricksmooth@1,minecraft:stonebrick,苔石砖,false
stoneMossy,1xtile.stoneMoss@0,minecraft:mossy_cobblestone,苔石,false
stoneOrange,1xtile.extrautils:color_stone@14,ExtraUtilities:color_stone,染色 石头（红色）,false
stonePink,1xtile.extrautils:color_stone@9,ExtraUtilities:color_stone,染色 石头（青色）,false
stonePurple,1xtile.extrautils:color_stone@5,ExtraUtilities:color_stone,染色 石头（黄绿色）,false
stoneRed,1xtile.extrautils:color_stone@1,ExtraUtilities:color_stone,染色 石头（橙色）,false
stoneRod,1xitem.tconstruct.ToolRod@1,TConstruct:toolRod,石手柄,false
stoneWhite,1xtile.extrautils:color_stone@15,ExtraUtilities:color_stone,染色 石头（黑色）,false
stoneYellow,1xtile.extrautils:color_stone@11,ExtraUtilities:color_stone,染色 石头（蓝色）,false
tconstructPartBuilder,1xtile.ToolStation@1,TConstruct:ToolStationBlock,部件加工台,false
tconstructPartBuilder,1xtile.ToolStation@2,TConstruct:ToolStationBlock,部件加工台,false
tconstructPartBuilder,1xtile.ToolStation@3,TConstruct:ToolStationBlock,部件加工台,false
tconstructPartBuilder,1xtile.ToolStation@4,TConstruct:ToolStationBlock,部件加工台,false
tconstructPatternChest,1xtile.ToolStation@5,TConstruct:ToolStationBlock,模具箱,false
tconstructStencilTable,1xtile.ToolStation@10,TConstruct:ToolStationBlock,模具加工台,false
tconstructStencilTable,1xtile.ToolStation@11,TConstruct:ToolStationBlock,模具加工台,false
tconstructStencilTable,1xtile.ToolStation@12,TConstruct:ToolStationBlock,模具加工台,false
tconstructStencilTable,1xtile.ToolStation@13,TConstruct:ToolStationBlock,模具加工台,false
tconstructToolStation,1xtile.ToolStation@0,TConstruct:ToolStationBlock,工具组装台,false
thaumiumRod,1xitem.tconstruct.ToolRod@31,TConstruct:toolRod,木手柄,false
thermalexpansion:machineBronze,1xitem.thermalfoundation.material@137,ThermalFoundation:material,青铜齿轮,false
thermalexpansion:machineCopper,1xitem.thermalfoundation.material@128,ThermalFoundation:material,铜齿轮,false
thermalexpansion:machineElectrum,1xitem.thermalfoundation.material@135,ThermalFoundation:material,琥珀金齿轮,false
thermalexpansion:machineEnderium,1xitem.thermalfoundation.material@140,ThermalFoundation:material,末影齿轮,false
thermalexpansion:machineFrame,1xtile.thermalexpansion.frame@0,ThermalExpansion:Frame,机器框架(基础),false
thermalexpansion:machineFrame,1xtile.thermalexpansion.frame@1,ThermalExpansion:Frame,机器框架(硬化),false
thermalexpansion:machineFrame,1xtile.thermalexpansion.frame@2,ThermalExpansion:Frame,机器框架(强化),false
thermalexpansion:machineFrame,1xtile.thermalexpansion.frame@3,ThermalExpansion:Frame,机器框架(谐振),false
thermalexpansion:machineGold,1xitem.thermalfoundation.material@13,ThermalFoundation:material,金齿轮,false
thermalexpansion:machineInvar,1xitem.thermalfoundation.material@136,ThermalFoundation:material,因瓦合金齿轮,false
thermalexpansion:machineIron,1xitem.thermalfoundation.material@12,ThermalFoundation:material,铁齿轮,false
thermalexpansion:machineLead,1xitem.thermalfoundation.material@131,ThermalFoundation:material,铅齿轮,false
thermalexpansion:machineLumium,1xitem.thermalfoundation.material@139,ThermalFoundation:material,流明齿轮,false
thermalexpansion:machineMithril,1xitem.thermalfoundation.material@134,ThermalFoundation:material,蕴魔秘银齿轮,false
thermalexpansion:machineNickel,1xitem.thermalfoundation.material@132,ThermalFoundation:material,镍齿轮,false
thermalexpansion:machinePlatinum,1xitem.thermalfoundation.material@133,ThermalFoundation:material,铂齿轮,false
thermalexpansion:machineSignalum,1xitem.thermalfoundation.material@138,ThermalFoundation:material,信素齿轮,false
thermalexpansion:machineSilver,1xitem.thermalfoundation.material@130,ThermalFoundation:material,银齿轮,false
thermalexpansion:machineTin,1xitem.thermalfoundation.material@129,ThermalFoundation:material,锡齿轮,false
toolBakeware,1xitem.bakewareItem@0,harvestcraft:bakewareItem,烤盘,false
toolCuttingboard,1xitem.cuttingboardItem@0,harvestcraft:cuttingboardItem,切肉板,false
toolJuicer,1xitem.juicerItem@0,harvestcraft:juicerItem,榨汁机,false
toolMixingbowl,1xitem.mixingbowlItem@0,harvestcraft:mixingbowlItem,搅拌钵,false
toolMortarandpestle,1xitem.mortarandpestleItem@0,harvestcraft:mortarandpestleItem,研钵及研杵,false
toolPot,1xitem.potItem@0,harvestcraft:potItem,罐,false
toolSaucepan,1xitem.saucepanItem@0,harvestcraft:saucepanItem,炖锅,false
toolSkillet,1xitem.skilletItem@0,harvestcraft:skilletItem,平底锅,false
torchStone,1xtile.decoration.stonetorch@0,TConstruct:decoration.stonetorch,石柄火把,false
transdimBlock,1xtile.enderChest@0,minecraft:ender_chest,私人末影箱子,false
transdimBlock,1xtile.enderchest@32767,EnderStorage:enderChest,(wildcard),true
trapdoorWood,1xtile.trapdoor@0,minecraft:trapdoor,活板门,false
treatedStick,1xitem.ImmersiveEngineering.material@0,ImmersiveEngineering:material,防腐木棍,false
treeLeaves,1xtile.leaves@32767,minecraft:leaves,(wildcard),true
treeLeaves,1xtile.leaves@32767,minecraft:leaves2,(wildcard),true
treeSapling,1xtile.sapling@32767,minecraft:sapling,(wildcard),true
treeSapling,1xtile.mfr.rubberwood.sapling@0,MineFactoryReloaded:rubberwood.sapling,橡胶树树苗,false
turbineBearing,1xtile.blockTurbinePart.0@4,BigReactors:BRTurbinePart,涡轮机转子轴承,false
turbineController,1xtile.blockTurbinePart.0@1,BigReactors:BRTurbinePart,涡轮机控制器,false
turbineFluidPort,1xtile.blockTurbinePart.0@3,BigReactors:BRTurbinePart,涡轮机液体端口,false
turbineHousing,1xtile.blockTurbinePart.0@0,BigReactors:BRTurbinePart,涡轮机外壳,false
turbinePowerTap,1xtile.blockTurbinePart.0@2,BigReactors:BRTurbinePart,涡轮机能量端口,false
turbineRotorBlade,1xtile.blockTurbineRotorPart.0@1,BigReactors:BRTurbineRotorPart,涡轮机叶片,false
turbineRotorShaft,1xtile.blockTurbineRotorPart.0@0,BigReactors:BRTurbineRotorPart,涡轮机转轴,false
tyrian,1xtile.chisel.tyrian@0,chisel:tyrian,未来风格金属块,false
veggieBait,1xitem.veggiebaitItem@0,harvestcraft:veggiebaitItem,蔬菜诱饵,false
whiteStone,1xtile.whiteStone@0,minecraft:end_stone,末地石,false
wireExplosive,1xtile.mfr.detcord@0,MineFactoryReloaded:detcord,引爆线圈,false
woodRod,1xitem.tconstruct.ToolRod@0,TConstruct:toolRod,木手柄,false
woodRubber,1xtile.mfr.rubberwood.log@0,MineFactoryReloaded:rubberwood.log,橡胶木,false
woodStick,1xitem.stick@0,minecraft:stick,木棍,false
zivicioMaterial,1xitem.CobaltEssence@0,magicalcrops:CobaltEssence,钴原质,false
zivicioMaterial,1xitem.PlatinumEssence@0,magicalcrops:PlatinumEssence,铂原质,false
zivicioMaterial,1xitem.EnderiumEssence@0,magicalcrops:EnderiumEssence,末影锭原质,false
zivicioMaterial,1xitem.ManyullynEssence@0,magicalcrops:ManyullynEssence,玛灵玉原质,false
zivicioMaterial,1xitem.TerrasteelEssence@0,magicalcrops:TerrasteelEssence,Terrasteel原质,false
zivicioMaterial,1xitem.DraconiumEssence@0,magicalcrops:DraconiumEssence,龙原质,false
zivicioMaterial,1xitem.DiamondEssence@0,magicalcrops:DiamondEssence,钻石原质,false
zivicioMaterial,1xitem.EmeraldEssence@0,magicalcrops:EmeraldEssence,翡翠原质,false
zivicioMaterial,1xitem.WitherEssence@0,magicalcrops:WitherEssence,凋零原质,false
